date,fund,ticker,weight
2021-01-04,combined_min_var,ABBV,0.16312156274339215
2021-02-03,combined_min_var,ABBV,0.14731634258324675
2021-03-05,combined_min_var,ABBV,0.141223722752397
2021-04-06,combined_min_var,ABBV,0.10710673686933032
2021-05-05,combined_min_var,ABBV,0.08033544792106537
2021-06-04,combined_min_var,ABBV,0.049137604019410586
2021-07-06,combined_min_var,ABBV,0.040263533321938876
2021-08-04,combined_min_var,ABBV,0.03122409488213536
2021-09-02,combined_min_var,ABBV,0.020720090306973075
2021-11-02,combined_min_var,ABBV,0.00011540217270279426
2021-12-02,combined_min_var,ABBV,0.03393944006830389
2022-01-03,combined_min_var,ABBV,0.021795227905022252
2022-02-02,combined_min_var,ABBV,0.04909581813286257
2022-03-04,combined_min_var,ABBV,0.04079423803767492
2022-04-04,combined_min_var,ABBV,0.03769348173027869
2022-05-04,combined_min_var,ABBV,0.02276182368506345
2022-06-03,combined_min_var,ABBV,0.06312788756831138
2022-07-06,combined_min_var,ABBV,0.050579701476261944
2022-08-04,combined_min_var,ABBV,0.059124795677878594
2022-09-02,combined_min_var,ABBV,0.060412502181187405
2022-10-04,combined_min_var,ABBV,0.06289461164614368
2022-11-02,combined_min_var,ABBV,0.08748634055564614
2022-12-02,combined_min_var,ABBV,0.061213453596461916
2023-01-04,combined_min_var,ABBV,0.0774990128170128
2023-02-03,combined_min_var,ABBV,0.06507750118574089
2023-03-07,combined_min_var,ABBV,0.05489615819877875
2023-04-05,combined_min_var,ABBV,0.059292910440346
2023-05-05,combined_min_var,ABBV,0.10112018374184878
2023-06-06,combined_min_var,ABBV,0.05342592050618746
2023-07-07,combined_min_var,ABBV,0.08412836274744785
2023-08-07,combined_min_var,ABBV,0.08368971462120937
2023-09-06,combined_min_var,ABBV,0.07926572099523709
2023-10-05,combined_min_var,ABBV,0.09684017487846246
2023-11-03,combined_min_var,ABBV,0.07961172268830312
2023-12-05,combined_min_var,ABBV,0.09157779681216145
2021-03-05,combined_min_var,ABT,1.2575419022071086e-17
2021-05-05,combined_min_var,ABT,6.742328937759084e-18
2021-07-06,combined_min_var,ABT,2.049244323745729e-17
2021-08-04,combined_min_var,ABT,0.006736799726482037
2021-09-02,combined_min_var,ABT,0.002220742185184016
2021-10-04,combined_min_var,ABT,0.039471551329250266
2021-11-02,combined_min_var,ABT,0.05493488524897473
2021-12-02,combined_min_var,ABT,0.08294243568770268
2022-01-03,combined_min_var,ABT,0.06922488011945646
2022-02-02,combined_min_var,ABT,0.02631738260029906
2022-03-04,combined_min_var,ABT,0.013464033866514397
2022-04-04,combined_min_var,ABT,6.0061850462926096e-05
2022-05-04,combined_min_var,ABT,4.808728110226964e-18
2022-07-06,combined_min_var,ABT,9.412295846952662e-18
2022-10-04,combined_min_var,ABT,6.063208745300478e-18
2022-12-02,combined_min_var,ABT,2.809560267964479e-18
2023-01-04,combined_min_var,ABT,1.6032832722384727e-17
2023-03-07,combined_min_var,ABT,7.335681974034739e-18
2023-04-05,combined_min_var,ABT,1.0943479089829394e-17
2023-07-07,combined_min_var,ABT,8.39967099648076e-18
2023-08-07,combined_min_var,ABT,8.79391302739129e-18
2023-12-05,combined_min_var,ABT,0.015886409433368782
2021-02-03,combined_min_var,ADBE,2.3767690865969334e-17
2021-03-05,combined_min_var,ADBE,1.7683358187648594e-18
2021-04-06,combined_min_var,ADBE,8.260729340933481e-18
2021-05-05,combined_min_var,ADBE,2.052899341994558e-18
2021-06-04,combined_min_var,ADBE,4.396427204854751e-18
2021-08-04,combined_min_var,ADBE,1.4378528940758565e-17
2021-09-02,combined_min_var,ADBE,2.0199784495596195e-18
2021-10-04,combined_min_var,ADBE,8.983441913622533e-18
2022-01-03,combined_min_var,ADBE,0.011226042323288082
2022-02-02,combined_min_var,ADBE,0.010265232496254387
2022-03-04,combined_min_var,ADBE,0.015418294388258019
2022-04-04,combined_min_var,ADBE,0.008432303319181097
2022-05-04,combined_min_var,ADBE,0.015270363185039063
2022-07-06,combined_min_var,ADBE,1.2064304969511217e-18
2022-08-04,combined_min_var,ADBE,3.89760960728723e-18
2022-11-02,combined_min_var,ADBE,6.7594037470266035e-18
2023-01-04,combined_min_var,ADBE,5.809080784078985e-18
2023-03-07,combined_min_var,ADBE,7.883899342746052e-18
2023-08-07,combined_min_var,ADBE,1.2589714845429362e-17
2021-02-03,combined_min_var,AEP,7.776258816249992e-17
2021-03-05,combined_min_var,AEP,5.00590436217393e-17
2021-04-06,combined_min_var,AEP,0.012163587268285965
2021-05-05,combined_min_var,AEP,0.05674581014303665
2021-06-04,combined_min_var,AEP,0.09105756503667169
2021-07-06,combined_min_var,AEP,0.08084840090808922
2021-08-04,combined_min_var,AEP,0.0842151348729411
2021-09-02,combined_min_var,AEP,0.09193657137763156
2021-10-04,combined_min_var,AEP,0.06004636290105999
2021-11-02,combined_min_var,AEP,0.04945081394092285
2021-12-02,combined_min_var,AEP,0.04730956834307091
2022-01-03,combined_min_var,AEP,0.05578273246611377
2022-02-02,combined_min_var,AEP,0.04385596088760118
2022-03-04,combined_min_var,AEP,0.01126646056150133
2022-04-04,combined_min_var,AEP,0.01024443862212585
2022-06-03,combined_min_var,AEP,1.8450980366423785e-17
2022-08-04,combined_min_var,AEP,0.011533125950192501
2022-11-02,combined_min_var,AEP,1.5857852938087058e-17
2023-01-04,combined_min_var,AEP,1.62841756093989e-17
2023-04-05,combined_min_var,AEP,5.9805479558929775e-18
2023-05-05,combined_min_var,AEP,6.8624739556175644e-18
2023-07-07,combined_min_var,AEP,5.578135211509493e-21
2023-08-07,combined_min_var,AEP,6.531841736953494e-19
2023-09-06,combined_min_var,AEP,1.2399298802291898e-17
2023-10-05,combined_min_var,AEP,7.915338739661236e-18
2023-11-03,combined_min_var,AEP,8.794513778772707e-18
2021-04-06,combined_min_var,AMD,6.245413634692585e-18
2021-06-04,combined_min_var,AMD,2.2317286292153976e-18
2021-07-06,combined_min_var,AMD,0.0035957445363863855
2021-08-04,combined_min_var,AMD,0.0005570326825802508
2021-09-02,combined_min_var,AMD,0.009061793532384217
2021-10-04,combined_min_var,AMD,0.022619302244537388
2021-11-02,combined_min_var,AMD,0.03458360677593058
2021-12-02,combined_min_var,AMD,0.021549294566303504
2022-01-03,combined_min_var,AMD,0.022537522014482975
2022-02-02,combined_min_var,AMD,0.00663934478098866
2022-03-04,combined_min_var,AMD,2.9743137416986937e-18
2022-04-04,combined_min_var,AMD,8.219357032212003e-18
2022-07-06,combined_min_var,AMD,6.104988264654227e-18
2022-08-04,combined_min_var,AMD,6.8481007913846544e-18
2022-09-02,combined_min_var,AMD,2.924124873253214e-18
2022-12-02,combined_min_var,AMD,1.5191335285685468e-17
2023-02-03,combined_min_var,AMD,1.6828906453202647e-17
2023-03-07,combined_min_var,AMD,2.6127126311801037e-18
2023-05-05,combined_min_var,AMD,6.570653179322752e-18
2023-11-03,combined_min_var,AMD,0.0025398064855429348
2023-12-05,combined_min_var,AMD,0.006276115024866092
2021-02-03,combined_min_var,AMGN,2.473971139640974e-17
2021-03-05,combined_min_var,AMGN,1.8770362601112546e-17
2021-05-05,combined_min_var,AMGN,1.0782885014951803e-17
2021-07-06,combined_min_var,AMGN,2.3440617911322914e-18
2021-08-04,combined_min_var,AMGN,1.0266802620436599e-17
2021-10-04,combined_min_var,AMGN,5.040427466689661e-18
2022-05-04,combined_min_var,AMGN,0.008438153317066498
2022-06-03,combined_min_var,AMGN,0.03257926534088029
2022-07-06,combined_min_var,AMGN,0.07137381322498419
2022-08-04,combined_min_var,AMGN,0.07871335185727163
2022-09-02,combined_min_var,AMGN,0.13100941007778594
2022-10-04,combined_min_var,AMGN,0.1623208501857312
2022-11-02,combined_min_var,AMGN,0.1759242632946037
2022-12-02,combined_min_var,AMGN,0.16652048519584375
2023-01-04,combined_min_var,AMGN,0.1768993608063563
2023-02-03,combined_min_var,AMGN,0.17845962503708707
2023-03-07,combined_min_var,AMGN,0.21279728281117952
2023-04-05,combined_min_var,AMGN,0.18371272868789784
2023-05-05,combined_min_var,AMGN,0.13847936307734743
2023-06-06,combined_min_var,AMGN,0.06392541862447462
2023-07-07,combined_min_var,AMGN,0.006512105433550865
2023-08-07,combined_min_var,AMGN,0.02796630997879337
2023-09-06,combined_min_var,AMGN,0.03504894892787206
2023-10-05,combined_min_var,AMGN,0.0308201012862511
2023-11-03,combined_min_var,AMGN,0.027595811004931397
2023-12-05,combined_min_var,AMGN,0.008253005545875547
2021-01-04,combined_min_var,AMT,1.8146894792809105e-17
2021-02-03,combined_min_var,AMT,3.874814775865859e-17
2021-04-06,combined_min_var,AMT,4.600664543214835e-18
2021-06-04,combined_min_var,AMT,1.3902354473331493e-17
2021-07-06,combined_min_var,AMT,2.3232957525657535e-18
2021-08-04,combined_min_var,AMT,9.54971300414631e-18
2021-09-02,combined_min_var,AMT,4.491956387230751e-18
2021-11-02,combined_min_var,AMT,7.958343020343587e-18
2022-01-03,combined_min_var,AMT,6.2005780803127146e-18
2022-02-02,combined_min_var,AMT,1.5322818024941107e-17
2022-03-04,combined_min_var,AMT,1.6913952589822512e-18
2022-05-04,combined_min_var,AMT,2.3481649728981483e-18
2022-10-04,combined_min_var,AMT,5.9817752367735445e-18
2022-12-02,combined_min_var,AMT,1.8650913742361222e-18
2023-03-07,combined_min_var,AMT,6.8759097545818744e-18
2023-04-05,combined_min_var,AMT,6.5002738437589406e-18
2023-05-05,combined_min_var,AMT,6.505868238408068e-19
2023-06-06,combined_min_var,AMT,5.690556519554144e-18
2023-07-07,combined_min_var,AMT,5.0671978329603555e-18
2023-11-03,combined_min_var,AMT,1.323049679793198e-18
2021-01-04,combined_min_var,BA,1.7839749460378517e-17
2021-02-03,combined_min_var,BA,2.1528679373673015e-17
2021-03-05,combined_min_var,BA,5.561180678231462e-17
2021-04-06,combined_min_var,BA,1.986315283806415e-17
2021-05-05,combined_min_var,BA,1.7982289418563594e-18
2021-09-02,combined_min_var,BA,9.176017375751834e-18
2021-10-04,combined_min_var,BA,3.637714723038683e-18
2021-11-02,combined_min_var,BA,9.26804584075124e-18
2022-01-03,combined_min_var,BA,4.672015129159758e-19
2022-02-02,combined_min_var,BA,3.985939738204792e-18
2022-03-04,combined_min_var,BA,4.432410606290284e-18
2022-04-04,combined_min_var,BA,2.556388264144111e-18
2022-06-03,combined_min_var,BA,2.897957757075721e-18
2022-07-06,combined_min_var,BA,4.9193632718002135e-18
2022-09-02,combined_min_var,BA,7.551749307658695e-18
2022-10-04,combined_min_var,BA,1.6169257980632338e-18
2022-12-02,combined_min_var,BA,5.5938213072765474e-18
2023-01-04,combined_min_var,BA,4.564499586003314e-18
2023-02-03,combined_min_var,BA,1.6574601857162013e-18
2023-04-05,combined_min_var,BA,3.698431562710154e-18
2023-05-05,combined_min_var,BA,6.477714683572045e-18
2023-11-03,combined_min_var,BA,5.415026710139812e-18
2023-12-05,combined_min_var,BA,6.166178681121838e-18
2021-01-04,combined_min_var,CAT,2.633714816346176e-17
2021-02-03,combined_min_var,CAT,2.067948722046112e-17
2021-04-06,combined_min_var,CAT,6.775849624954352e-18
2021-06-04,combined_min_var,CAT,6.007953159651955e-19
2021-07-06,combined_min_var,CAT,1.4893043351143764e-17
2021-08-04,combined_min_var,CAT,0.0006871119512864007
2021-09-02,combined_min_var,CAT,0.001696753131920534
2021-11-02,combined_min_var,CAT,1.2152403970854487e-18
2022-01-03,combined_min_var,CAT,8.618136396130253e-18
2022-02-02,combined_min_var,CAT,0.022787409275780122
2022-03-04,combined_min_var,CAT,0.002726972621020109
2022-04-04,combined_min_var,CAT,0.03207534245046617
2022-05-04,combined_min_var,CAT,0.03605270907954242
2022-06-03,combined_min_var,CAT,0.01685344175307341
2022-07-06,combined_min_var,CAT,0.007038825356793611
2022-09-02,combined_min_var,CAT,1.1321116970449286e-17
2022-10-04,combined_min_var,CAT,4.1616771916846315e-18
2023-04-05,combined_min_var,CAT,5.844977533946143e-20
2023-08-07,combined_min_var,CAT,3.652873153064788e-18
2023-10-05,combined_min_var,CAT,4.919843193540096e-19
2021-02-03,combined_min_var,CCI,2.1616843548285373e-18
2021-03-05,combined_min_var,CCI,2.9245983490634456e-18
2021-07-06,combined_min_var,CCI,0.05283215004785934
2021-08-04,combined_min_var,CCI,0.06372649580110332
2021-09-02,combined_min_var,CCI,0.06577629991172822
2021-10-04,combined_min_var,CCI,0.09230021498454144
2021-11-02,combined_min_var,CCI,0.055047869638661054
2021-12-02,combined_min_var,CCI,0.004254262871822673
2022-03-04,combined_min_var,CCI,3.9950994892924865e-18
2022-07-06,combined_min_var,CCI,1.3417292779837658e-17
2022-08-04,combined_min_var,CCI,8.765963572263712e-18
2023-01-04,combined_min_var,CCI,9.19260368791203e-18
2023-04-05,combined_min_var,CCI,5.544730722966804e-18
2023-06-06,combined_min_var,CCI,5.907004870566443e-18
2023-09-06,combined_min_var,CCI,6.966193266703088e-18
2023-11-03,combined_min_var,CCI,8.632495249840307e-18
2023-12-05,combined_min_var,CCI,4.747846671659274e-19
2021-02-03,combined_min_var,CMCSA,3.318344075753665e-17
2021-04-06,combined_min_var,CMCSA,1.2051235708464517e-18
2021-06-04,combined_min_var,CMCSA,1.1666382780009163e-17
2021-07-06,combined_min_var,CMCSA,8.281874641416844e-19
2021-08-04,combined_min_var,CMCSA,6.637400280035529e-18
2022-02-02,combined_min_var,CMCSA,5.9977347897293675e-18
2022-03-04,combined_min_var,CMCSA,4.1242230598387122e-19
2022-05-04,combined_min_var,CMCSA,5.14258328938809e-18
2022-08-04,combined_min_var,CMCSA,3.2279273271000206e-19
2022-10-04,combined_min_var,CMCSA,1.4772310374876008e-19
2022-11-02,combined_min_var,CMCSA,1.0449756283186377e-18
2023-01-04,combined_min_var,CMCSA,3.4651855069598536e-18
2023-02-03,combined_min_var,CMCSA,1.0339391251901028e-17
2023-03-07,combined_min_var,CMCSA,2.6939859943673656e-18
2023-04-05,combined_min_var,CMCSA,1.492583416043795e-17
2023-06-06,combined_min_var,CMCSA,4.109592119036084e-18
2023-07-07,combined_min_var,CMCSA,1.1340907632748133e-18
2023-10-05,combined_min_var,CMCSA,0.006360686894635217
2023-11-03,combined_min_var,CMCSA,1.8499199865552502e-17
2021-03-05,combined_min_var,COP,1.5298997867947463e-17
2021-04-06,combined_min_var,COP,5.059951895283317e-18
2021-05-05,combined_min_var,COP,6.644512562663964e-18
2021-10-04,combined_min_var,COP,5.262489241914643e-18
2021-11-02,combined_min_var,COP,0.009535481171127926
2021-12-02,combined_min_var,COP,0.00751646448446643
2022-04-04,combined_min_var,COP,5.079609155428589e-19
2022-06-03,combined_min_var,COP,2.12325417856439e-18
2022-10-04,combined_min_var,COP,3.559497931356298e-18
2022-12-02,combined_min_var,COP,5.783001939822589e-18
2023-01-04,combined_min_var,COP,2.706885665124003e-18
2023-02-03,combined_min_var,COP,2.258139523145352e-18
2023-03-07,combined_min_var,COP,2.863010262115031e-17
2023-08-07,combined_min_var,COP,1.6298071624762883e-18
2023-09-06,combined_min_var,COP,5.478186946996183e-18
2023-12-05,combined_min_var,COP,9.503170027225309e-18
2021-01-04,combined_min_var,CVX,1.7476954873576602e-17
2021-02-03,combined_min_var,CVX,1.769603739155142e-17
2021-03-05,combined_min_var,CVX,5.850107574257854e-18
2021-04-06,combined_min_var,CVX,5.381932490550423e-19
2021-05-05,combined_min_var,CVX,1.2642186782382505e-18
2021-06-04,combined_min_var,CVX,5.3499073041774904e-18
2021-08-04,combined_min_var,CVX,3.5853494511554994e-18
2021-12-02,combined_min_var,CVX,0.019812169099072536
2022-01-03,combined_min_var,CVX,0.018080818758758034
2022-02-02,combined_min_var,CVX,0.06921380212575405
2022-03-04,combined_min_var,CVX,0.05405793922714327
2022-04-04,combined_min_var,CVX,0.08182648898454309
2022-05-04,combined_min_var,CVX,0.06733922439362662
2022-06-03,combined_min_var,CVX,0.036509333711918925
2022-07-06,combined_min_var,CVX,0.04511273168469183
2022-08-04,combined_min_var,CVX,0.053629412298983895
2022-09-02,combined_min_var,CVX,0.07937956972380147
2022-10-04,combined_min_var,CVX,0.06915304829024076
2022-11-02,combined_min_var,CVX,0.0707010779616173
2022-12-02,combined_min_var,CVX,0.06043761668111732
2023-01-04,combined_min_var,CVX,0.05380601164090783
2023-02-03,combined_min_var,CVX,0.05246813947741826
2023-03-07,combined_min_var,CVX,0.06176848741945765
2023-04-05,combined_min_var,CVX,0.0376738789533342
2023-05-05,combined_min_var,CVX,0.037112914813183746
2023-06-06,combined_min_var,CVX,0.03548042229022651
2023-07-07,combined_min_var,CVX,0.008422114464483117
2023-08-07,combined_min_var,CVX,0.007873018767192031
2023-09-06,combined_min_var,CVX,0.0010072398573019393
2023-10-05,combined_min_var,CVX,0.05255343508444361
2023-11-03,combined_min_var,CVX,0.04070095290998964
2023-12-05,combined_min_var,CVX,0.03221608275784831
2021-01-04,combined_min_var,D,1.0720509973288214e-17
2021-03-05,combined_min_var,D,3.049573052679314e-17
2021-04-06,combined_min_var,D,0.05972102835800952
2021-05-05,combined_min_var,D,0.08232436672066304
2021-06-04,combined_min_var,D,0.04946198929678803
2021-07-06,combined_min_var,D,0.022258960409224596
2021-11-02,combined_min_var,D,2.1212659686256144e-18
2021-12-02,combined_min_var,D,7.842013969222494e-18
2022-01-03,combined_min_var,D,6.1321995602354765e-18
2022-09-02,combined_min_var,D,4.963370245979347e-18
2022-11-02,combined_min_var,D,5.2547373607784375e-18
2022-12-02,combined_min_var,D,0.006333904539330186
2023-01-04,combined_min_var,D,0.018452779682926652
2023-02-03,combined_min_var,D,0.019172156911233126
2023-03-07,combined_min_var,D,0.008998823953401219
2023-04-05,combined_min_var,D,0.016441064427803624
2023-05-05,combined_min_var,D,9.095184983518001e-18
2023-06-06,combined_min_var,D,5.4701324830947295e-18
2023-07-07,combined_min_var,D,2.1833901658597312e-17
2023-09-06,combined_min_var,D,7.087531617306494e-18
2023-12-05,combined_min_var,D,4.2954647620518585e-18
2021-02-03,combined_min_var,DD,3.3238481080263604e-17
2021-06-04,combined_min_var,DD,9.342515266505817e-18
2021-09-02,combined_min_var,DD,4.566066511472452e-18
2021-10-04,combined_min_var,DD,0.0011732867104042256
2022-01-03,combined_min_var,DD,3.044448252111342e-18
2022-05-04,combined_min_var,DD,2.8035011498330772e-18
2022-06-03,combined_min_var,DD,5.871412657999337e-18
2022-07-06,combined_min_var,DD,1.10456056034664e-18
2022-08-04,combined_min_var,DD,1.0527082986813855e-18
2022-10-04,combined_min_var,DD,1.3071078275415245e-18
2022-11-02,combined_min_var,DD,6.222861541473577e-19
2023-02-03,combined_min_var,DD,2.850791950823628e-18
2023-03-07,combined_min_var,DD,6.940714847188377e-18
2023-04-05,combined_min_var,DD,2.1531876265084025e-19
2023-05-05,combined_min_var,DD,7.496555728954395e-18
2023-08-07,combined_min_var,DD,4.6086101269868796e-18
2023-09-06,combined_min_var,DD,7.521718395608228e-18
2023-11-03,combined_min_var,DD,0.027928858418971518
2023-12-05,combined_min_var,DD,0.00012816584658646582
2021-01-04,combined_min_var,DIS,1.0164219363303758e-17
2021-03-05,combined_min_var,DIS,2.7812741328425736e-17
2021-04-06,combined_min_var,DIS,0.0013258578570485666
2021-05-05,combined_min_var,DIS,1.2487017865369322e-17
2021-06-04,combined_min_var,DIS,0.009703172612503455
2021-07-06,combined_min_var,DIS,0.01540954124924939
2021-08-04,combined_min_var,DIS,0.014406513612894894
2021-09-02,combined_min_var,DIS,0.013089647410792004
2021-10-04,combined_min_var,DIS,0.0034310679078476884
2021-12-02,combined_min_var,DIS,0.004191321712555321
2022-01-03,combined_min_var,DIS,0.024782445847159152
2022-02-02,combined_min_var,DIS,0.018113193696207914
2022-03-04,combined_min_var,DIS,0.07491326718592804
2022-04-04,combined_min_var,DIS,0.046506109849709036
2022-05-04,combined_min_var,DIS,0.039937251227497736
2022-06-03,combined_min_var,DIS,0.05332501987331176
2022-07-06,combined_min_var,DIS,0.05180224956049527
2022-08-04,combined_min_var,DIS,0.04528598279610385
2022-09-02,combined_min_var,DIS,0.02784835980143691
2022-12-02,combined_min_var,DIS,4.734303308963058e-18
2023-03-07,combined_min_var,DIS,6.1403796220012626e-18
2023-06-06,combined_min_var,DIS,4.277371824737822e-18
2023-08-07,combined_min_var,DIS,4.349829260919638e-18
2023-09-06,combined_min_var,DIS,1.7300981295353147e-18
2023-12-05,combined_min_var,DIS,5.668063286666835e-19
2021-02-03,combined_min_var,DOW,1.681260249430412e-17
2021-05-05,combined_min_var,DOW,8.22020163854915e-18
2021-08-04,combined_min_var,DOW,2.677229354292061e-18
2021-09-02,combined_min_var,DOW,6.30731656130164e-18
2021-10-04,combined_min_var,DOW,9.310299115554901e-18
2021-11-02,combined_min_var,DOW,4.8582934550552915e-18
2021-12-02,combined_min_var,DOW,1.2010411553174383e-18
2022-01-03,combined_min_var,DOW,7.63393968336859e-18
2022-06-03,combined_min_var,DOW,2.9245009213290447e-18
2022-07-06,combined_min_var,DOW,2.437335423078325e-18
2022-09-02,combined_min_var,DOW,8.307850250060598e-18
2022-11-02,combined_min_var,DOW,1.0148425797482489e-17
2022-12-02,combined_min_var,DOW,5.1464215892656836e-18
2023-05-05,combined_min_var,DOW,8.281571177068698e-18
2023-10-05,combined_min_var,DOW,4.257535663804353e-18
2023-11-03,combined_min_var,DOW,2.984440143582335e-18
2021-01-04,combined_min_var,DUK,5.5728393441094865e-18
2021-04-06,combined_min_var,DUK,1.0012528003796838e-17
2021-05-05,combined_min_var,DUK,0.016112171439284874
2021-06-04,combined_min_var,DUK,0.010601115682591302
2021-07-06,combined_min_var,DUK,1.4668505595616285e-17
2021-08-04,combined_min_var,DUK,0.008999693053737132
2021-09-02,combined_min_var,DUK,0.0033887840026421423
2021-10-04,combined_min_var,DUK,0.04267614759320044
2021-11-02,combined_min_var,DUK,0.05278943908386372
2021-12-02,combined_min_var,DUK,0.06645191746923641
2022-01-03,combined_min_var,DUK,0.07221530656712173
2022-02-02,combined_min_var,DUK,0.04725716355104397
2022-03-04,combined_min_var,DUK,0.015111783257775629
2022-04-04,combined_min_var,DUK,0.028205462501057765
2022-05-04,combined_min_var,DUK,0.08258909005151455
2022-06-03,combined_min_var,DUK,0.16493501098005237
2022-07-06,combined_min_var,DUK,0.17163196702992506
2022-08-04,combined_min_var,DUK,0.1500019948171986
2022-09-02,combined_min_var,DUK,0.11986637816840968
2022-10-04,combined_min_var,DUK,0.05368876452626654
2022-11-02,combined_min_var,DUK,0.024483349240306762
2022-12-02,combined_min_var,DUK,0.005669506737339357
2023-01-04,combined_min_var,DUK,0.01654315721442833
2023-02-03,combined_min_var,DUK,0.026465923915766357
2023-03-07,combined_min_var,DUK,0.044473842505861325
2023-04-05,combined_min_var,DUK,0.005652605955035241
2023-05-05,combined_min_var,DUK,1.065900483451846e-17
2023-06-06,combined_min_var,DUK,9.996309913001205e-18
2023-07-07,combined_min_var,DUK,2.4439112323725344e-17
2023-09-06,combined_min_var,DUK,1.4917708053028032e-17
2023-11-03,combined_min_var,DUK,1.6091450584552973e-17
2023-12-05,combined_min_var,DUK,0.008295241062786318
2021-01-04,combined_min_var,EA,0.07298121528927062
2021-02-03,combined_min_var,EA,0.08667310511899759
2021-03-05,combined_min_var,EA,0.08761643417589757
2021-04-06,combined_min_var,EA,0.09767649311863884
2021-05-05,combined_min_var,EA,0.06307339525566916
2021-06-04,combined_min_var,EA,0.061584295672227035
2021-07-06,combined_min_var,EA,0.024742676348379882
2021-08-04,combined_min_var,EA,0.02160435692781292
2021-09-02,combined_min_var,EA,0.01817037914900708
2021-10-04,combined_min_var,EA,0.04817347562054498
2021-11-02,combined_min_var,EA,0.05503012413500451
2021-12-02,combined_min_var,EA,0.06602406101632378
2022-01-03,combined_min_var,EA,0.059771718372088924
2022-02-02,combined_min_var,EA,0.06311927544119601
2022-03-04,combined_min_var,EA,0.06890069614754606
2022-04-04,combined_min_var,EA,0.07999987663488674
2022-05-04,combined_min_var,EA,0.09332826387337563
2022-06-03,combined_min_var,EA,0.09533370117493642
2022-07-06,combined_min_var,EA,0.09356732222474759
2022-08-04,combined_min_var,EA,0.09019555616915653
2022-09-02,combined_min_var,EA,0.09995210252815526
2022-10-04,combined_min_var,EA,0.08630218840931106
2022-11-02,combined_min_var,EA,0.10701522587497933
2022-12-02,combined_min_var,EA,0.11020442351033892
2023-01-04,combined_min_var,EA,0.10656907589335893
2023-02-03,combined_min_var,EA,0.0916287827142792
2023-03-07,combined_min_var,EA,0.0912969052388674
2023-04-05,combined_min_var,EA,0.09861483021671207
2023-05-05,combined_min_var,EA,0.096045534997373
2023-06-06,combined_min_var,EA,0.12406037354704133
2023-07-07,combined_min_var,EA,0.120225465067211
2023-08-07,combined_min_var,EA,0.09622974229964569
2023-09-06,combined_min_var,EA,0.08353499445274475
2023-10-05,combined_min_var,EA,0.08736330133595459
2023-11-03,combined_min_var,EA,0.0635319374347671
2023-12-05,combined_min_var,EA,0.04375637705420582
2021-01-04,combined_min_var,GE,1.1271981805959397e-17
2021-04-06,combined_min_var,GE,4.749084969674485e-18
2021-06-04,combined_min_var,GE,3.6320111713263225e-18
2021-08-04,combined_min_var,GE,5.685128062702763e-19
2021-09-02,combined_min_var,GE,1.1936809738080111e-18
2021-10-04,combined_min_var,GE,1.9122527098812008e-18
2021-12-02,combined_min_var,GE,2.8827580551945078e-18
2022-03-04,combined_min_var,GE,2.7466382671652034e-18
2022-05-04,combined_min_var,GE,4.161095237306934e-18
2022-07-06,combined_min_var,GE,5.50320930503996e-18
2022-08-04,combined_min_var,GE,1.5622623425889506e-18
2022-12-02,combined_min_var,GE,5.082437771911818e-19
2023-02-03,combined_min_var,GE,3.3455565600980667e-18
2023-04-05,combined_min_var,GE,3.846036315080366e-18
2023-05-05,combined_min_var,GE,1.862771504951868e-17
2023-06-06,combined_min_var,GE,7.404069699241338e-18
2023-07-07,combined_min_var,GE,2.912646362544733e-19
2023-08-07,combined_min_var,GE,1.7838095274189628e-18
2023-09-06,combined_min_var,GE,6.402255421649912e-18
2023-10-05,combined_min_var,GE,0.006303692522017532
2023-11-03,combined_min_var,GE,0.012648681037949765
2023-12-05,combined_min_var,GE,0.002113575946981018
2021-01-04,combined_min_var,GILD,0.12747924399580043
2021-02-03,combined_min_var,GILD,0.12278479622312714
2021-03-05,combined_min_var,GILD,0.14758542973262956
2021-04-06,combined_min_var,GILD,0.06282302811396923
2021-05-05,combined_min_var,GILD,0.04808379209004848
2021-06-04,combined_min_var,GILD,0.05916426913136837
2021-07-06,combined_min_var,GILD,0.024964004373807525
2021-08-04,combined_min_var,GILD,0.021599377710301168
2021-09-02,combined_min_var,GILD,0.018330762579991045
2021-10-04,combined_min_var,GILD,0.025482038103739505
2021-11-02,combined_min_var,GILD,0.04757630734150145
2021-12-02,combined_min_var,GILD,0.04366396069684832
2022-01-03,combined_min_var,GILD,0.06951338024796277
2022-02-02,combined_min_var,GILD,0.06823598365285255
2022-03-04,combined_min_var,GILD,0.13467728281553742
2022-04-04,combined_min_var,GILD,0.14605674071693417
2022-05-04,combined_min_var,GILD,0.14047423058319966
2022-06-03,combined_min_var,GILD,0.1801960336735581
2022-07-06,combined_min_var,GILD,0.1760719417868337
2022-08-04,combined_min_var,GILD,0.1562955413268918
2022-09-02,combined_min_var,GILD,0.14083778952331769
2022-10-04,combined_min_var,GILD,0.0967322605213317
2022-11-02,combined_min_var,GILD,0.039012161654049075
2022-12-02,combined_min_var,GILD,0.02624612438941701
2023-01-04,combined_min_var,GILD,0.010811915598860224
2023-02-03,combined_min_var,GILD,3.856245096594447e-17
2023-03-07,combined_min_var,GILD,7.168987164151822e-18
2023-06-06,combined_min_var,GILD,7.82563817721057e-18
2023-07-07,combined_min_var,GILD,1.2177977099160979e-17
2023-08-07,combined_min_var,GILD,1.0540941451950214e-18
2023-09-06,combined_min_var,GILD,8.000167733162237e-18
2023-10-05,combined_min_var,GILD,9.074729281172666e-18
2023-11-03,combined_min_var,GILD,9.322229415065654e-18
2023-12-05,combined_min_var,GILD,1.3594632047303528e-18
2021-02-03,combined_min_var,GS,1.3334761886677223e-17
2021-03-05,combined_min_var,GS,3.1131991033551577e-19
2021-04-06,combined_min_var,GS,1.0168800036738717e-17
2021-05-05,combined_min_var,GS,8.794958863250646e-18
2021-06-04,combined_min_var,GS,6.567918112650425e-19
2021-07-06,combined_min_var,GS,0.02255312406661208
2021-08-04,combined_min_var,GS,0.023684212942014757
2021-09-02,combined_min_var,GS,0.027642795860557765
2021-10-04,combined_min_var,GS,0.04930050409833363
2021-11-02,combined_min_var,GS,0.06413083853761496
2021-12-02,combined_min_var,GS,0.05592488896034422
2022-01-03,combined_min_var,GS,0.04465493152442941
2022-02-02,combined_min_var,GS,0.003894166436879082
2022-06-03,combined_min_var,GS,6.187784616207456e-19
2022-10-04,combined_min_var,GS,3.1230311797958457e-18
2022-11-02,combined_min_var,GS,2.582610763078594e-18
2023-01-04,combined_min_var,GS,1.2867324850346477e-17
2023-03-07,combined_min_var,GS,4.512243880968474e-18
2023-04-05,combined_min_var,GS,1.1880242293682525e-17
2023-07-07,combined_min_var,GS,1.8568006303182413e-18
2023-08-07,combined_min_var,GS,7.502850456647918e-18
2023-12-05,combined_min_var,GS,4.003801082809689e-19
2021-02-03,combined_min_var,INTC,1.6068550925975883e-17
2021-04-06,combined_min_var,INTC,1.282658989519837e-18
2021-06-04,combined_min_var,INTC,2.1995022956044135e-18
2021-08-04,combined_min_var,INTC,1.792450191606587e-18
2021-10-04,combined_min_var,INTC,0.0006235388556497888
2021-12-02,combined_min_var,INTC,0.007680629154209903
2022-01-03,combined_min_var,INTC,0.007756592957635378
2022-02-02,combined_min_var,INTC,0.01322381097080126
2022-04-04,combined_min_var,INTC,0.010955136229608677
2022-06-03,combined_min_var,INTC,7.518614667819449e-18
2022-07-06,combined_min_var,INTC,0.0015141153322324795
2022-08-04,combined_min_var,INTC,1.8834239516727325e-19
2022-09-02,combined_min_var,INTC,4.831451311562133e-18
2022-10-04,combined_min_var,INTC,4.493529482675058e-19
2023-01-04,combined_min_var,INTC,1.4722565430289668e-17
2023-02-03,combined_min_var,INTC,1.9642764401894516e-17
2023-03-07,combined_min_var,INTC,4.264211758354695e-18
2023-04-05,combined_min_var,INTC,1.2301597103609475e-18
2023-05-05,combined_min_var,INTC,1.785280328588172e-17
2023-10-05,combined_min_var,INTC,2.079383402360552e-18
2023-11-03,combined_min_var,INTC,3.262362303556818e-18
2023-12-05,combined_min_var,INTC,0.006377844097442099
2021-03-05,combined_min_var,KO,0.00030750583515036777
2021-04-06,combined_min_var,KO,4.974660582386082e-18
2021-05-05,combined_min_var,KO,9.887601101434774e-18
2021-07-06,combined_min_var,KO,5.9224227823578874e-18
2021-08-04,combined_min_var,KO,7.903504219030419e-19
2021-10-04,combined_min_var,KO,0.003324167159541539
2021-11-02,combined_min_var,KO,0.06858150460426049
2021-12-02,combined_min_var,KO,0.03823373954626114
2022-01-03,combined_min_var,KO,0.0243478720889545
2022-02-02,combined_min_var,KO,0.030646572317427186
2022-03-04,combined_min_var,KO,0.09660870565314833
2022-04-04,combined_min_var,KO,0.08262822591827983
2022-05-04,combined_min_var,KO,0.11244992796586112
2022-07-06,combined_min_var,KO,0.01969636196577954
2022-08-04,combined_min_var,KO,0.024200050144585865
2022-09-02,combined_min_var,KO,0.03658990188829275
2022-10-04,combined_min_var,KO,0.08194711675004726
2022-11-02,combined_min_var,KO,0.0789710220020232
2022-12-02,combined_min_var,KO,0.08959584750729897
2023-01-04,combined_min_var,KO,0.08830116304114716
2023-02-03,combined_min_var,KO,0.07403260372961527
2023-03-07,combined_min_var,KO,0.07242902567434453
2023-04-05,combined_min_var,KO,0.13514070291778796
2023-05-05,combined_min_var,KO,0.15491699229065953
2023-06-06,combined_min_var,KO,0.2874660775357441
2023-07-07,combined_min_var,KO,0.2391816755912946
2023-08-07,combined_min_var,KO,0.23372663959696918
2023-09-06,combined_min_var,KO,0.2512152828330221
2023-10-05,combined_min_var,KO,0.24573417207673484
2023-11-03,combined_min_var,KO,0.18638736793800503
2023-12-05,combined_min_var,KO,0.1999263398228125
2021-01-04,combined_min_var,MMM,0.07763901074098677
2021-02-03,combined_min_var,MMM,0.10043216339979907
2021-03-05,combined_min_var,MMM,0.07449167923507394
2021-04-06,combined_min_var,MMM,0.11378355686464076
2021-05-05,combined_min_var,MMM,0.07336426682154037
2021-06-04,combined_min_var,MMM,0.08787673936242686
2021-07-06,combined_min_var,MMM,0.09611729809347701
2021-08-04,combined_min_var,MMM,0.08646691359836946
2021-09-02,combined_min_var,MMM,0.08249929583099619
2021-10-04,combined_min_var,MMM,0.07298372383379398
2021-11-02,combined_min_var,MMM,0.05749304744653203
2021-12-02,combined_min_var,MMM,0.06592500570647934
2022-01-03,combined_min_var,MMM,0.07630227317931364
2022-02-02,combined_min_var,MMM,0.010339996103450527
2022-03-04,combined_min_var,MMM,1.7035121774697984e-18
2022-05-04,combined_min_var,MMM,2.033606390746569e-19
2022-07-06,combined_min_var,MMM,0.0192013253322189
2022-08-04,combined_min_var,MMM,0.033231479574518275
2022-09-02,combined_min_var,MMM,2.3224952754414693e-18
2022-10-04,combined_min_var,MMM,0.019291557411774143
2022-11-02,combined_min_var,MMM,6.450667330744188e-18
2023-02-03,combined_min_var,MMM,1.582777845885473e-18
2023-04-05,combined_min_var,MMM,6.640182505777193e-18
2023-05-05,combined_min_var,MMM,4.828109569540961e-18
2023-08-07,combined_min_var,MMM,1.1680247378894337e-18
2023-09-06,combined_min_var,MMM,1.1207803991649865e-17
2021-01-04,combined_min_var,MRK,0.05769519105153091
2021-02-03,combined_min_var,MRK,0.06806759960793864
2021-03-05,combined_min_var,MRK,0.07370066226843767
2021-04-06,combined_min_var,MRK,0.06654134275466132
2021-05-05,combined_min_var,MRK,0.10609426608577534
2021-06-04,combined_min_var,MRK,0.11630698375210388
2021-07-06,combined_min_var,MRK,0.13515278505647094
2021-08-04,combined_min_var,MRK,0.14512790272048087
2021-09-02,combined_min_var,MRK,0.1300944442395003
2021-10-04,combined_min_var,MRK,0.10579706655516495
2021-11-02,combined_min_var,MRK,0.07918012465385887
2021-12-02,combined_min_var,MRK,0.03325356236565416
2022-01-03,combined_min_var,MRK,0.048454548372369455
2022-02-02,combined_min_var,MRK,0.0663231565868724
2022-03-04,combined_min_var,MRK,0.0500297913065652
2022-04-04,combined_min_var,MRK,0.04789597577293236
2022-05-04,combined_min_var,MRK,0.056447711070049006
2022-06-03,combined_min_var,MRK,0.0706119075827214
2022-07-06,combined_min_var,MRK,0.062075616397630456
2022-08-04,combined_min_var,MRK,0.062670739179646
2022-09-02,combined_min_var,MRK,0.06095326437086148
2022-10-04,combined_min_var,MRK,0.10125381757612383
2022-11-02,combined_min_var,MRK,0.13278704926638832
2022-12-02,combined_min_var,MRK,0.24046859185791952
2023-01-04,combined_min_var,MRK,0.2229033645352547
2023-02-03,combined_min_var,MRK,0.20925802305092572
2023-03-07,combined_min_var,MRK,0.18939739152283597
2023-04-05,combined_min_var,MRK,0.1874068013011102
2023-05-05,combined_min_var,MRK,0.17511657779186718
2023-06-06,combined_min_var,MRK,0.15382909496736555
2023-07-07,combined_min_var,MRK,0.1756953955892838
2023-08-07,combined_min_var,MRK,0.15752184523234683
2023-09-06,combined_min_var,MRK,0.1387416226337739
2023-10-05,combined_min_var,MRK,0.09923091438596618
2023-11-03,combined_min_var,MRK,0.1274729987000698
2023-12-05,combined_min_var,MRK,0.09587136991676451
2021-01-04,combined_min_var,MS,1.494091881775298e-17
2021-03-05,combined_min_var,MS,6.876600519054362e-17
2021-06-04,combined_min_var,MS,6.418267200911904e-21
2021-08-04,combined_min_var,MS,1.9758019950632554e-18
2021-09-02,combined_min_var,MS,2.074336047865818e-20
2021-11-02,combined_min_var,MS,9.885529244030975e-20
2021-12-02,combined_min_var,MS,4.292315840010589e-18
2022-01-03,combined_min_var,MS,4.3779647217625105e-18
2022-02-02,combined_min_var,MS,0.024314614402317067
2022-03-04,combined_min_var,MS,0.013995543648816342
2022-06-03,combined_min_var,MS,2.415822969135264e-20
2022-07-06,combined_min_var,MS,1.7046185371152854e-18
2022-09-02,combined_min_var,MS,2.8501719078469356e-19
2022-10-04,combined_min_var,MS,3.603437695347328e-18
2022-11-02,combined_min_var,MS,2.5163636762035132e-18
2023-01-04,combined_min_var,MS,6.324206239370446e-18
2023-04-05,combined_min_var,MS,3.118337771608843e-19
2023-05-05,combined_min_var,MS,1.2873946938784632e-17
2023-07-07,combined_min_var,MS,5.981785920371596e-19
2023-08-07,combined_min_var,MS,1.1949450708046925e-18
2023-09-06,combined_min_var,MS,2.2793195141772137e-18
2023-10-05,combined_min_var,MS,1.912491454864522e-18
2023-11-03,combined_min_var,MS,3.8065536804050155e-18
2021-03-05,combined_min_var,NEE,1.4577657641180314e-17
2021-05-05,combined_min_var,NEE,7.317229083061001e-18
2021-07-06,combined_min_var,NEE,3.920388742055759e-18
2021-08-04,combined_min_var,NEE,2.580151849617315e-19
2021-11-02,combined_min_var,NEE,1.138885609096372e-17
2022-01-03,combined_min_var,NEE,4.540504157368247e-18
2022-03-04,combined_min_var,NEE,2.5977125529771984e-18
2022-04-04,combined_min_var,NEE,0.018440248358262024
2022-06-03,combined_min_var,NEE,2.3550817611969337e-18
2022-07-06,combined_min_var,NEE,9.391642103871855e-19
2022-09-02,combined_min_var,NEE,2.324030044468604e-18
2022-10-04,combined_min_var,NEE,4.0195811937890684e-18
2023-01-04,combined_min_var,NEE,9.961475565955481e-18
2023-09-06,combined_min_var,NEE,9.998467248838287e-19
2023-10-05,combined_min_var,NEE,3.9298889836530026e-18
2023-11-03,combined_min_var,NEE,3.658496265347919e-19
2023-12-05,combined_min_var,NEE,6.690072876526118e-18
2021-01-04,combined_min_var,NEM,0.1370927669256409
2021-02-03,combined_min_var,NEM,0.12747429657724801
2021-03-05,combined_min_var,NEM,0.12148218992377897
2021-07-06,combined_min_var,NEM,2.1617700611166315e-18
2021-11-02,combined_min_var,NEM,3.958559688561548e-18
2021-12-02,combined_min_var,NEM,0.014249532348796895
2022-01-03,combined_min_var,NEM,0.014042210245562148
2022-02-02,combined_min_var,NEM,0.013226906657546028
2022-03-04,combined_min_var,NEM,0.02773053573839097
2022-04-04,combined_min_var,NEM,0.030928361372421994
2022-05-04,combined_min_var,NEM,0.05162141241515449
2022-06-03,combined_min_var,NEM,0.06040781363402105
2022-07-06,combined_min_var,NEM,0.06041601452969849
2022-08-04,combined_min_var,NEM,0.06175664801633285
2022-09-02,combined_min_var,NEM,0.06068424727809328
2022-10-04,combined_min_var,NEM,0.0509999419032324
2022-11-02,combined_min_var,NEM,0.054712919004552676
2022-12-02,combined_min_var,NEM,0.016280076651278078
2023-01-04,combined_min_var,NEM,0.014281327689765099
2023-02-03,combined_min_var,NEM,0.008902377091513891
2023-03-07,combined_min_var,NEM,0.0028978558058294344
2023-04-05,combined_min_var,NEM,0.006470581722283081
2023-05-05,combined_min_var,NEM,0.0017537415363282417
2023-07-07,combined_min_var,NEM,2.629303435503656e-18
2023-09-06,combined_min_var,NEM,1.80060058868917e-18
2023-12-05,combined_min_var,NEM,0.011958370318197936
2021-01-04,combined_min_var,NKE,0.005105456166995354
2021-02-03,combined_min_var,NKE,5.531358210496076e-17
2021-03-05,combined_min_var,NKE,4.275922958511497e-17
2021-04-06,combined_min_var,NKE,1.1680446146273603e-17
2021-05-05,combined_min_var,NKE,0.024871144569511592
2021-06-04,combined_min_var,NKE,0.02500828571478325
2021-07-06,combined_min_var,NKE,0.03267477772711343
2021-08-04,combined_min_var,NKE,0.03461026880578503
2021-09-02,combined_min_var,NKE,0.0317628754033923
2021-11-02,combined_min_var,NKE,2.664372607573968e-18
2021-12-02,combined_min_var,NKE,6.164748313659676e-18
2022-01-03,combined_min_var,NKE,0.009152918591051667
2022-02-02,combined_min_var,NKE,0.017991005769461305
2022-03-04,combined_min_var,NKE,0.02130576725248579
2022-04-04,combined_min_var,NKE,0.01671327014786364
2022-05-04,combined_min_var,NKE,4.266244138933415e-18
2022-06-03,combined_min_var,NKE,2.7452854016918186e-18
2022-07-06,combined_min_var,NKE,3.754901075665031e-18
2022-08-04,combined_min_var,NKE,8.130303753827087e-19
2023-01-04,combined_min_var,NKE,2.251548407448732e-17
2023-02-03,combined_min_var,NKE,1.2223973839834632e-17
2023-04-05,combined_min_var,NKE,2.1823845761009355e-17
2023-06-06,combined_min_var,NKE,3.3749553433456043e-18
2023-09-06,combined_min_var,NKE,8.56108069731391e-18
2023-10-05,combined_min_var,NKE,1.6500802554548308e-18
2021-01-04,combined_min_var,NUE,3.195009535006221e-18
2021-03-05,combined_min_var,NUE,2.54877028894573e-18
2021-09-02,combined_min_var,NUE,9.7959300696523e-18
2021-10-04,combined_min_var,NUE,9.068454908729734e-18
2021-11-02,combined_min_var,NUE,9.694065016273056e-19
2021-12-02,combined_min_var,NUE,2.5893318631326903e-21
2022-04-04,combined_min_var,NUE,4.384935259118974e-18
2022-05-04,combined_min_var,NUE,2.259500637074577e-18
2022-11-02,combined_min_var,NUE,1.4296950635864106e-17
2022-12-02,combined_min_var,NUE,1.9712784747155024e-18
2023-02-03,combined_min_var,NUE,1.680824092446237e-17
2023-03-07,combined_min_var,NUE,2.276127121952792e-18
2023-04-05,combined_min_var,NUE,6.726662168496341e-18
2023-07-07,combined_min_var,NUE,2.3723646071362035e-18
2023-09-06,combined_min_var,NUE,2.1765142830987927e-18
2023-10-05,combined_min_var,NUE,8.876689742793202e-18
2023-12-05,combined_min_var,NUE,1.662552162152115e-18
2021-03-05,combined_min_var,NVDA,3.8351369685786825e-17
2021-05-05,combined_min_var,NVDA,3.943404437689583e-19
2021-06-04,combined_min_var,NVDA,2.139070354731594e-18
2021-10-04,combined_min_var,NVDA,1.2140234738102264e-18
2022-03-04,combined_min_var,NVDA,8.972170379626618e-19
2022-06-03,combined_min_var,NVDA,2.1501631901167052e-18
2022-09-02,combined_min_var,NVDA,5.4092808168303645e-18
2022-10-04,combined_min_var,NVDA,8.986051499262052e-19
2022-11-02,combined_min_var,NVDA,6.735546809493881e-18
2023-02-03,combined_min_var,NVDA,9.866484191189524e-18
2023-03-07,combined_min_var,NVDA,1.5727850778047968e-17
2023-04-05,combined_min_var,NVDA,1.5142915745532243e-18
2023-06-06,combined_min_var,NVDA,2.1436937228894923e-18
2023-07-07,combined_min_var,NVDA,6.048294887836391e-18
2023-08-07,combined_min_var,NVDA,5.535485963535189e-18
2023-09-06,combined_min_var,NVDA,1.1602909112164781e-18
2023-11-03,combined_min_var,NVDA,0.001839754058403584
2023-12-05,combined_min_var,NVDA,0.016665373164593524
2021-02-03,combined_min_var,O,1.8436185599017557e-17
2021-04-06,combined_min_var,O,1.376748630295598e-18
2021-08-04,combined_min_var,O,2.568174844837677e-18
2021-09-02,combined_min_var,O,5.792450061786259e-18
2021-11-02,combined_min_var,O,1.1144685862280647e-18
2022-01-03,combined_min_var,O,0.006379512831075188
2022-02-02,combined_min_var,O,0.006492496758626569
2022-03-04,combined_min_var,O,0.008922009058885344
2022-05-04,combined_min_var,O,8.164084497221261e-19
2022-07-06,combined_min_var,O,1.4360162096515134e-17
2022-09-02,combined_min_var,O,0.023534433460634913
2022-10-04,combined_min_var,O,0.08167381933639624
2022-11-02,combined_min_var,O,0.0793386150521588
2022-12-02,combined_min_var,O,0.05085891922427431
2023-01-04,combined_min_var,O,0.05970228148749362
2023-02-03,combined_min_var,O,0.0810844158296904
2023-03-07,combined_min_var,O,0.09092706197226265
2023-04-05,combined_min_var,O,0.0852603145204342
2023-05-05,combined_min_var,O,0.12691240137027074
2023-06-06,combined_min_var,O,0.08394189855672606
2023-07-07,combined_min_var,O,0.11922475914572023
2023-08-07,combined_min_var,O,0.11479758090441843
2023-09-06,combined_min_var,O,0.08592367283630938
2023-10-05,combined_min_var,O,0.05174717206162287
2023-11-03,combined_min_var,O,0.08318152832351279
2023-12-05,combined_min_var,O,0.07403577605182736
2021-01-04,combined_min_var,OXY,4.909856679479794e-17
2021-03-05,combined_min_var,OXY,4.65669979125144e-17
2021-04-06,combined_min_var,OXY,1.575216128965637e-17
2021-08-04,combined_min_var,OXY,2.877765100205726e-18
2021-10-04,combined_min_var,OXY,0.0019527683013653293
2021-11-02,combined_min_var,OXY,0.0005259192746725117
2021-12-02,combined_min_var,OXY,2.498492169342566e-19
2022-01-03,combined_min_var,OXY,0.003846676139461355
2022-02-02,combined_min_var,OXY,7.663321172128071e-18
2022-03-04,combined_min_var,OXY,0.003941400428904928
2022-06-03,combined_min_var,OXY,5.127548631365648e-18
2022-08-04,combined_min_var,OXY,5.027197929128479e-18
2022-11-02,combined_min_var,OXY,1.4312678782275405e-18
2023-01-04,combined_min_var,OXY,1.008485183245546e-18
2023-03-07,combined_min_var,OXY,2.837278505822996e-18
2023-04-05,combined_min_var,OXY,5.5915913689203335e-18
2023-07-07,combined_min_var,OXY,0.0032830603102880617
2023-08-07,combined_min_var,OXY,0.010160195426252813
2023-09-06,combined_min_var,OXY,0.015218258434627709
2023-10-05,combined_min_var,OXY,2.7032266624334644e-18
2023-12-05,combined_min_var,OXY,0.019191179589413694
2021-01-04,combined_min_var,PLD,3.673419504353909e-18
2021-02-03,combined_min_var,PLD,1.4090843497892125e-17
2021-04-06,combined_min_var,PLD,3.4493802197122767e-18
2021-07-06,combined_min_var,PLD,4.440864918185252e-18
2021-10-04,combined_min_var,PLD,8.94032579304961e-19
2021-12-02,combined_min_var,PLD,8.131330614554924e-19
2022-05-04,combined_min_var,PLD,1.9229116515170557e-17
2022-06-03,combined_min_var,PLD,1.0692757859652915e-17
2022-07-06,combined_min_var,PLD,5.2553968890464345e-18
2022-08-04,combined_min_var,PLD,1.8336391595486795e-18
2022-12-02,combined_min_var,PLD,3.6719962794509194e-18
2023-02-03,combined_min_var,PLD,1.5760094821443652e-18
2023-03-07,combined_min_var,PLD,1.7564954644924373e-17
2023-05-05,combined_min_var,PLD,1.1241836912399226e-17
2023-06-06,combined_min_var,PLD,5.435828976590534e-18
2023-07-07,combined_min_var,PLD,2.3730551665338223e-18
2023-09-06,combined_min_var,PLD,8.293115410256283e-18
2023-12-05,combined_min_var,PLD,7.488184773332918e-18
2021-01-04,combined_min_var,PSA,0.07628054807717138
2021-02-03,combined_min_var,PSA,0.07977243619657548
2021-03-05,combined_min_var,PSA,0.11109347648371366
2021-04-06,combined_min_var,PSA,0.08743838309430782
2021-05-05,combined_min_var,PSA,0.06272054289422879
2021-06-04,combined_min_var,PSA,0.08992381538037487
2021-07-06,combined_min_var,PSA,0.10799315295400495
2021-08-04,combined_min_var,PSA,0.10386599218492025
2021-09-02,combined_min_var,PSA,0.11583677646805379
2021-10-04,combined_min_var,PSA,0.10052641429504801
2021-11-02,combined_min_var,PSA,0.10131829436373761
2021-12-02,combined_min_var,PSA,0.12751834177820234
2022-01-03,combined_min_var,PSA,0.11451135854447339
2022-02-02,combined_min_var,PSA,0.09623864208534724
2022-03-04,combined_min_var,PSA,0.06565389287766184
2022-04-04,combined_min_var,PSA,0.05272275693570401
2022-07-06,combined_min_var,PSA,2.184756623686712e-18
2022-09-02,combined_min_var,PSA,1.109978658719254e-17
2022-11-02,combined_min_var,PSA,2.624253585439787e-18
2022-12-02,combined_min_var,PSA,1.3167807101063862e-17
2023-01-04,combined_min_var,PSA,2.9126804181177844e-19
2023-03-07,combined_min_var,PSA,8.969015733812526e-19
2023-05-05,combined_min_var,PSA,1.1199088525757642e-17
2023-06-06,combined_min_var,PSA,9.02616149883737e-18
2023-07-07,combined_min_var,PSA,1.592773768714495e-17
2023-09-06,combined_min_var,PSA,1.3282352592205144e-17
2023-12-05,combined_min_var,PSA,8.498101614386263e-19
2021-01-04,combined_min_var,QCOM,2.7533805502247758e-17
2021-03-05,combined_min_var,QCOM,7.84908700274682e-18
2021-04-06,combined_min_var,QCOM,1.2768735137489848e-17
2021-05-05,combined_min_var,QCOM,4.9925244474154655e-18
2021-06-04,combined_min_var,QCOM,9.21317798130022e-18
2021-08-04,combined_min_var,QCOM,2.5039695044088995e-18
2021-09-02,combined_min_var,QCOM,1.6312972846668575e-17
2021-10-04,combined_min_var,QCOM,6.5228047078139044e-18
2021-11-02,combined_min_var,QCOM,4.748252127970966e-18
2022-04-04,combined_min_var,QCOM,5.461926212820909e-18
2022-05-04,combined_min_var,QCOM,2.0207901356732415e-18
2022-09-02,combined_min_var,QCOM,3.5373835184745675e-18
2022-10-04,combined_min_var,QCOM,1.1231296800162846e-17
2022-11-02,combined_min_var,QCOM,2.0565630690304644e-18
2023-05-05,combined_min_var,QCOM,2.9012009367790742e-18
2023-09-06,combined_min_var,QCOM,9.566701141764018e-19
2023-11-03,combined_min_var,QCOM,3.1586662562500005e-19
2021-05-05,combined_min_var,SBUX,2.2276695432100028e-18
2021-07-06,combined_min_var,SBUX,0.019652393786392056
2021-08-04,combined_min_var,SBUX,0.011967261729767226
2021-09-02,combined_min_var,SBUX,0.003824552735649789
2021-10-04,combined_min_var,SBUX,0.015862484554746172
2021-11-02,combined_min_var,SBUX,0.01048169148825338
2021-12-02,combined_min_var,SBUX,0.013261774113685402
2022-02-02,combined_min_var,SBUX,0.0269475027495974
2022-11-02,combined_min_var,SBUX,2.1228257763873577e-18
2022-12-02,combined_min_var,SBUX,4.9035402877224905e-18
2023-01-04,combined_min_var,SBUX,3.637991256105707e-18
2023-02-03,combined_min_var,SBUX,5.502383059227921e-19
2023-04-05,combined_min_var,SBUX,7.382041653149191e-18
2023-05-05,combined_min_var,SBUX,9.879534890514369e-19
2023-11-03,combined_min_var,SBUX,5.179067046943326e-19
2023-12-05,combined_min_var,SBUX,1.1872770987642154e-19
2021-02-03,combined_min_var,SHW,2.468286560757191e-17
2021-04-06,combined_min_var,SHW,4.991861335620451e-19
2021-07-06,combined_min_var,SHW,3.737363369685313e-18
2021-08-04,combined_min_var,SHW,5.061078962584248e-18
2021-09-02,combined_min_var,SHW,1.1692560195229098e-17
2021-12-02,combined_min_var,SHW,0.0304504310757959
2022-01-03,combined_min_var,SHW,0.007512347238342513
2022-02-02,combined_min_var,SHW,0.014254461449050607
2022-04-04,combined_min_var,SHW,0.00621104971262088
2022-05-04,combined_min_var,SHW,0.06673824862415766
2022-06-03,combined_min_var,SHW,0.05195796151232726
2022-07-06,combined_min_var,SHW,0.018134413606233156
2022-08-04,combined_min_var,SHW,0.03148316176007916
2022-09-02,combined_min_var,SHW,0.02658123173159557
2022-10-04,combined_min_var,SHW,0.003071864065499781
2022-11-02,combined_min_var,SHW,2.1313688334840833e-18
2022-12-02,combined_min_var,SHW,1.4851392517628333e-18
2023-01-04,combined_min_var,SHW,1.103788437106501e-18
2023-04-05,combined_min_var,SHW,1.0185532059090207e-17
2023-06-06,combined_min_var,SHW,7.752756861758162e-19
2023-09-06,combined_min_var,SHW,4.4640771734604455e-18
2023-11-03,combined_min_var,SHW,4.0002490334431715e-18
2023-12-05,combined_min_var,SHW,5.680173008186191e-18
2021-02-03,combined_min_var,SLB,5.213637779232522e-18
2021-03-05,combined_min_var,SLB,1.353162623443865e-17
2021-04-06,combined_min_var,SLB,1.3316311904260309e-18
2021-08-04,combined_min_var,SLB,1.84354630371978e-18
2021-09-02,combined_min_var,SLB,1.0544730672696023e-18
2021-10-04,combined_min_var,SLB,0.0023255425820198736
2021-11-02,combined_min_var,SLB,2.9086019298389448e-18
2022-01-03,combined_min_var,SLB,2.1875831359096703e-18
2022-03-04,combined_min_var,SLB,1.6130249989433338e-18
2022-07-06,combined_min_var,SLB,1.8487350328687643e-18
2022-08-04,combined_min_var,SLB,3.86611425437544e-18
2022-11-02,combined_min_var,SLB,3.2221829350224108e-18
2022-12-02,combined_min_var,SLB,6.8452987867551345e-18
2023-02-03,combined_min_var,SLB,1.5535346950564597e-18
2023-05-05,combined_min_var,SLB,3.0429499242395012e-18
2023-07-07,combined_min_var,SLB,1.2379212376110478e-17
2023-11-03,combined_min_var,SLB,1.340435039930049e-19
2021-01-04,combined_min_var,SO,2.7199724054073296e-17
2021-02-03,combined_min_var,SO,2.1100703176374992e-17
2021-03-05,combined_min_var,SO,1.3782792716838157e-17
2021-06-04,combined_min_var,SO,1.2961346651751849e-17
2021-07-06,combined_min_var,SO,1.2300602186347088e-17
2021-08-04,combined_min_var,SO,2.348055589805957e-18
2021-09-02,combined_min_var,SO,2.282585220184115e-18
2021-12-02,combined_min_var,SO,0.015568054778124582
2022-01-03,combined_min_var,SO,0.008025992168578794
2022-02-02,combined_min_var,SO,0.11062502265223927
2022-03-04,combined_min_var,SO,0.09122878888069366
2022-04-04,combined_min_var,SO,0.0859116824313247
2022-05-04,combined_min_var,SO,0.05862378639061605
2022-06-03,combined_min_var,SO,0.05387444097640098
2022-07-06,combined_min_var,SO,1.3538924881873247e-17
2022-09-02,combined_min_var,SO,0.01622317951920418
2023-05-05,combined_min_var,SO,6.002205551968788e-19
2023-06-06,combined_min_var,SO,1.5779253558782528e-18
2023-07-07,combined_min_var,SO,1.452125936033575e-17
2023-08-07,combined_min_var,SO,1.4795304678801532e-17
2023-09-06,combined_min_var,SO,1.4833136608914355e-17
2023-11-03,combined_min_var,SO,5.171534821630008e-18
2023-12-05,combined_min_var,SO,3.4293094715326507e-18
2021-01-04,combined_min_var,T,1.2194333661369146e-17
2021-04-06,combined_min_var,T,0.09048538220412276
2021-05-05,combined_min_var,T,0.12015138247781783
2021-06-04,combined_min_var,T,0.11761608683102245
2021-07-06,combined_min_var,T,0.15756848827757952
2021-08-04,combined_min_var,T,0.16731540231355171
2021-09-02,combined_min_var,T,0.16303378657695167
2021-10-04,combined_min_var,T,0.13667154699612014
2021-11-02,combined_min_var,T,0.10729357479210373
2021-12-02,combined_min_var,T,0.07808097013526007
2022-01-03,combined_min_var,T,0.07342942450256099
2022-02-02,combined_min_var,T,0.0033001803416418795
2022-06-03,combined_min_var,T,2.675836503434392e-18
2022-09-02,combined_min_var,T,5.036110790959302e-18
2022-11-02,combined_min_var,T,4.3277161196933694e-18
2022-12-02,combined_min_var,T,1.6142423659627445e-17
2023-01-04,combined_min_var,T,0.00335908575005026
2023-02-03,combined_min_var,T,0.03624787743547419
2023-03-07,combined_min_var,T,0.04579169047690496
2023-04-05,combined_min_var,T,0.05427157171944587
2023-05-05,combined_min_var,T,0.038568866367099275
2023-06-06,combined_min_var,T,0.029008338381467626
2023-07-07,combined_min_var,T,0.04322284174539119
2023-08-07,combined_min_var,T,0.02849220229527379
2023-09-06,combined_min_var,T,0.032867271074044684
2023-10-05,combined_min_var,T,0.03360143049120703
2023-11-03,combined_min_var,T,0.04352210666089365
2023-12-05,combined_min_var,T,0.03218701009407615
2021-03-05,combined_min_var,TMUS,2.2691766799341054e-17
2021-07-06,combined_min_var,TMUS,3.197234848824303e-18
2021-08-04,combined_min_var,TMUS,1.2183361360401844e-18
2021-11-02,combined_min_var,TMUS,2.620555524889241e-18
2022-01-03,combined_min_var,TMUS,7.612257953984084e-19
2022-03-04,combined_min_var,TMUS,0.0009399501860384435
2022-04-04,combined_min_var,TMUS,0.014604264126106728
2022-05-04,combined_min_var,TMUS,3.0868281970665112e-18
2022-10-04,combined_min_var,TMUS,4.7459357209832925e-18
2022-11-02,combined_min_var,TMUS,1.982322136182685e-18
2022-12-02,combined_min_var,TMUS,2.737445066882215e-18
2023-01-04,combined_min_var,TMUS,7.815177866034502e-18
2023-02-03,combined_min_var,TMUS,3.9628232281511476e-18
2023-04-05,combined_min_var,TMUS,5.191254892595544e-18
2023-05-05,combined_min_var,TMUS,7.011304428090884e-18
2023-06-06,combined_min_var,TMUS,0.014242179498528355
2023-07-07,combined_min_var,TMUS,0.03186853275726312
2023-08-07,combined_min_var,TMUS,0.05142971492280083
2023-09-06,combined_min_var,TMUS,0.03928648222523552
2023-10-05,combined_min_var,TMUS,0.07315045126299775
2023-11-03,combined_min_var,TMUS,0.06262974573395579
2023-12-05,combined_min_var,TMUS,0.06789349382812603
2021-01-04,combined_min_var,TTWO,0.037474461875169
2021-02-03,combined_min_var,TTWO,0.031284717515758065
2021-03-05,combined_min_var,TTWO,0.015932653741995713
2021-04-06,combined_min_var,TTWO,0.0706956779597699
2021-05-05,combined_min_var,TTWO,0.06124254751635543
2021-06-04,combined_min_var,TTWO,0.05549710835734394
2021-07-06,combined_min_var,TTWO,0.05572944389670688
2021-08-04,combined_min_var,TTWO,0.06020988738197917
2021-09-02,combined_min_var,TTWO,0.06197905019563956
2021-10-04,combined_min_var,TTWO,0.03437020764283771
2021-11-02,combined_min_var,TTWO,0.031047366387089465
2021-12-02,combined_min_var,TTWO,0.018600531566569416
2022-01-03,combined_min_var,TTWO,0.01937447958062738
2022-02-02,combined_min_var,TTWO,0.03265897771225591
2022-03-04,combined_min_var,TTWO,0.04346253097927788
2022-04-04,combined_min_var,TTWO,0.033797393004427655
2022-05-04,combined_min_var,TTWO,0.036183182503871335
2022-06-03,combined_min_var,TTWO,0.02474159787537724
2022-07-06,combined_min_var,TTWO,0.026578187837168678
2022-08-04,combined_min_var,TTWO,0.024818216915978197
2022-09-02,combined_min_var,TTWO,0.015052600821486621
2022-10-04,combined_min_var,TTWO,0.015130065167985539
2022-11-02,combined_min_var,TTWO,0.018561620025288352
2022-12-02,combined_min_var,TTWO,0.03573764712808676
2023-01-04,combined_min_var,TTWO,0.03453261057309794
2023-02-03,combined_min_var,TTWO,0.04084271449257917
2023-03-07,combined_min_var,TTWO,0.026126168414370703
2023-04-05,combined_min_var,TTWO,0.02365695379960188
2023-05-05,combined_min_var,TTWO,0.012557020365727666
2023-07-07,combined_min_var,TTWO,9.722114079976944e-18
2023-08-07,combined_min_var,TTWO,0.0014308778756366553
2023-09-06,combined_min_var,TTWO,0.006587116288817884
2023-10-05,combined_min_var,TTWO,0.01035310092498457
2023-11-03,combined_min_var,TTWO,0.00019579637182311427
2023-12-05,combined_min_var,TTWO,2.130785599188957e-18
2021-01-04,combined_min_var,UPS,0.014082524008732278
2021-02-03,combined_min_var,UPS,0.00941758452166612
2021-03-05,combined_min_var,UPS,4.326954164312336e-18
2021-04-06,combined_min_var,UPS,6.29460618343203e-18
2021-07-06,combined_min_var,UPS,1.0071319864984314e-18
2021-09-02,combined_min_var,UPS,8.924076911443646e-18
2021-10-04,combined_min_var,UPS,5.310620346124051e-19
2021-11-02,combined_min_var,UPS,0.012955018983017921
2021-12-02,combined_min_var,UPS,1.0628151198043992e-17
2022-01-03,combined_min_var,UPS,0.0034026693252429433
2022-02-02,combined_min_var,UPS,0.010196571660931188
2022-03-04,combined_min_var,UPS,0.007065355188726175
2022-04-04,combined_min_var,UPS,0.0029206568838905924
2022-06-03,combined_min_var,UPS,0.0030328693751882486
2022-07-06,combined_min_var,UPS,0.007356283649962948
2022-09-02,combined_min_var,UPS,0.0018404310029950955
2022-10-04,combined_min_var,UPS,0.007036659947128016
2022-11-02,combined_min_var,UPS,0.013737828671767354
2023-01-04,combined_min_var,UPS,3.8970127809027066e-18
2023-04-05,combined_min_var,UPS,8.713976637596121e-19
2023-07-07,combined_min_var,UPS,1.4160865518729437e-18
2023-10-05,combined_min_var,UPS,7.269086555693416e-19
2023-12-05,combined_min_var,UPS,6.392394430233355e-19
2021-02-03,combined_min_var,USB,7.278522115891938e-18
2021-03-05,combined_min_var,USB,1.0828165650713977e-18
2021-06-04,combined_min_var,USB,3.033585879222441e-18
2021-09-02,combined_min_var,USB,1.1891408681096322e-18
2021-12-02,combined_min_var,USB,7.082424330907552e-20
2022-01-03,combined_min_var,USB,2.57913034638538e-18
2022-03-04,combined_min_var,USB,2.6616680124951736e-18
2022-04-04,combined_min_var,USB,2.9129473698857226e-18
2022-05-04,combined_min_var,USB,2.385369028995341e-18
2022-06-03,combined_min_var,USB,4.1128444786061485e-18
2022-09-02,combined_min_var,USB,1.6639606756373705e-17
2022-10-04,combined_min_var,USB,1.0660797329324407e-17
2022-12-02,combined_min_var,USB,1.164169285568155e-18
2023-01-04,combined_min_var,USB,1.8460404336295647e-18
2023-03-07,combined_min_var,USB,6.923797194031263e-18
2023-04-05,combined_min_var,USB,5.210126262059105e-18
2023-07-07,combined_min_var,USB,6.051245380988303e-18
2021-01-04,combined_min_var,V,6.752495243649e-18
2021-04-06,combined_min_var,V,6.5964833733552556e-18
2021-05-05,combined_min_var,V,1.3408628179632106e-18
2021-11-02,combined_min_var,V,6.350426307390333e-18
2022-01-03,combined_min_var,V,9.116957835704647e-19
2022-03-04,combined_min_var,V,4.8540242037775525e-18
2022-05-04,combined_min_var,V,1.3385870494295514e-18
2022-06-03,combined_min_var,V,6.242869373516301e-18
2022-07-06,combined_min_var,V,1.702624626323438e-18
2022-10-04,combined_min_var,V,2.6737512463445956e-18
2022-12-02,combined_min_var,V,5.710101661222161e-18
2023-01-04,combined_min_var,V,9.574123291120648e-18
2023-03-07,combined_min_var,V,2.5218439044820808e-18
2023-05-05,combined_min_var,V,5.2091004262700045e-18
2023-07-07,combined_min_var,V,9.072821636914593e-18
2023-08-07,combined_min_var,V,0.014745776481093167
2023-09-06,combined_min_var,V,0.013652740304775122
2023-10-05,combined_min_var,V,0.017531717726063562
2023-11-03,combined_min_var,V,0.033890841622734695
2023-12-05,combined_min_var,V,0.09435330389131215
2021-02-03,combined_min_var,WFC,3.553610564575229e-17
2021-04-06,combined_min_var,WFC,2.8850801983971005e-18
2021-05-05,combined_min_var,WFC,1.6650254328482683e-18
2021-06-04,combined_min_var,WFC,2.467527883400693e-18
2021-08-04,combined_min_var,WFC,1.3617721375035496e-18
2021-09-02,combined_min_var,WFC,6.174474088318093e-19
2022-02-02,combined_min_var,WFC,3.275517743041351e-18
2022-04-04,combined_min_var,WFC,9.904478721394184e-19
2022-06-03,combined_min_var,WFC,2.845569825751146e-18
2022-07-06,combined_min_var,WFC,2.4883224538458433e-18
2022-08-04,combined_min_var,WFC,1.7074881471443298e-18
2022-09-02,combined_min_var,WFC,1.925965773477855e-18
2022-11-02,combined_min_var,WFC,6.983364577145984e-18
2022-12-02,combined_min_var,WFC,4.58597948224251e-18
2023-01-04,combined_min_var,WFC,3.414346985579927e-18
2023-05-05,combined_min_var,WFC,3.4254024820680894e-18
2023-08-07,combined_min_var,WFC,2.304888151575844e-20
2023-11-03,combined_min_var,WFC,1.8000778154394975e-18
2023-12-05,combined_min_var,WFC,1.1123406343823269e-18
2021-01-04,combined_min_var,WMT,0.2310480191253104
2021-02-03,combined_min_var,WMT,0.22677695825564334
2021-03-05,combined_min_var,WMT,0.22656624585092539
2021-04-06,combined_min_var,WMT,0.21704798452549917
2021-05-05,combined_min_var,WMT,0.19173368161214
2021-06-04,combined_min_var,WMT,0.17324282298185703
2021-07-06,combined_min_var,WMT,0.1001162361586419
2021-08-04,combined_min_var,WMT,0.10586690172725607
2021-09-02,combined_min_var,WMT,0.13096742474486167
2021-10-04,combined_min_var,WMT,0.1408885877302532
2021-11-02,combined_min_var,WMT,0.1079286899601694
2021-12-02,combined_min_var,WMT,0.10359764245491022
2022-01-03,combined_min_var,WMT,0.11387611808886697
2022-02-02,combined_min_var,WMT,0.09442534870471485
2022-03-04,combined_min_var,WMT,0.13778476069150586
2022-04-04,combined_min_var,WMT,0.12396815924047648
2022-05-04,combined_min_var,WMT,0.11174462163436476
2022-06-03,combined_min_var,WMT,0.08274908655114852
2022-07-06,combined_min_var,WMT,0.11784912900434223
2022-08-04,combined_min_var,WMT,0.11705994351518252
2022-09-02,combined_min_var,WMT,0.09923459792274196
2022-10-04,combined_min_var,WMT,0.10850343426278773
2022-11-02,combined_min_var,WMT,0.11163749360561569
2022-12-02,combined_min_var,WMT,0.11647592823597892
2023-01-04,combined_min_var,WMT,0.10697418905044517
2023-02-03,combined_min_var,WMT,0.11023725730126985
2023-03-07,combined_min_var,WMT,0.09819930600590591
2023-04-05,combined_min_var,WMT,0.10640505533820793
2023-05-05,combined_min_var,WMT,0.1174164036482944
2023-06-06,combined_min_var,WMT,0.15462027609223863
2023-07-07,combined_min_var,WMT,0.12894787377823874
2023-08-07,combined_min_var,WMT,0.12947855569285496
2023-09-06,combined_min_var,WMT,0.17935590717586805
2023-10-05,combined_min_var,WMT,0.15764833995391567
2023-11-03,combined_min_var,WMT,0.19954007259404571
2023-12-05,combined_min_var,WMT,0.1473622425348459
2021-01-04,combined_min_var,XOM,1.1286556064798604e-17
2021-02-03,combined_min_var,XOM,1.5519357690154058e-17
2021-05-05,combined_min_var,XOM,1.080245858660909e-18
2021-09-02,combined_min_var,XOM,6.383085263412524e-20
2021-11-02,combined_min_var,XOM,2.9916426636111234e-18
2022-03-04,combined_min_var,XOM,1.903803223020464e-18
2022-04-04,combined_min_var,XOM,8.33890432451634e-19
2022-06-03,combined_min_var,XOM,4.573782301329721e-18
2022-09-02,combined_min_var,XOM,2.6391215792810633e-18
2022-12-02,combined_min_var,XOM,0.01395747474531505
2023-01-04,combined_min_var,XOM,0.006305270037387997
2023-05-05,combined_min_var,XOM,5.771826598977157e-18
2023-06-06,combined_min_var,XOM,7.464249238648438e-18
2023-07-07,combined_min_var,XOM,0.01587966768776907
2023-08-07,combined_min_var,XOM,0.018674327613113353
2023-09-06,combined_min_var,XOM,0.015640923165912497
2023-10-05,combined_min_var,XOM,0.008124768531980485
2023-11-03,combined_min_var,XOM,6.49846413117454e-18
2023-12-05,combined_min_var,XOM,3.636996878520253e-18
2021-01-04,combined_min_var,ADA-USD,1.1449428330240252e-17
2021-03-05,combined_min_var,ADA-USD,1.6161328067402244e-17
2021-07-06,combined_min_var,ADA-USD,1.4583965771716114e-18
2021-08-04,combined_min_var,ADA-USD,1.6463809129915102e-17
2021-09-02,combined_min_var,ADA-USD,1.4148975962039374e-18
2021-10-04,combined_min_var,ADA-USD,1.190330019529074e-18
2022-01-03,combined_min_var,ADA-USD,5.169043115835076e-18
2022-02-02,combined_min_var,ADA-USD,1.8889351086192e-18
2022-03-04,combined_min_var,ADA-USD,4.33718174591789e-18
2022-07-06,combined_min_var,ADA-USD,4.96443450027555e-18
2022-08-04,combined_min_var,ADA-USD,2.2930519917124427e-18
2022-09-02,combined_min_var,ADA-USD,7.400479564135523e-18
2022-10-04,combined_min_var,ADA-USD,4.245689171075811e-18
2022-11-02,combined_min_var,ADA-USD,1.4171156330764712e-18
2022-12-02,combined_min_var,ADA-USD,7.09243105940619e-20
2023-01-04,combined_min_var,ADA-USD,4.735215522264183e-18
2023-02-03,combined_min_var,ADA-USD,8.482133195053288e-18
2023-04-05,combined_min_var,ADA-USD,1.598517534875249e-18
2023-07-07,combined_min_var,ADA-USD,6.431183172346864e-19
2023-11-03,combined_min_var,ADA-USD,7.092782925371337e-18
2023-12-05,combined_min_var,ADA-USD,4.0251325270415916e-18
2021-05-05,combined_min_var,BCH-USD,4.392813520042693e-18
2021-06-04,combined_min_var,BCH-USD,1.0552932701569565e-17
2021-07-06,combined_min_var,BCH-USD,7.200339409214484e-18
2021-08-04,combined_min_var,BCH-USD,3.8599999759180205e-18
2021-10-04,combined_min_var,BCH-USD,7.422744358497432e-18
2022-01-03,combined_min_var,BCH-USD,9.946524645928667e-18
2022-02-02,combined_min_var,BCH-USD,5.388178705723517e-18
2022-03-04,combined_min_var,BCH-USD,4.964459148356612e-19
2022-07-06,combined_min_var,BCH-USD,4.483070393162495e-18
2022-08-04,combined_min_var,BCH-USD,2.2705049983942014e-18
2022-09-02,combined_min_var,BCH-USD,1.140601597221497e-17
2023-01-04,combined_min_var,BCH-USD,8.515683326950951e-19
2023-04-05,combined_min_var,BCH-USD,1.1081866641486875e-17
2023-06-06,combined_min_var,BCH-USD,5.332106313972001e-18
2023-07-07,combined_min_var,BCH-USD,6.591880665951695e-19
2023-08-07,combined_min_var,BCH-USD,6.187594930478943e-18
2023-11-03,combined_min_var,BCH-USD,3.3938581421290833e-18
2023-12-05,combined_min_var,BCH-USD,1.200460518829007e-18
2021-01-04,combined_min_var,BTC-USD,1.814212480292042e-17
2021-03-05,combined_min_var,BTC-USD,5.913585077522333e-18
2021-04-06,combined_min_var,BTC-USD,0.00033235425862448005
2021-05-05,combined_min_var,BTC-USD,0.004158132964516769
2021-06-04,combined_min_var,BTC-USD,5.382059650768038e-18
2021-08-04,combined_min_var,BTC-USD,2.45220596098095e-18
2021-09-02,combined_min_var,BTC-USD,4.2719665117715845e-18
2021-10-04,combined_min_var,BTC-USD,1.8735728316825527e-18
2021-11-02,combined_min_var,BTC-USD,3.306085300877554e-18
2021-12-02,combined_min_var,BTC-USD,9.584443474163238e-18
2022-03-04,combined_min_var,BTC-USD,6.8756646950767545e-18
2022-04-04,combined_min_var,BTC-USD,0.0012025132064349678
2022-06-03,combined_min_var,BTC-USD,0.009764628416772666
2022-07-06,combined_min_var,BTC-USD,2.606912771318773e-18
2022-09-02,combined_min_var,BTC-USD,3.538014209271485e-18
2022-10-04,combined_min_var,BTC-USD,1.2839266037611066e-18
2022-12-02,combined_min_var,BTC-USD,4.72948351962521e-18
2023-01-04,combined_min_var,BTC-USD,8.801690602470444e-20
2023-03-07,combined_min_var,BTC-USD,7.936922444949259e-18
2023-04-05,combined_min_var,BTC-USD,1.0100325908380354e-17
2023-07-07,combined_min_var,BTC-USD,2.5604055997645636e-19
2023-08-07,combined_min_var,BTC-USD,5.432149105360679e-18
2023-11-03,combined_min_var,BTC-USD,7.187406573466936e-19
2023-12-05,combined_min_var,BTC-USD,0.01248203557171626
2021-04-06,combined_min_var,EOS-USD,1.425619806912053e-18
2021-05-05,combined_min_var,EOS-USD,1.6946114111884044e-18
2021-11-02,combined_min_var,EOS-USD,2.672518353114935e-18
2022-01-03,combined_min_var,EOS-USD,8.232024725965764e-18
2022-02-02,combined_min_var,EOS-USD,1.117605432467704e-17
2022-05-04,combined_min_var,EOS-USD,1.0423233011123029e-17
2022-08-04,combined_min_var,EOS-USD,7.966879061284801e-18
2022-12-02,combined_min_var,EOS-USD,1.5851776019913906e-17
2023-05-05,combined_min_var,EOS-USD,8.600921574929074e-19
2023-12-05,combined_min_var,EOS-USD,2.7612617160240858e-18
2021-02-03,combined_min_var,ETC-USD,4.363382610007879e-19
2021-03-05,combined_min_var,ETC-USD,6.4111141271659586e-18
2021-05-05,combined_min_var,ETC-USD,6.151691066767658e-18
2021-07-06,combined_min_var,ETC-USD,8.745551514196868e-18
2021-08-04,combined_min_var,ETC-USD,1.192208068675543e-17
2021-10-04,combined_min_var,ETC-USD,8.113675177466978e-18
2021-11-02,combined_min_var,ETC-USD,1.9482969683967675e-17
2021-12-02,combined_min_var,ETC-USD,3.7359375057964357e-19
2022-01-03,combined_min_var,ETC-USD,1.5602123447520287e-18
2022-02-02,combined_min_var,ETC-USD,1.5868349911577053e-17
2022-05-04,combined_min_var,ETC-USD,6.635228954333103e-18
2022-08-04,combined_min_var,ETC-USD,1.0312552247090276e-17
2022-11-02,combined_min_var,ETC-USD,4.033805754183428e-18
2022-12-02,combined_min_var,ETC-USD,6.434117851453981e-18
2023-01-04,combined_min_var,ETC-USD,2.128328638677216e-18
2023-02-03,combined_min_var,ETC-USD,4.674948006508957e-18
2023-03-07,combined_min_var,ETC-USD,5.160651315081472e-18
2023-05-05,combined_min_var,ETC-USD,5.359314314727131e-18
2023-06-06,combined_min_var,ETC-USD,2.9317088420607926e-17
2023-07-07,combined_min_var,ETC-USD,8.414454577818544e-18
2023-08-07,combined_min_var,ETC-USD,6.913176439750405e-18
2023-10-05,combined_min_var,ETC-USD,7.406157990202762e-18
2021-01-04,combined_min_var,ETH-USD,2.985535549231697e-18
2021-06-04,combined_min_var,ETH-USD,9.477577919779626e-18
2021-07-06,combined_min_var,ETH-USD,2.0229230777061678e-18
2021-08-04,combined_min_var,ETH-USD,3.3219769242062995e-18
2021-10-04,combined_min_var,ETH-USD,1.3811468651851183e-18
2021-12-02,combined_min_var,ETH-USD,1.3691248050574078e-18
2022-03-04,combined_min_var,ETH-USD,2.1899002591743018e-18
2022-05-04,combined_min_var,ETH-USD,4.7083772139198336e-18
2022-10-04,combined_min_var,ETH-USD,5.354370918653524e-20
2022-11-02,combined_min_var,ETH-USD,9.31973619828477e-18
2022-12-02,combined_min_var,ETH-USD,7.205668492099751e-18
2023-02-03,combined_min_var,ETH-USD,1.2543923408865336e-17
2023-03-07,combined_min_var,ETH-USD,2.497474789757127e-18
2023-05-05,combined_min_var,ETH-USD,3.2817172089236045e-18
2023-06-06,combined_min_var,ETH-USD,2.0063629054106054e-18
2023-08-07,combined_min_var,ETH-USD,6.129090077986969e-18
2023-09-06,combined_min_var,ETH-USD,3.981951474916475e-18
2023-12-05,combined_min_var,ETH-USD,1.5406601436828927e-18
2021-01-04,combined_min_var,LTC-USD,7.797972200986226e-19
2021-02-03,combined_min_var,LTC-USD,9.369384683453356e-18
2021-03-05,combined_min_var,LTC-USD,3.108691327897621e-17
2021-04-06,combined_min_var,LTC-USD,8.426320632316548e-18
2021-07-06,combined_min_var,LTC-USD,1.7429179757355846e-17
2021-09-02,combined_min_var,LTC-USD,1.0119382748188301e-17
2021-10-04,combined_min_var,LTC-USD,2.714201203993712e-18
2021-11-02,combined_min_var,LTC-USD,8.695834284706071e-18
2021-12-02,combined_min_var,LTC-USD,1.4645716359105157e-18
2022-03-04,combined_min_var,LTC-USD,9.207032281556164e-18
2022-04-04,combined_min_var,LTC-USD,2.841781809665963e-18
2022-06-03,combined_min_var,LTC-USD,5.947160038539562e-19
2022-10-04,combined_min_var,LTC-USD,5.779472174547083e-18
2023-04-05,combined_min_var,LTC-USD,4.8747856948217266e-18
2023-05-05,combined_min_var,LTC-USD,3.3620003594973066e-18
2023-07-07,combined_min_var,LTC-USD,1.2884419158533127e-18
2023-08-07,combined_min_var,LTC-USD,5.1644702750528396e-18
2023-09-06,combined_min_var,LTC-USD,4.539193756627919e-18
2023-12-05,combined_min_var,LTC-USD,5.859423713808204e-18
2021-03-05,combined_min_var,TRX-USD,5.674759539979092e-18
2021-04-06,combined_min_var,TRX-USD,0.012858586753091424
2021-05-05,combined_min_var,TRX-USD,0.008989051488346375
2021-06-04,combined_min_var,TRX-USD,0.003818146168527319
2021-07-06,combined_min_var,TRX-USD,0.007527288788065988
2021-08-04,combined_min_var,TRX-USD,0.007128645374600905
2021-09-02,combined_min_var,TRX-USD,0.00796717435614313
2021-10-04,combined_min_var,TRX-USD,2.4532760369746453e-19
2021-11-02,combined_min_var,TRX-USD,1.6003099436091214e-18
2021-12-02,combined_min_var,TRX-USD,2.9763733420568577e-18
2022-03-04,combined_min_var,TRX-USD,1.7241303420002265e-18
2022-04-04,combined_min_var,TRX-USD,2.5037363535265153e-19
2022-06-03,combined_min_var,TRX-USD,5.3298602765536784e-18
2022-07-06,combined_min_var,TRX-USD,3.3899277898955085e-18
2022-08-04,combined_min_var,TRX-USD,4.728020378427398e-18
2022-09-02,combined_min_var,TRX-USD,8.057712551491836e-18
2022-10-04,combined_min_var,TRX-USD,4.682552554169807e-18
2022-12-02,combined_min_var,TRX-USD,8.770092487572191e-19
2023-01-04,combined_min_var,TRX-USD,0.003059394181506852
2023-02-03,combined_min_var,TRX-USD,0.006122601827406606
2023-03-07,combined_min_var,TRX-USD,1.1639655486382047e-19
2023-06-06,combined_min_var,TRX-USD,5.840331999997854e-18
2023-07-07,combined_min_var,TRX-USD,0.023408145682058554
2023-08-07,combined_min_var,TRX-USD,0.02378349829239962
2023-09-06,combined_min_var,TRX-USD,0.022653818794457124
2023-10-05,combined_min_var,TRX-USD,0.022636540582762616
2023-11-03,combined_min_var,TRX-USD,0.006782018016100212
2023-12-05,combined_min_var,TRX-USD,0.013192891634192237
2021-01-04,combined_min_var,XLM-USD,8.730742819646053e-18
2021-04-06,combined_min_var,XLM-USD,4.8091808946150384e-18
2021-06-04,combined_min_var,XLM-USD,2.432579332313459e-18
2021-11-02,combined_min_var,XLM-USD,2.868106273152007e-18
2021-12-02,combined_min_var,XLM-USD,7.337483744282878e-18
2022-04-04,combined_min_var,XLM-USD,4.338885671767758e-18
2022-06-03,combined_min_var,XLM-USD,1.7796985523440586e-18
2022-07-06,combined_min_var,XLM-USD,4.126795135630975e-18
2022-11-02,combined_min_var,XLM-USD,0.005631033791003387
2022-12-02,combined_min_var,XLM-USD,9.573873543929503e-18
2023-01-04,combined_min_var,XLM-USD,6.5100599196843664e-18
2023-03-07,combined_min_var,XLM-USD,5.324120856217165e-18
2023-07-07,combined_min_var,XLM-USD,3.7829346927294006e-19
2023-09-06,combined_min_var,XLM-USD,5.336217272697489e-19
2023-10-05,combined_min_var,XLM-USD,7.495961979234972e-18
2023-12-05,combined_min_var,XLM-USD,8.275311572408932e-19
2021-04-06,combined_min_var,XRP-USD,4.13553146392371e-18
2021-06-04,combined_min_var,XRP-USD,6.385248795003836e-18
2021-09-02,combined_min_var,XRP-USD,3.1767850913731288e-18
2021-11-02,combined_min_var,XRP-USD,8.54390960646138e-19
2022-03-04,combined_min_var,XRP-USD,2.2659720283772603e-19
2022-05-04,combined_min_var,XRP-USD,9.65244364901603e-18
2022-06-03,combined_min_var,XRP-USD,1.5315757400550674e-18
2022-11-02,combined_min_var,XRP-USD,7.5664258325111785e-19
2022-12-02,combined_min_var,XRP-USD,9.245900308340698e-18
2023-01-04,combined_min_var,XRP-USD,1.1022066547652648e-17
2023-02-03,combined_min_var,XRP-USD,3.579175878153139e-18
2023-03-07,combined_min_var,XRP-USD,3.1804265457569144e-18
2023-04-05,combined_min_var,XRP-USD,1.0586858138632844e-18
2023-05-05,combined_min_var,XRP-USD,1.2462821652034083e-17
2023-07-07,combined_min_var,XRP-USD,3.1454307059884735e-18
2023-09-06,combined_min_var,XRP-USD,8.763504757798434e-18
2023-10-05,combined_min_var,XRP-USD,2.4950424532183553e-18
2023-11-03,combined_min_var,XRP-USD,2.2749943598010124e-18
2023-12-05,combined_min_var,XRP-USD,7.237559938164355e-18
2021-02-03,combined_max_sr,ABBV,4.598618670213235e-15
2021-04-06,combined_max_sr,ABBV,0.11767137135851512
2021-05-05,combined_max_sr,ABBV,0.12433381873473744
2021-06-04,combined_max_sr,ABBV,1.505826526404593e-14
2021-07-06,combined_max_sr,ABBV,7.086591102678965e-15
2021-08-04,combined_max_sr,ABBV,0.003179408045498706
2021-10-04,combined_max_sr,ABBV,0.012716859253435284
2022-01-03,combined_max_sr,ABBV,1.1399887715730627e-14
2022-02-02,combined_max_sr,ABBV,0.10867234967066923
2022-03-04,combined_max_sr,ABBV,0.20834144346123862
2022-04-04,combined_max_sr,ABBV,0.32395902884786193
2022-05-04,combined_max_sr,ABBV,0.25820948734622806
2022-06-03,combined_max_sr,ABBV,0.2743423064974889
2022-07-06,combined_max_sr,ABBV,0.47694870958857644
2022-08-04,combined_max_sr,ABBV,0.26509954287276677
2022-09-02,combined_max_sr,ABBV,0.3415834675210363
2022-10-04,combined_max_sr,ABBV,0.5400918568900172
2022-11-02,combined_max_sr,ABBV,0.18878792532607094
2022-12-02,combined_max_sr,ABBV,0.056694651161565655
2023-01-04,combined_max_sr,ABBV,5.162984263343911e-14
2023-02-03,combined_max_sr,ABBV,3.705825415670417e-14
2023-03-07,combined_max_sr,ABBV,2.97236251875554e-15
2023-04-05,combined_max_sr,ABBV,8.680850570248517e-15
2023-05-05,combined_max_sr,ABBV,1.1266374072034993e-14
2023-06-06,combined_max_sr,ABBV,2.3571950712444713e-15
2023-07-07,combined_max_sr,ABBV,1.4117223020422323e-15
2023-09-06,combined_max_sr,ABBV,4.1240158553565816e-14
2023-10-05,combined_max_sr,ABBV,1.711686776444708e-14
2023-12-05,combined_max_sr,ABBV,1.0644023930443542e-14
2021-02-03,combined_max_sr,ABT,5.142878525598483e-15
2021-03-05,combined_max_sr,ABT,0.008042206646641964
2021-04-06,combined_max_sr,ABT,0.004439259657688391
2021-05-05,combined_max_sr,ABT,1.630739585255053e-14
2021-06-04,combined_max_sr,ABT,5.872333610663485e-15
2021-07-06,combined_max_sr,ABT,0.0016466010962267576
2021-10-04,combined_max_sr,ABT,5.024750470812695e-14
2021-11-02,combined_max_sr,ABT,0.06495827311839862
2021-12-02,combined_max_sr,ABT,0.012652202875520437
2022-01-03,combined_max_sr,ABT,0.06138242654763674
2022-02-02,combined_max_sr,ABT,3.828016854344624e-15
2022-03-04,combined_max_sr,ABT,6.349172709191556e-14
2022-04-04,combined_max_sr,ABT,3.700261784936807e-14
2022-07-06,combined_max_sr,ABT,6.266448132359762e-14
2022-08-04,combined_max_sr,ABT,4.791280586815806e-16
2022-09-02,combined_max_sr,ABT,2.0074457010587134e-14
2022-10-04,combined_max_sr,ABT,3.934521890545096e-14
2022-11-02,combined_max_sr,ABT,1.870662905891063e-14
2022-12-02,combined_max_sr,ABT,1.3905073960908417e-14
2023-01-04,combined_max_sr,ABT,1.1296648269299904e-14
2023-02-03,combined_max_sr,ABT,1.9041735515173287e-15
2023-04-05,combined_max_sr,ABT,1.6649306098615217e-14
2023-05-05,combined_max_sr,ABT,5.647988921945884e-15
2023-06-06,combined_max_sr,ABT,3.462180646311293e-15
2023-07-07,combined_max_sr,ABT,2.954511301779657e-15
2023-09-06,combined_max_sr,ABT,1.0498254820095193e-14
2023-10-05,combined_max_sr,ABT,6.383450318321096e-16
2023-12-05,combined_max_sr,ABT,6.017453870695085e-15
2021-01-04,combined_max_sr,ADBE,1.7771109608090467e-15
2021-03-05,combined_max_sr,ADBE,5.477660487324301e-17
2021-05-05,combined_max_sr,ADBE,1.1294720686433829e-14
2021-06-04,combined_max_sr,ADBE,5.077642923382166e-15
2021-10-04,combined_max_sr,ADBE,4.4001650172492756e-14
2021-11-02,combined_max_sr,ADBE,2.2258257204862863e-15
2022-02-02,combined_max_sr,ADBE,6.507797743900769e-16
2022-03-04,combined_max_sr,ADBE,3.091083639794344e-14
2022-04-04,combined_max_sr,ADBE,1.0343192028030364e-14
2022-07-06,combined_max_sr,ADBE,1.6702766580571332e-15
2023-01-04,combined_max_sr,ADBE,3.1602497095211126e-15
2023-04-05,combined_max_sr,ADBE,3.89725252697584e-14
2023-06-06,combined_max_sr,ADBE,8.584227756369314e-15
2023-08-07,combined_max_sr,ADBE,1.3777013988108242e-15
2023-09-06,combined_max_sr,ADBE,1.3474105521934903e-15
2023-10-05,combined_max_sr,ADBE,1.2346669973675566e-14
2023-12-05,combined_max_sr,ADBE,0.08002269391890326
2021-02-03,combined_max_sr,AEP,6.188463256372127e-16
2021-03-05,combined_max_sr,AEP,4.512192812841691e-16
2021-04-06,combined_max_sr,AEP,7.494459551091677e-17
2021-05-05,combined_max_sr,AEP,7.491764791949674e-15
2021-06-04,combined_max_sr,AEP,5.316144133654773e-15
2021-07-06,combined_max_sr,AEP,5.015347214097639e-16
2021-08-04,combined_max_sr,AEP,1.8117506611280555e-15
2021-10-04,combined_max_sr,AEP,2.638703150558724e-14
2021-11-02,combined_max_sr,AEP,3.5094222962067234e-15
2022-01-03,combined_max_sr,AEP,1.3671772941173236e-14
2022-02-02,combined_max_sr,AEP,5.373549503051719e-15
2022-03-04,combined_max_sr,AEP,0.03438891968326598
2022-04-04,combined_max_sr,AEP,6.778285849508896e-14
2022-06-03,combined_max_sr,AEP,0.1325080908808934
2022-07-06,combined_max_sr,AEP,8.592993652006496e-14
2022-08-04,combined_max_sr,AEP,5.2302419436612715e-15
2022-09-02,combined_max_sr,AEP,3.660095880012408e-14
2022-10-04,combined_max_sr,AEP,8.672806420585635e-14
2022-11-02,combined_max_sr,AEP,4.911161791805254e-14
2022-12-02,combined_max_sr,AEP,4.713382567397605e-14
2023-01-04,combined_max_sr,AEP,3.172182013825928e-14
2023-02-03,combined_max_sr,AEP,2.850658228284992e-14
2023-03-07,combined_max_sr,AEP,4.081935340154644e-15
2023-04-05,combined_max_sr,AEP,3.0391056783286903e-15
2023-05-05,combined_max_sr,AEP,9.843018905635936e-15
2023-06-06,combined_max_sr,AEP,3.0893270793788846e-15
2023-07-07,combined_max_sr,AEP,2.9366738334667756e-15
2023-10-05,combined_max_sr,AEP,2.329655031132056e-15
2023-11-03,combined_max_sr,AEP,9.45680519209687e-17
2023-12-05,combined_max_sr,AEP,3.578558995273225e-15
2021-02-03,combined_max_sr,AMD,2.926354809680162e-15
2021-05-05,combined_max_sr,AMD,1.101427360056423e-14
2021-06-04,combined_max_sr,AMD,1.3337874925719384e-14
2021-07-06,combined_max_sr,AMD,0.04037021701236346
2021-08-04,combined_max_sr,AMD,0.0009749552486183769
2021-10-04,combined_max_sr,AMD,4.366697320511778e-14
2021-11-02,combined_max_sr,AMD,0.025391285862508033
2022-01-03,combined_max_sr,AMD,9.653861901992292e-16
2022-02-02,combined_max_sr,AMD,3.5278054769544515e-15
2022-03-04,combined_max_sr,AMD,8.176442603295628e-14
2022-04-04,combined_max_sr,AMD,5.0340320447655525e-14
2022-06-03,combined_max_sr,AMD,0.05511046257974808
2022-07-06,combined_max_sr,AMD,1.779760340989213e-15
2022-08-04,combined_max_sr,AMD,1.2352289308714503e-15
2023-04-05,combined_max_sr,AMD,5.315819193794731e-14
2023-06-06,combined_max_sr,AMD,1.6713012653305833e-14
2023-08-07,combined_max_sr,AMD,1.3823219188703433e-15
2023-11-03,combined_max_sr,AMD,5.646391897785012e-15
2021-02-03,combined_max_sr,AMGN,3.3989707315750574e-15
2021-03-05,combined_max_sr,AMGN,3.7724621447967155e-16
2021-05-05,combined_max_sr,AMGN,9.790606326103817e-15
2021-06-04,combined_max_sr,AMGN,6.886633012366729e-15
2021-08-04,combined_max_sr,AMGN,9.365805992861815e-15
2021-09-02,combined_max_sr,AMGN,2.9065898022038843e-15
2021-12-02,combined_max_sr,AMGN,6.885308249252126e-19
2022-02-02,combined_max_sr,AMGN,4.4282085114297895e-16
2022-03-04,combined_max_sr,AMGN,5.457931942743114e-14
2022-04-04,combined_max_sr,AMGN,2.2081878109504554e-14
2022-07-06,combined_max_sr,AMGN,8.141654874666548e-14
2022-08-04,combined_max_sr,AMGN,3.668906647373849e-15
2022-09-02,combined_max_sr,AMGN,0.01678623299677757
2022-10-04,combined_max_sr,AMGN,9.243925268542949e-14
2022-11-02,combined_max_sr,AMGN,0.3682202564297832
2022-12-02,combined_max_sr,AMGN,0.24626542911966548
2023-01-04,combined_max_sr,AMGN,0.026960735561478107
2023-02-03,combined_max_sr,AMGN,3.600154490278422e-14
2023-03-07,combined_max_sr,AMGN,7.0643013178064356e-15
2023-05-05,combined_max_sr,AMGN,2.08875818650072e-14
2023-06-06,combined_max_sr,AMGN,3.596475516489311e-15
2023-07-07,combined_max_sr,AMGN,5.0660618159491115e-15
2023-09-06,combined_max_sr,AMGN,3.495963933637321e-14
2023-10-05,combined_max_sr,AMGN,0.10050059954358306
2023-11-03,combined_max_sr,AMGN,7.310174306539833e-16
2023-12-05,combined_max_sr,AMGN,6.533429796436143e-15
2021-02-03,combined_max_sr,AMT,2.4481856134229547e-15
2021-03-05,combined_max_sr,AMT,1.2098215450838316e-15
2021-04-06,combined_max_sr,AMT,7.26676098818019e-17
2021-10-04,combined_max_sr,AMT,4.611499712244853e-14
2021-11-02,combined_max_sr,AMT,5.756112327074768e-16
2021-12-02,combined_max_sr,AMT,4.627184396333868e-20
2022-01-03,combined_max_sr,AMT,4.593017508408869e-15
2022-02-02,combined_max_sr,AMT,2.9497369680693354e-16
2022-03-04,combined_max_sr,AMT,6.290649071380364e-14
2022-04-04,combined_max_sr,AMT,3.623793018271287e-14
2022-07-06,combined_max_sr,AMT,5.815539450126978e-14
2022-08-04,combined_max_sr,AMT,3.2160403549715837e-15
2022-09-02,combined_max_sr,AMT,2.0607950871986792e-14
2022-10-04,combined_max_sr,AMT,3.2612308244552845e-14
2022-11-02,combined_max_sr,AMT,1.7394817700132698e-14
2022-12-02,combined_max_sr,AMT,1.666633349068226e-14
2023-01-04,combined_max_sr,AMT,1.1252875140553961e-14
2023-02-03,combined_max_sr,AMT,1.0821675018778e-14
2023-03-07,combined_max_sr,AMT,2.967757929895353e-15
2023-04-05,combined_max_sr,AMT,1.496107708334615e-14
2023-05-05,combined_max_sr,AMT,1.5905194375497102e-15
2023-08-07,combined_max_sr,AMT,2.10206340662959e-15
2023-12-05,combined_max_sr,AMT,3.3239156442764715e-15
2021-01-04,combined_max_sr,BA,5.9320536818212116e-15
2021-03-05,combined_max_sr,BA,2.367436697841075e-15
2021-04-06,combined_max_sr,BA,1.187147661818285e-15
2021-08-04,combined_max_sr,BA,4.3375646041147176e-14
2021-09-02,combined_max_sr,BA,1.5120783842814795e-14
2021-12-02,combined_max_sr,BA,2.9212449062277454e-14
2022-02-02,combined_max_sr,BA,7.562460451102667e-15
2022-05-04,combined_max_sr,BA,2.236540441324785e-14
2022-06-03,combined_max_sr,BA,1.5062923604524017e-13
2022-09-02,combined_max_sr,BA,2.9413650021050477e-15
2022-12-02,combined_max_sr,BA,3.0226654744801544e-14
2023-01-04,combined_max_sr,BA,2.7247578258231735e-14
2023-02-03,combined_max_sr,BA,1.1124950092138303e-14
2023-03-07,combined_max_sr,BA,7.303307740775752e-15
2023-04-05,combined_max_sr,BA,2.607998773351726e-14
2023-05-05,combined_max_sr,BA,4.3090955824101355e-16
2023-06-06,combined_max_sr,BA,2.8208084037636353e-15
2023-07-07,combined_max_sr,BA,3.4030386069313074e-15
2023-09-06,combined_max_sr,BA,2.6317757250646617e-14
2023-10-05,combined_max_sr,BA,1.4614787526656683e-14
2023-12-05,combined_max_sr,BA,1.1129719817734736e-14
2021-02-03,combined_max_sr,CAT,1.6008180963970295e-15
2021-04-06,combined_max_sr,CAT,0.007853056374605474
2021-05-05,combined_max_sr,CAT,0.13840593537924814
2021-06-04,combined_max_sr,CAT,0.12415205692491472
2021-07-06,combined_max_sr,CAT,0.00036636358943860825
2021-08-04,combined_max_sr,CAT,4.202948676282681e-15
2021-12-02,combined_max_sr,CAT,1.851852458447673e-15
2022-02-02,combined_max_sr,CAT,8.104916499489468e-15
2022-04-04,combined_max_sr,CAT,9.993899654425289e-15
2022-05-04,combined_max_sr,CAT,1.1818602204676247e-15
2022-09-02,combined_max_sr,CAT,3.585539149407287e-15
2022-10-04,combined_max_sr,CAT,1.3363392384179129e-14
2022-11-02,combined_max_sr,CAT,1.9507637449820526e-14
2022-12-02,combined_max_sr,CAT,2.360213007995308e-14
2023-01-04,combined_max_sr,CAT,2.017024679302699e-14
2023-02-03,combined_max_sr,CAT,1.488783091624585e-14
2023-03-07,combined_max_sr,CAT,0.0054787832145287855
2023-04-05,combined_max_sr,CAT,3.5135078316252127e-14
2023-06-06,combined_max_sr,CAT,7.238293907683512e-16
2023-07-07,combined_max_sr,CAT,2.3410776138165696e-15
2023-09-06,combined_max_sr,CAT,3.915544877538159e-14
2023-10-05,combined_max_sr,CAT,0.0009156731791548599
2023-12-05,combined_max_sr,CAT,1.5630999683805771e-15
2021-02-03,combined_max_sr,CCI,1.263694147048487e-15
2021-03-05,combined_max_sr,CCI,3.506336311984352e-17
2021-06-04,combined_max_sr,CCI,4.686731583107803e-15
2021-07-06,combined_max_sr,CCI,2.4925559431799582e-15
2021-09-02,combined_max_sr,CCI,0.005853924651002177
2021-10-04,combined_max_sr,CCI,5.072580497316636e-14
2022-01-03,combined_max_sr,CCI,1.0259330200279256e-14
2022-02-02,combined_max_sr,CCI,2.1601758677335974e-15
2022-03-04,combined_max_sr,CCI,6.521233482160762e-14
2022-04-04,combined_max_sr,CCI,3.6534861440133796e-14
2022-07-06,combined_max_sr,CCI,5.015481555645394e-14
2022-08-04,combined_max_sr,CCI,2.5416954925898906e-15
2022-09-02,combined_max_sr,CCI,2.5476724037428372e-14
2022-10-04,combined_max_sr,CCI,4.2249872805932544e-14
2022-11-02,combined_max_sr,CCI,1.65683356065701e-14
2022-12-02,combined_max_sr,CCI,1.0812379561590941e-14
2023-01-04,combined_max_sr,CCI,2.7927349944300356e-15
2023-02-03,combined_max_sr,CCI,4.678000636750277e-15
2023-03-07,combined_max_sr,CCI,8.469576888346745e-16
2023-04-05,combined_max_sr,CCI,1.9571944550250016e-14
2023-08-07,combined_max_sr,CCI,4.453138434117553e-15
2023-11-03,combined_max_sr,CCI,6.927302530592173e-17
2023-12-05,combined_max_sr,CCI,2.4225057377113185e-16
2021-02-03,combined_max_sr,CMCSA,5.222723497226571e-16
2021-05-05,combined_max_sr,CMCSA,1.8088388815181907e-14
2021-06-04,combined_max_sr,CMCSA,5.7398458085558895e-15
2021-07-06,combined_max_sr,CMCSA,1.635520299742943e-15
2021-11-02,combined_max_sr,CMCSA,8.599725094343055e-16
2021-12-02,combined_max_sr,CMCSA,4.341999287076418e-15
2022-03-04,combined_max_sr,CMCSA,9.315009670680327e-15
2022-04-04,combined_max_sr,CMCSA,1.192181890333871e-14
2022-07-06,combined_max_sr,CMCSA,1.1554050446281409e-14
2022-11-02,combined_max_sr,CMCSA,1.1898451488139692e-15
2022-12-02,combined_max_sr,CMCSA,6.231785900366516e-15
2023-01-04,combined_max_sr,CMCSA,1.360139056077394e-14
2023-02-03,combined_max_sr,CMCSA,5.759631227662011e-15
2023-04-05,combined_max_sr,CMCSA,1.7036673667408986e-14
2023-05-05,combined_max_sr,CMCSA,6.484164592696249e-15
2023-07-07,combined_max_sr,CMCSA,7.122903647960407e-16
2023-09-06,combined_max_sr,CMCSA,1.865616628805757e-14
2023-10-05,combined_max_sr,CMCSA,1.4860440670135192e-14
2023-11-03,combined_max_sr,CMCSA,0.024100832611176178
2023-12-05,combined_max_sr,CMCSA,6.471365568630062e-15
2021-01-04,combined_max_sr,COP,6.830026943258763e-15
2021-04-06,combined_max_sr,COP,4.2771289236305086e-16
2021-08-04,combined_max_sr,COP,1.6400941413631667e-14
2021-09-02,combined_max_sr,COP,4.408823235328653e-15
2021-11-02,combined_max_sr,COP,0.016707174775751607
2021-12-02,combined_max_sr,COP,0.05746224322573183
2022-01-03,combined_max_sr,COP,0.08621216341813369
2022-02-02,combined_max_sr,COP,0.17798124938619225
2022-03-04,combined_max_sr,COP,0.1261029901294289
2022-04-04,combined_max_sr,COP,0.0809816002281736
2022-05-04,combined_max_sr,COP,0.15485789663711325
2022-06-03,combined_max_sr,COP,0.07736246391507451
2022-07-06,combined_max_sr,COP,1.4991911261719178e-14
2022-08-04,combined_max_sr,COP,6.5435778931704455e-15
2022-09-02,combined_max_sr,COP,0.055076375358832225
2022-10-04,combined_max_sr,COP,3.587661905278285e-14
2022-11-02,combined_max_sr,COP,8.550204314669519e-13
2022-12-02,combined_max_sr,COP,1.3668404219932426e-14
2023-01-04,combined_max_sr,COP,6.825587611079121e-15
2023-04-05,combined_max_sr,COP,6.470510624178147e-14
2023-05-05,combined_max_sr,COP,8.082151340144241e-15
2023-06-06,combined_max_sr,COP,2.183458455984692e-15
2023-07-07,combined_max_sr,COP,1.5803631737087745e-15
2023-09-06,combined_max_sr,COP,1.8696150574078864e-14
2023-10-05,combined_max_sr,COP,3.562730187089862e-15
2023-12-05,combined_max_sr,COP,7.013213153087917e-15
2021-01-04,combined_max_sr,CVX,4.504526610047729e-15
2021-03-05,combined_max_sr,CVX,3.0855712109640795e-16
2021-04-06,combined_max_sr,CVX,6.678288590458489e-16
2021-08-04,combined_max_sr,CVX,2.036917360333311e-14
2021-09-02,combined_max_sr,CVX,7.048012264203631e-15
2022-01-03,combined_max_sr,CVX,6.833956949503201e-15
2022-02-02,combined_max_sr,CVX,4.6952941681403226e-15
2022-03-04,combined_max_sr,CVX,0.00038567247480446375
2022-04-04,combined_max_sr,CVX,0.07527691824080882
2022-05-04,combined_max_sr,CVX,0.11826378024706573
2022-06-03,combined_max_sr,CVX,0.21003110811404463
2022-07-06,combined_max_sr,CVX,0.10047410974661146
2022-08-04,combined_max_sr,CVX,0.14651866443934988
2022-09-02,combined_max_sr,CVX,0.13126501782148745
2022-10-04,combined_max_sr,CVX,0.1902949165287548
2022-11-02,combined_max_sr,CVX,0.09863330257131125
2022-12-02,combined_max_sr,CVX,3.447051076136944e-14
2023-01-04,combined_max_sr,CVX,2.2857430684948794e-14
2023-02-03,combined_max_sr,CVX,1.5722481994056797e-14
2023-04-05,combined_max_sr,CVX,4.247729454362596e-14
2023-05-05,combined_max_sr,CVX,7.143004305088278e-15
2023-06-06,combined_max_sr,CVX,2.3330762646751032e-15
2023-07-07,combined_max_sr,CVX,3.752999917324086e-15
2023-08-07,combined_max_sr,CVX,1.288869624355759e-15
2023-09-06,combined_max_sr,CVX,1.916685977916829e-14
2023-10-05,combined_max_sr,CVX,8.842914257215776e-15
2023-11-03,combined_max_sr,CVX,1.494239702279661e-16
2023-12-05,combined_max_sr,CVX,2.607291888802336e-15
2021-05-05,combined_max_sr,D,9.956097706055695e-15
2021-06-04,combined_max_sr,D,4.723326566969254e-16
2021-08-04,combined_max_sr,D,1.1739620181669395e-14
2021-10-04,combined_max_sr,D,1.5088874730734964e-14
2022-01-03,combined_max_sr,D,1.8914858178761382e-15
2022-02-02,combined_max_sr,D,4.584104769376715e-15
2022-03-04,combined_max_sr,D,1.0116469832985119e-13
2022-04-04,combined_max_sr,D,5.5017199985816433e-14
2022-07-06,combined_max_sr,D,8.676897797314336e-14
2022-08-04,combined_max_sr,D,2.4382937293129745e-15
2022-09-02,combined_max_sr,D,3.940527035018853e-14
2022-10-04,combined_max_sr,D,6.833987740056449e-14
2022-11-02,combined_max_sr,D,4.369573325650966e-14
2022-12-02,combined_max_sr,D,2.2227679783121672e-14
2023-01-04,combined_max_sr,D,2.0175621666292767e-14
2023-02-03,combined_max_sr,D,7.874198793853098e-15
2023-04-05,combined_max_sr,D,1.75832050257174e-14
2023-05-05,combined_max_sr,D,3.2638638814557515e-15
2023-07-07,combined_max_sr,D,2.341211015560689e-17
2023-08-07,combined_max_sr,D,1.7938825489167786e-15
2023-12-05,combined_max_sr,D,2.4455066769250853e-15
2021-04-06,combined_max_sr,DD,0.06225665803212827
2021-05-05,combined_max_sr,DD,8.465902775401503e-15
2021-06-04,combined_max_sr,DD,2.1567420607265086e-15
2021-08-04,combined_max_sr,DD,1.7625691173403106e-14
2021-09-02,combined_max_sr,DD,2.2978850635755078e-15
2021-12-02,combined_max_sr,DD,1.8250859817937313e-19
2022-02-02,combined_max_sr,DD,9.741700700374507e-15
2022-05-04,combined_max_sr,DD,2.1426812156906336e-15
2022-08-04,combined_max_sr,DD,3.7544777365550883e-16
2022-10-04,combined_max_sr,DD,3.2342989886958507e-15
2022-11-02,combined_max_sr,DD,4.084129874430703e-15
2022-12-02,combined_max_sr,DD,1.3176738668894182e-14
2023-01-04,combined_max_sr,DD,1.3723525952652389e-14
2023-02-03,combined_max_sr,DD,3.190835897467947e-15
2023-03-07,combined_max_sr,DD,2.5473782723157417e-15
2023-04-05,combined_max_sr,DD,3.0926991390270934e-14
2023-05-05,combined_max_sr,DD,1.2196827580682104e-15
2023-06-06,combined_max_sr,DD,3.468982236385362e-16
2023-07-07,combined_max_sr,DD,9.33376207834119e-16
2023-09-06,combined_max_sr,DD,2.1534339027687833e-14
2023-10-05,combined_max_sr,DD,7.318387553477217e-15
2021-01-04,combined_max_sr,DIS,4.076538045242476e-16
2021-02-03,combined_max_sr,DIS,2.948320407187751e-16
2021-05-05,combined_max_sr,DIS,1.8717657105744495e-14
2021-06-04,combined_max_sr,DIS,8.813285986436771e-15
2021-07-06,combined_max_sr,DIS,0.0024756301752956885
2021-12-02,combined_max_sr,DIS,3.738184875254477e-15
2022-02-02,combined_max_sr,DIS,1.0050926742825497e-14
2022-03-04,combined_max_sr,DIS,1.8514949256939877e-15
2022-04-04,combined_max_sr,DIS,1.009608763783833e-15
2022-05-04,combined_max_sr,DIS,8.788569496818412e-15
2022-06-03,combined_max_sr,DIS,1.555364725573851e-14
2023-04-05,combined_max_sr,DIS,4.421049545107878e-14
2023-08-07,combined_max_sr,DIS,1.1435517142936455e-14
2023-11-03,combined_max_sr,DIS,1.0640789203304557e-15
2021-01-04,combined_max_sr,DOW,8.464783216431781e-16
2021-04-06,combined_max_sr,DOW,8.276934365785815e-15
2021-05-05,combined_max_sr,DOW,1.1800166495680894e-14
2021-06-04,combined_max_sr,DOW,1.3175822394001068e-16
2021-08-04,combined_max_sr,DOW,1.2015380253749534e-14
2021-09-02,combined_max_sr,DOW,7.940870257313102e-15
2021-12-02,combined_max_sr,DOW,1.4593575804112828e-14
2022-02-02,combined_max_sr,DOW,7.340666315651916e-15
2022-07-06,combined_max_sr,DOW,1.171479630976349e-14
2022-09-02,combined_max_sr,DOW,2.41107778753425e-15
2022-10-04,combined_max_sr,DOW,3.257994700053959e-15
2022-11-02,combined_max_sr,DOW,8.26756579451651e-15
2022-12-02,combined_max_sr,DOW,1.3024390512068732e-14
2023-01-04,combined_max_sr,DOW,1.0683775985397576e-14
2023-02-03,combined_max_sr,DOW,2.7422587705487738e-15
2023-03-07,combined_max_sr,DOW,3.3802645397026375e-15
2023-04-05,combined_max_sr,DOW,3.122213400696254e-14
2023-06-06,combined_max_sr,DOW,3.461706660056495e-16
2023-09-06,combined_max_sr,DOW,1.0780050353403859e-14
2023-10-05,combined_max_sr,DOW,2.356053232778814e-15
2023-11-03,combined_max_sr,DOW,9.533251263053506e-16
2023-12-05,combined_max_sr,DOW,2.9276680543267357e-15
2021-02-03,combined_max_sr,DUK,1.902469774552164e-16
2021-05-05,combined_max_sr,DUK,2.0386435554251186e-14
2021-06-04,combined_max_sr,DUK,7.8529486745694e-15
2021-08-04,combined_max_sr,DUK,0.03181246105092568
2021-09-02,combined_max_sr,DUK,0.07429168021757698
2021-10-04,combined_max_sr,DUK,3.8697171037620316e-14
2021-11-02,combined_max_sr,DUK,1.3271069840909752e-15
2022-01-03,combined_max_sr,DUK,1.1538573383531093e-14
2022-02-02,combined_max_sr,DUK,4.995505545723793e-15
2022-03-04,combined_max_sr,DUK,9.945971034442917e-14
2022-04-04,combined_max_sr,DUK,6.987496138743865e-14
2022-07-06,combined_max_sr,DUK,9.037568782865219e-14
2022-08-04,combined_max_sr,DUK,1.827060169199976e-15
2022-09-02,combined_max_sr,DUK,3.7623257135042254e-14
2022-10-04,combined_max_sr,DUK,7.107694300542692e-14
2022-11-02,combined_max_sr,DUK,3.9155009853359356e-14
2022-12-02,combined_max_sr,DUK,3.9626201364558953e-14
2023-01-04,combined_max_sr,DUK,3.361819774552542e-14
2023-02-03,combined_max_sr,DUK,2.5212782871970887e-14
2023-03-07,combined_max_sr,DUK,2.80981877195213e-15
2023-05-05,combined_max_sr,DUK,1.271140142621151e-14
2023-06-06,combined_max_sr,DUK,4.162470200974917e-15
2023-07-07,combined_max_sr,DUK,1.1132611374729966e-15
2023-09-06,combined_max_sr,DUK,1.0326235792851411e-14
2023-10-05,combined_max_sr,DUK,8.651642287540905e-15
2023-11-03,combined_max_sr,DUK,2.6485367793698273e-16
2023-12-05,combined_max_sr,DUK,1.192527315201981e-14
2021-02-03,combined_max_sr,EA,3.7751276326169016e-15
2021-04-06,combined_max_sr,EA,0.09016108564363604
2021-05-05,combined_max_sr,EA,2.299580224145056e-14
2021-06-04,combined_max_sr,EA,1.2959047773523806e-14
2021-08-04,combined_max_sr,EA,3.1410737088253385e-15
2021-10-04,combined_max_sr,EA,5.757693364826434e-14
2021-11-02,combined_max_sr,EA,0.02205775588217682
2022-02-02,combined_max_sr,EA,2.0350877940335e-15
2022-03-04,combined_max_sr,EA,7.35158963995087e-14
2022-04-04,combined_max_sr,EA,3.583352013996728e-14
2022-07-06,combined_max_sr,EA,8.697663798316619e-14
2022-08-04,combined_max_sr,EA,1.8507393742377268e-15
2022-09-02,combined_max_sr,EA,2.8276133642136736e-14
2022-10-04,combined_max_sr,EA,4.522071009741232e-14
2022-11-02,combined_max_sr,EA,5.34416183316935e-14
2022-12-02,combined_max_sr,EA,5.588896864381273e-14
2023-01-04,combined_max_sr,EA,3.771818725543169e-14
2023-02-03,combined_max_sr,EA,1.772815473343676e-14
2023-03-07,combined_max_sr,EA,4.084223596676993e-15
2023-05-05,combined_max_sr,EA,1.2313663800868974e-14
2023-06-06,combined_max_sr,EA,2.414795372546893e-16
2023-07-07,combined_max_sr,EA,2.945129856023444e-15
2023-08-07,combined_max_sr,EA,1.1257857967121016e-15
2023-09-06,combined_max_sr,EA,1.5359459667323425e-14
2023-10-05,combined_max_sr,EA,6.5062186169810195e-15
2023-12-05,combined_max_sr,EA,4.353699351978658e-15
2021-04-06,combined_max_sr,GE,0.019699224700313846
2021-05-05,combined_max_sr,GE,0.0025525333433027947
2021-06-04,combined_max_sr,GE,0.0395382946638351
2021-07-06,combined_max_sr,GE,0.08963173798364879
2021-08-04,combined_max_sr,GE,0.0815158229067307
2021-09-02,combined_max_sr,GE,0.07399625898816745
2021-10-04,combined_max_sr,GE,0.10819022361784436
2021-11-02,combined_max_sr,GE,3.860092591014948e-16
2021-12-02,combined_max_sr,GE,2.279208498988975e-19
2022-02-02,combined_max_sr,GE,6.717209363557218e-15
2022-05-04,combined_max_sr,GE,5.574177078938371e-15
2022-06-03,combined_max_sr,GE,8.748419639768346e-14
2022-08-04,combined_max_sr,GE,9.193689272728605e-17
2022-12-02,combined_max_sr,GE,6.191515361436242e-15
2023-01-04,combined_max_sr,GE,1.0244961173018826e-14
2023-02-03,combined_max_sr,GE,1.207911963270189e-14
2023-03-07,combined_max_sr,GE,3.611130336775987e-15
2023-04-05,combined_max_sr,GE,0.0722596207650109
2023-05-05,combined_max_sr,GE,0.3368112706988071
2023-06-06,combined_max_sr,GE,0.33465722279458937
2023-07-07,combined_max_sr,GE,0.49096963924701725
2023-08-07,combined_max_sr,GE,0.4327253163551448
2023-09-06,combined_max_sr,GE,0.3814331253690661
2023-10-05,combined_max_sr,GE,0.5168882398556734
2023-11-03,combined_max_sr,GE,0.41880388634610155
2023-12-05,combined_max_sr,GE,0.49812317094217234
2021-02-03,combined_max_sr,GILD,1.5280919323122903e-15
2021-03-05,combined_max_sr,GILD,4.757142944199979e-16
2021-04-06,combined_max_sr,GILD,1.0599480326174095e-15
2021-06-04,combined_max_sr,GILD,3.3581897824014305e-15
2021-08-04,combined_max_sr,GILD,2.08599413856882e-15
2021-10-04,combined_max_sr,GILD,4.432659402479106e-14
2021-11-02,combined_max_sr,GILD,1.8326332486875447e-15
2021-12-02,combined_max_sr,GILD,0.07201520983610107
2022-01-03,combined_max_sr,GILD,0.11152196505140297
2022-02-02,combined_max_sr,GILD,3.805778974962856e-15
2022-03-04,combined_max_sr,GILD,6.47042701545841e-14
2022-04-04,combined_max_sr,GILD,3.306724493787714e-14
2022-07-06,combined_max_sr,GILD,7.517251673833512e-14
2022-08-04,combined_max_sr,GILD,2.2698664643658605e-15
2022-09-02,combined_max_sr,GILD,3.8645871458462144e-14
2022-10-04,combined_max_sr,GILD,6.273584255335179e-14
2022-11-02,combined_max_sr,GILD,0.05716937696457762
2022-12-02,combined_max_sr,GILD,5.797331741098557e-14
2023-01-04,combined_max_sr,GILD,4.993849565033495e-14
2023-02-03,combined_max_sr,GILD,0.05574186387488439
2023-03-07,combined_max_sr,GILD,0.15362560585050622
2023-04-05,combined_max_sr,GILD,0.3214682346742409
2023-05-05,combined_max_sr,GILD,0.07429128582843435
2023-06-06,combined_max_sr,GILD,0.008319664222772777
2023-07-07,combined_max_sr,GILD,2.7514556667546297e-15
2023-08-07,combined_max_sr,GILD,0.04743211724849979
2023-09-06,combined_max_sr,GILD,3.5931978356210434e-14
2023-10-05,combined_max_sr,GILD,1.2194250584718295e-14
2023-12-05,combined_max_sr,GILD,6.542191016232139e-15
2021-01-04,combined_max_sr,GS,8.794724146232283e-16
2021-02-03,combined_max_sr,GS,3.5245163853068675e-16
2021-04-06,combined_max_sr,GS,0.02202945452209592
2021-05-05,combined_max_sr,GS,2.2843963858333045e-14
2021-06-04,combined_max_sr,GS,1.1405960348823872e-14
2021-07-06,combined_max_sr,GS,0.12302645238787388
2021-08-04,combined_max_sr,GS,0.12809568402135751
2021-09-02,combined_max_sr,GS,0.1822253075382919
2021-10-04,combined_max_sr,GS,8.952779131124388e-15
2021-11-02,combined_max_sr,GS,0.1565886350979725
2021-12-02,combined_max_sr,GS,0.11418268538644272
2022-01-03,combined_max_sr,GS,9.16980968207425e-15
2022-02-02,combined_max_sr,GS,9.760087670427526e-16
2022-03-04,combined_max_sr,GS,2.3259077015310126e-14
2022-04-04,combined_max_sr,GS,1.5868240715388345e-14
2022-05-04,combined_max_sr,GS,1.1589884258817417e-16
2022-07-06,combined_max_sr,GS,2.1982667536298795e-14
2022-08-04,combined_max_sr,GS,1.3159365756051964e-15
2022-09-02,combined_max_sr,GS,7.90078246474609e-15
2022-10-04,combined_max_sr,GS,1.3167459399440561e-14
2022-11-02,combined_max_sr,GS,1.3062977436920966e-14
2022-12-02,combined_max_sr,GS,2.5806858784948525e-14
2023-01-04,combined_max_sr,GS,2.2352741444687553e-14
2023-02-03,combined_max_sr,GS,1.3300849348095146e-14
2023-03-07,combined_max_sr,GS,7.0968362216992516e-15
2023-04-05,combined_max_sr,GS,2.452955349267174e-14
2023-05-05,combined_max_sr,GS,4.369292223822734e-15
2023-06-06,combined_max_sr,GS,2.729702327432906e-15
2023-07-07,combined_max_sr,GS,1.5963165628142764e-15
2023-09-06,combined_max_sr,GS,2.9236117322595413e-15
2023-11-03,combined_max_sr,GS,1.2012901067478967e-15
2021-01-04,combined_max_sr,INTC,6.800212921898892e-15
2021-03-05,combined_max_sr,INTC,1.2456894913957663e-15
2021-08-04,combined_max_sr,INTC,1.5112312646227654e-14
2021-09-02,combined_max_sr,INTC,1.682394285153202e-15
2021-12-02,combined_max_sr,INTC,8.618269153949313e-15
2022-02-02,combined_max_sr,INTC,5.404105940682995e-15
2023-01-04,combined_max_sr,INTC,8.351128505991641e-16
2023-04-05,combined_max_sr,INTC,5.811582619405476e-14
2023-08-07,combined_max_sr,INTC,6.682770325647474e-16
2023-10-05,combined_max_sr,INTC,4.075217816565768e-16
2023-12-05,combined_max_sr,INTC,0.014213397523571362
2021-02-03,combined_max_sr,KO,8.685619837211374e-16
2021-03-05,combined_max_sr,KO,7.490848888616197e-17
2021-04-06,combined_max_sr,KO,1.8870105356972844e-16
2021-05-05,combined_max_sr,KO,3.209292138172249e-15
2021-06-04,combined_max_sr,KO,3.584166586611829e-15
2021-07-06,combined_max_sr,KO,9.063644867264235e-16
2021-08-04,combined_max_sr,KO,3.1590812275642e-16
2021-10-04,combined_max_sr,KO,1.2201493306872418e-14
2021-11-02,combined_max_sr,KO,7.212886955325803e-16
2022-01-03,combined_max_sr,KO,1.5187390211604113e-15
2022-02-02,combined_max_sr,KO,5.6515230004629645e-15
2022-03-04,combined_max_sr,KO,1.0588793877208771e-13
2022-04-04,combined_max_sr,KO,6.274683966240559e-14
2022-05-04,combined_max_sr,KO,0.01800134981859748
2022-07-06,combined_max_sr,KO,0.09078740716347547
2022-08-04,combined_max_sr,KO,6.664588316464112e-15
2022-09-02,combined_max_sr,KO,4.0667327697922876e-14
2022-10-04,combined_max_sr,KO,9.181541088155945e-14
2022-11-02,combined_max_sr,KO,5.451809394605849e-14
2022-12-02,combined_max_sr,KO,5.643703054761369e-14
2023-01-04,combined_max_sr,KO,4.657499813113921e-14
2023-02-03,combined_max_sr,KO,2.465451400792161e-14
2023-03-07,combined_max_sr,KO,6.486610571047193e-15
2023-05-05,combined_max_sr,KO,1.3828977088910062e-14
2023-06-06,combined_max_sr,KO,2.6829483785280694e-15
2023-07-07,combined_max_sr,KO,3.3225869940846204e-15
2023-09-06,combined_max_sr,KO,2.538595798432845e-14
2023-10-05,combined_max_sr,KO,8.768524916222103e-15
2023-12-05,combined_max_sr,KO,7.174954761738464e-15
2021-02-03,combined_max_sr,MMM,1.4703621927469319e-15
2021-05-05,combined_max_sr,MMM,1.962024719753289e-14
2021-06-04,combined_max_sr,MMM,6.549665274152663e-15
2021-10-04,combined_max_sr,MMM,1.0823601311932184e-14
2022-01-03,combined_max_sr,MMM,3.572023739651754e-15
2022-02-02,combined_max_sr,MMM,2.3737853603194464e-16
2022-03-04,combined_max_sr,MMM,1.2376765014571917e-16
2022-05-04,combined_max_sr,MMM,9.514299591348723e-17
2022-07-06,combined_max_sr,MMM,1.101167791827538e-14
2022-08-04,combined_max_sr,MMM,1.0366079503498539e-16
2022-09-02,combined_max_sr,MMM,4.313077518352487e-15
2022-10-04,combined_max_sr,MMM,7.527310493223176e-15
2022-11-02,combined_max_sr,MMM,1.489816819011655e-14
2022-12-02,combined_max_sr,MMM,1.3679839592030942e-14
2023-01-04,combined_max_sr,MMM,8.3745110006199e-15
2023-03-07,combined_max_sr,MMM,1.287331282166669e-15
2023-04-05,combined_max_sr,MMM,2.743331442283273e-14
2023-08-07,combined_max_sr,MMM,5.518462733396292e-15
2023-11-03,combined_max_sr,MMM,4.671281131786335e-15
2021-02-03,combined_max_sr,MRK,5.62554340325843e-16
2021-06-04,combined_max_sr,MRK,1.1648468755937322e-15
2021-08-04,combined_max_sr,MRK,4.8673812156777644e-15
2021-10-04,combined_max_sr,MRK,3.205887604536569e-14
2021-11-02,combined_max_sr,MRK,0.04582659461016442
2022-01-03,combined_max_sr,MRK,2.712960126003354e-15
2022-02-02,combined_max_sr,MRK,4.4840343099179715e-15
2022-03-04,combined_max_sr,MRK,8.692424036161774e-14
2022-04-04,combined_max_sr,MRK,5.5203738130943845e-14
2022-05-04,combined_max_sr,MRK,0.050074321502807134
2022-06-03,combined_max_sr,MRK,0.08206717132360267
2022-07-06,combined_max_sr,MRK,0.05960473561248605
2022-08-04,combined_max_sr,MRK,0.036207304788855366
2022-09-02,combined_max_sr,MRK,3.9599001296973005e-14
2022-10-04,combined_max_sr,MRK,9.285490524170256e-14
2022-11-02,combined_max_sr,MRK,6.548128208236048e-14
2022-12-02,combined_max_sr,MRK,0.4041515246307188
2023-01-04,combined_max_sr,MRK,0.6730219915215473
2023-02-03,combined_max_sr,MRK,0.46551353903022996
2023-03-07,combined_max_sr,MRK,0.6425691894585203
2023-04-05,combined_max_sr,MRK,0.4092258501851629
2023-05-05,combined_max_sr,MRK,0.5202192140963636
2023-06-06,combined_max_sr,MRK,0.44822497979453896
2023-07-07,combined_max_sr,MRK,0.2786206454146345
2023-08-07,combined_max_sr,MRK,0.275289421157263
2023-09-06,combined_max_sr,MRK,0.3103265325659177
2023-10-05,combined_max_sr,MRK,0.16277084171686396
2023-11-03,combined_max_sr,MRK,0.09423138495503194
2023-12-05,combined_max_sr,MRK,9.619861794755424e-15
2021-04-06,combined_max_sr,MS,0.13533835180933704
2021-05-05,combined_max_sr,MS,0.08317528425318788
2021-06-04,combined_max_sr,MS,0.1407812716529598
2021-07-06,combined_max_sr,MS,0.04387495711832704
2021-08-04,combined_max_sr,MS,0.016895282536716245
2021-09-02,combined_max_sr,MS,0.003120612535566817
2021-10-04,combined_max_sr,MS,0.2118215871050189
2021-11-02,combined_max_sr,MS,0.00242047632869532
2022-01-03,combined_max_sr,MS,9.136750601116086e-15
2022-02-02,combined_max_sr,MS,5.0511002463810244e-15
2022-03-04,combined_max_sr,MS,3.945783803633602e-14
2022-04-04,combined_max_sr,MS,2.290338190471188e-14
2022-07-06,combined_max_sr,MS,2.035979562239856e-14
2022-08-04,combined_max_sr,MS,6.004916733973227e-16
2022-09-02,combined_max_sr,MS,4.841869220105528e-15
2022-10-04,combined_max_sr,MS,1.7246417237232484e-14
2022-11-02,combined_max_sr,MS,5.3757413142123845e-15
2022-12-02,combined_max_sr,MS,2.268565855299608e-14
2023-01-04,combined_max_sr,MS,1.493855294180121e-14
2023-02-03,combined_max_sr,MS,7.0105114845568985e-15
2023-03-07,combined_max_sr,MS,5.0140752029305935e-15
2023-04-05,combined_max_sr,MS,2.631122263175728e-14
2023-05-05,combined_max_sr,MS,3.293129018116791e-15
2023-06-06,combined_max_sr,MS,9.743792020847764e-16
2023-07-07,combined_max_sr,MS,1.2622067964088916e-15
2023-11-03,combined_max_sr,MS,3.900315499242942e-15
2021-02-03,combined_max_sr,NEE,3.529317417914974e-16
2021-05-05,combined_max_sr,NEE,5.526956037178519e-15
2021-06-04,combined_max_sr,NEE,3.0661533444221362e-15
2021-08-04,combined_max_sr,NEE,6.242430257975869e-16
2021-10-04,combined_max_sr,NEE,3.426260482856844e-14
2022-01-03,combined_max_sr,NEE,4.286681772335045e-15
2022-02-02,combined_max_sr,NEE,2.2324489793524517e-15
2022-03-04,combined_max_sr,NEE,9.190233629769866e-14
2022-04-04,combined_max_sr,NEE,8.151297979596523e-14
2022-07-06,combined_max_sr,NEE,9.322849918935682e-14
2022-08-04,combined_max_sr,NEE,1.9423134070087664e-15
2022-09-02,combined_max_sr,NEE,3.921265789196863e-14
2022-10-04,combined_max_sr,NEE,8.386693438238482e-14
2022-11-02,combined_max_sr,NEE,4.331067020344086e-14
2022-12-02,combined_max_sr,NEE,3.865443467374011e-14
2023-01-04,combined_max_sr,NEE,2.9562197269711125e-14
2023-02-03,combined_max_sr,NEE,2.327159180951222e-14
2023-03-07,combined_max_sr,NEE,2.7810754936332494e-15
2023-04-05,combined_max_sr,NEE,9.629120835105634e-15
2023-05-05,combined_max_sr,NEE,9.275196012368916e-15
2023-06-06,combined_max_sr,NEE,2.530583291265133e-15
2023-07-07,combined_max_sr,NEE,9.21570418792876e-16
2021-01-04,combined_max_sr,NEM,0.07323333591916135
2021-02-03,combined_max_sr,NEM,0.004202282068365718
2021-06-04,combined_max_sr,NEM,1.036879986344534e-14
2021-08-04,combined_max_sr,NEM,1.8116677780523802e-14
2021-09-02,combined_max_sr,NEM,3.658107744712589e-15
2021-11-02,combined_max_sr,NEM,2.874458057553278e-16
2021-12-02,combined_max_sr,NEM,1.6628993528910092e-19
2022-01-03,combined_max_sr,NEM,3.501391509998728e-15
2022-02-02,combined_max_sr,NEM,2.9162637817704266e-15
2022-03-04,combined_max_sr,NEM,0.028801845285966694
2022-04-04,combined_max_sr,NEM,0.05062869985716317
2022-07-06,combined_max_sr,NEM,7.310405149999085e-14
2022-08-04,combined_max_sr,NEM,1.3984451398845998e-16
2022-09-02,combined_max_sr,NEM,1.3654135309696084e-14
2022-10-04,combined_max_sr,NEM,4.670132489079706e-14
2022-11-02,combined_max_sr,NEM,3.0038612556856296e-14
2022-12-02,combined_max_sr,NEM,2.2291493046885053e-14
2023-01-04,combined_max_sr,NEM,1.0106364519991153e-14
2023-02-03,combined_max_sr,NEM,1.362734824595795e-15
2023-04-05,combined_max_sr,NEM,2.5414406560015964e-14
2023-05-05,combined_max_sr,NEM,2.8892426015409387e-15
2023-09-06,combined_max_sr,NEM,1.7567295313600576e-14
2023-11-03,combined_max_sr,NEM,1.1875845933818663e-18
2023-12-05,combined_max_sr,NEM,1.2313160184082242e-15
2021-02-03,combined_max_sr,NKE,4.0554577815982884e-15
2021-05-05,combined_max_sr,NKE,1.637839037186947e-14
2021-06-04,combined_max_sr,NKE,3.951261454003472e-15
2021-07-06,combined_max_sr,NKE,0.07693741194547082
2021-08-04,combined_max_sr,NKE,0.13385884025871558
2021-09-02,combined_max_sr,NKE,0.055154820163112184
2021-10-04,combined_max_sr,NKE,8.186369144153146e-15
2022-02-02,combined_max_sr,NKE,1.6153478128188746e-15
2022-03-04,combined_max_sr,NKE,3.935521456947857e-14
2022-04-04,combined_max_sr,NKE,3.2162611289654176e-14
2022-07-06,combined_max_sr,NKE,7.880019556603583e-15
2023-03-07,combined_max_sr,NKE,6.679236452288045e-16
2023-04-05,combined_max_sr,NKE,3.620956715506564e-14
2023-08-07,combined_max_sr,NKE,1.0729331508157166e-15
2023-11-03,combined_max_sr,NKE,2.8162026733325574e-16
2021-01-04,combined_max_sr,NUE,1.1323777629575992e-15
2021-02-03,combined_max_sr,NUE,3.873098102933677e-16
2021-03-05,combined_max_sr,NUE,6.218501507072071e-16
2021-05-05,combined_max_sr,NUE,1.6617687539531223e-14
2021-06-04,combined_max_sr,NUE,0.06623158603991086
2021-07-06,combined_max_sr,NUE,0.074789573590414
2021-08-04,combined_max_sr,NUE,0.09363607058298017
2021-09-02,combined_max_sr,NUE,0.0660073778071181
2021-10-04,combined_max_sr,NUE,0.002554866813620985
2021-11-02,combined_max_sr,NUE,1.549232730480935e-15
2021-12-02,combined_max_sr,NUE,0.029043171022967423
2022-01-03,combined_max_sr,NUE,0.09730221528796859
2022-02-02,combined_max_sr,NUE,0.07021332338572753
2022-03-04,combined_max_sr,NUE,0.0985799839625033
2022-04-04,combined_max_sr,NUE,0.025091756948628956
2022-05-04,combined_max_sr,NUE,0.07269740480868304
2022-07-06,combined_max_sr,NUE,5.525148802891367e-14
2022-08-04,combined_max_sr,NUE,0.004888793930728107
2022-09-02,combined_max_sr,NUE,2.0792403884528372e-14
2022-10-04,combined_max_sr,NUE,0.00576391865397402
2022-11-02,combined_max_sr,NUE,3.8300211644030516e-14
2022-12-02,combined_max_sr,NUE,4.195800786051371e-14
2023-01-04,combined_max_sr,NUE,1.9119959425663932e-14
2023-02-03,combined_max_sr,NUE,0.16232215904559125
2023-03-07,combined_max_sr,NUE,0.023382945787678362
2023-04-05,combined_max_sr,NUE,3.556872496355545e-14
2023-07-07,combined_max_sr,NUE,2.5784956549760297e-15
2023-09-06,combined_max_sr,NUE,5.066600992303527e-15
2021-01-04,combined_max_sr,NVDA,0.08481060031408891
2021-02-03,combined_max_sr,NVDA,0.20376717223125593
2021-05-05,combined_max_sr,NVDA,0.015397992797125304
2021-06-04,combined_max_sr,NVDA,0.04601702726928709
2021-07-06,combined_max_sr,NVDA,0.07555493668025783
2021-08-04,combined_max_sr,NVDA,0.07143659873453946
2021-09-02,combined_max_sr,NVDA,0.054858831884370955
2021-10-04,combined_max_sr,NVDA,0.07686444983534138
2021-11-02,combined_max_sr,NVDA,0.07387495262568598
2021-12-02,combined_max_sr,NVDA,0.12904031459659365
2022-01-03,combined_max_sr,NVDA,0.08587774759440803
2022-02-02,combined_max_sr,NVDA,0.05617330373364608
2022-03-04,combined_max_sr,NVDA,0.05803022853634977
2022-04-04,combined_max_sr,NVDA,0.05009851009629162
2022-05-04,combined_max_sr,NVDA,0.029480855575694187
2022-08-04,combined_max_sr,NVDA,4.78256369360511e-15
2022-09-02,combined_max_sr,NVDA,3.700494226406022e-14
2023-01-04,combined_max_sr,NVDA,2.4820847879144054e-15
2023-03-07,combined_max_sr,NVDA,1.9840186236388202e-15
2023-04-05,combined_max_sr,NVDA,4.9377082797084346e-14
2023-06-06,combined_max_sr,NVDA,0.09685851030286666
2023-07-07,combined_max_sr,NVDA,0.10836289450785527
2023-08-07,combined_max_sr,NVDA,0.1029657212576909
2023-09-06,combined_max_sr,NVDA,0.20359209014826557
2023-10-05,combined_max_sr,NVDA,0.17717322038070424
2023-11-03,combined_max_sr,NVDA,0.2363161304278266
2023-12-05,combined_max_sr,NVDA,0.1685180022525333
2021-01-04,combined_max_sr,O,5.592580216239058e-16
2021-05-05,combined_max_sr,O,6.673763048663395e-15
2021-08-04,combined_max_sr,O,9.934736835814021e-15
2021-09-02,combined_max_sr,O,1.6559567117003597e-15
2022-01-03,combined_max_sr,O,1.428609010576718e-15
2022-02-02,combined_max_sr,O,2.554898233000539e-15
2022-03-04,combined_max_sr,O,5.503492675951138e-14
2022-04-04,combined_max_sr,O,4.069263828530007e-14
2022-07-06,combined_max_sr,O,8.702170066028289e-14
2022-08-04,combined_max_sr,O,3.8375776847674524e-15
2022-09-02,combined_max_sr,O,3.370088699531199e-14
2022-10-04,combined_max_sr,O,6.534713785977064e-14
2022-11-02,combined_max_sr,O,4.375109244984072e-14
2022-12-02,combined_max_sr,O,3.210647757591027e-14
2023-01-04,combined_max_sr,O,2.616720602516854e-14
2023-02-03,combined_max_sr,O,2.319594715438174e-14
2023-03-07,combined_max_sr,O,5.1246858499607605e-15
2023-04-05,combined_max_sr,O,2.9282243566246418e-15
2023-05-05,combined_max_sr,O,1.3324561011040701e-14
2023-06-06,combined_max_sr,O,2.682089470443001e-15
2023-07-07,combined_max_sr,O,2.5605444566139995e-15
2023-09-06,combined_max_sr,O,7.56255255994218e-15
2023-10-05,combined_max_sr,O,2.023926142584345e-15
2023-12-05,combined_max_sr,O,5.1781160396769825e-15
2021-01-04,combined_max_sr,OXY,2.778047906894599e-15
2021-06-04,combined_max_sr,OXY,9.117025644566398e-16
2021-08-04,combined_max_sr,OXY,9.135183494642112e-15
2021-09-02,combined_max_sr,OXY,0.011604990111965884
2021-10-04,combined_max_sr,OXY,0.05890354338540636
2021-11-02,combined_max_sr,OXY,0.055027500567934616
2022-01-03,combined_max_sr,OXY,1.1019978010699258e-14
2022-02-02,combined_max_sr,OXY,1.2317737857948009e-14
2022-03-04,combined_max_sr,OXY,7.123617448840658e-14
2022-04-04,combined_max_sr,OXY,0.025085544897867417
2022-05-04,combined_max_sr,OXY,0.03819738701526492
2022-06-03,combined_max_sr,OXY,0.050139121987441665
2022-07-06,combined_max_sr,OXY,0.11603764241279758
2022-08-04,combined_max_sr,OXY,0.1814746246676856
2022-09-02,combined_max_sr,OXY,0.18850249924902085
2022-10-04,combined_max_sr,OXY,0.1898166891503139
2022-11-02,combined_max_sr,OXY,0.0947501349264292
2022-12-02,combined_max_sr,OXY,0.08915505670662068
2023-01-04,combined_max_sr,OXY,0.09551452900114427
2023-02-03,combined_max_sr,OXY,0.10699834246704985
2023-04-05,combined_max_sr,OXY,5.3635964228076935e-14
2023-05-05,combined_max_sr,OXY,4.798696483351506e-15
2023-07-07,combined_max_sr,OXY,2.2100933432932874e-17
2023-09-06,combined_max_sr,OXY,3.073077389274714e-16
2023-11-03,combined_max_sr,OXY,2.5216815376229606e-15
2021-02-03,combined_max_sr,PLD,8.886414002680028e-16
2021-03-05,combined_max_sr,PLD,7.127484384721546e-17
2021-04-06,combined_max_sr,PLD,3.0700064518732916e-16
2021-06-04,combined_max_sr,PLD,2.313082659334365e-15
2021-08-04,combined_max_sr,PLD,3.6684943722951314e-15
2021-10-04,combined_max_sr,PLD,4.077474527307129e-14
2021-11-02,combined_max_sr,PLD,0.03959877407474971
2021-12-02,combined_max_sr,PLD,0.06430777245522366
2022-01-03,combined_max_sr,PLD,0.09904877918716601
2022-02-02,combined_max_sr,PLD,0.030601508554970083
2022-03-04,combined_max_sr,PLD,0.03210051930124402
2022-04-04,combined_max_sr,PLD,0.06593462624508219
2022-05-04,combined_max_sr,PLD,0.16582610496825007
2022-07-06,combined_max_sr,PLD,6.389129642341202e-14
2022-08-04,combined_max_sr,PLD,1.9007202637918112e-15
2022-09-02,combined_max_sr,PLD,1.837467540254097e-14
2022-10-04,combined_max_sr,PLD,2.681780750667598e-14
2022-11-02,combined_max_sr,PLD,1.2893827452467361e-14
2022-12-02,combined_max_sr,PLD,1.5530443538256524e-15
2023-01-04,combined_max_sr,PLD,7.62452328745708e-16
2023-04-05,combined_max_sr,PLD,3.518259838631685e-14
2023-06-06,combined_max_sr,PLD,1.6021832108379574e-15
2023-11-03,combined_max_sr,PLD,1.3961702194706948e-15
2023-12-05,combined_max_sr,PLD,4.998741702004378e-16
2021-02-03,combined_max_sr,PSA,1.7062103837700965e-15
2021-04-06,combined_max_sr,PSA,0.017006649887318717
2021-05-05,combined_max_sr,PSA,0.15005245023158087
2021-06-04,combined_max_sr,PSA,0.22607996835153663
2021-07-06,combined_max_sr,PSA,0.33074445526270213
2021-08-04,combined_max_sr,PSA,0.375591866307777
2021-09-02,combined_max_sr,PSA,0.41335074433637875
2021-10-04,combined_max_sr,PSA,0.450438491574595
2021-11-02,combined_max_sr,PSA,0.3664398287523519
2021-12-02,combined_max_sr,PSA,0.36676600833237344
2022-01-03,combined_max_sr,PSA,0.3846988330902453
2022-02-02,combined_max_sr,PSA,0.45951572347355135
2022-03-04,combined_max_sr,PSA,0.39506795836622566
2022-04-04,combined_max_sr,PSA,0.28686681045218815
2022-05-04,combined_max_sr,PSA,0.09439141208028083
2022-07-06,combined_max_sr,PSA,7.090893465019947e-14
2022-08-04,combined_max_sr,PSA,2.7087986549765783e-15
2022-09-02,combined_max_sr,PSA,3.428115738225181e-14
2022-10-04,combined_max_sr,PSA,6.835078650613067e-14
2022-11-02,combined_max_sr,PSA,4.0742043056616557e-14
2022-12-02,combined_max_sr,PSA,1.807981640357762e-14
2023-01-04,combined_max_sr,PSA,4.202051028065363e-15
2023-02-03,combined_max_sr,PSA,3.912801477827163e-15
2023-03-07,combined_max_sr,PSA,2.4070317898956168e-15
2023-04-05,combined_max_sr,PSA,1.4339953525017377e-14
2023-05-05,combined_max_sr,PSA,5.1113531668220825e-15
2023-06-06,combined_max_sr,PSA,1.2167494346052485e-15
2023-07-07,combined_max_sr,PSA,6.674617416326479e-16
2023-09-06,combined_max_sr,PSA,1.7820056250164035e-15
2023-10-05,combined_max_sr,PSA,2.540953577845212e-16
2023-11-03,combined_max_sr,PSA,9.976738384821827e-16
2023-12-05,combined_max_sr,PSA,3.513862783773633e-15
2021-02-03,combined_max_sr,QCOM,2.6062638496258693e-15
2021-06-04,combined_max_sr,QCOM,2.215174596946205e-15
2021-08-04,combined_max_sr,QCOM,6.372871054943886e-15
2021-09-02,combined_max_sr,QCOM,8.738355277209098e-16
2021-12-02,combined_max_sr,QCOM,1.4766107338869177e-14
2022-02-02,combined_max_sr,QCOM,3.3264652929299784e-16
2022-03-04,combined_max_sr,QCOM,3.942211388976701e-14
2022-04-04,combined_max_sr,QCOM,1.4018302207134593e-14
2022-07-06,combined_max_sr,QCOM,5.3577221461548454e-14
2022-08-04,combined_max_sr,QCOM,3.0111504954794317e-15
2022-09-02,combined_max_sr,QCOM,5.301228312912033e-14
2022-10-04,combined_max_sr,QCOM,5.021115672619636e-14
2022-11-02,combined_max_sr,QCOM,1.962471965847409e-14
2023-01-04,combined_max_sr,QCOM,2.57896549552371e-15
2023-04-05,combined_max_sr,QCOM,4.3047228957556365e-14
2023-08-07,combined_max_sr,QCOM,7.731046665643154e-15
2021-02-03,combined_max_sr,SBUX,7.787158887234481e-16
2021-05-05,combined_max_sr,SBUX,1.942201448111694e-14
2021-06-04,combined_max_sr,SBUX,4.658589350903499e-15
2021-07-06,combined_max_sr,SBUX,3.2818213174166555e-16
2021-08-04,combined_max_sr,SBUX,0.019741676321550574
2021-10-04,combined_max_sr,SBUX,2.1087028952924568e-14
2022-03-04,combined_max_sr,SBUX,9.577404809431456e-15
2022-04-04,combined_max_sr,SBUX,3.286368089179844e-15
2022-05-04,combined_max_sr,SBUX,6.7762209568628415e-15
2022-07-06,combined_max_sr,SBUX,1.4030747067733353e-14
2022-09-02,combined_max_sr,SBUX,2.8042500791404904e-14
2022-10-04,combined_max_sr,SBUX,2.618656397800008e-14
2022-11-02,combined_max_sr,SBUX,2.1877135475013587e-14
2022-12-02,combined_max_sr,SBUX,3.6689541150017117e-14
2023-01-04,combined_max_sr,SBUX,2.9168259577257804e-14
2023-02-03,combined_max_sr,SBUX,2.3588347875273857e-14
2023-03-07,combined_max_sr,SBUX,6.846568037442144e-15
2023-04-05,combined_max_sr,SBUX,1.1118854103038843e-14
2023-05-05,combined_max_sr,SBUX,0.0686782293771567
2023-06-06,combined_max_sr,SBUX,4.512696315042831e-15
2023-07-07,combined_max_sr,SBUX,2.0825876693304683e-15
2023-09-06,combined_max_sr,SBUX,1.9358692200086425e-14
2023-10-05,combined_max_sr,SBUX,1.1751775692176724e-15
2021-02-03,combined_max_sr,SHW,1.460247587569578e-15
2021-03-05,combined_max_sr,SHW,7.144706934355131e-16
2021-04-06,combined_max_sr,SHW,0.10112159827204054
2021-05-05,combined_max_sr,SHW,0.09513820858187395
2021-06-04,combined_max_sr,SHW,1.1017817650704402e-14
2021-07-06,combined_max_sr,SHW,2.405273120568678e-16
2021-10-04,combined_max_sr,SHW,1.7073597504761417e-13
2021-11-02,combined_max_sr,SHW,2.1560060916566e-15
2021-12-02,combined_max_sr,SHW,0.03964445634008802
2022-01-03,combined_max_sr,SHW,0.025511593067333558
2022-02-02,combined_max_sr,SHW,4.79536462374803e-15
2022-03-04,combined_max_sr,SHW,5.272105544052498e-14
2022-04-04,combined_max_sr,SHW,3.15816800951104e-14
2022-07-06,combined_max_sr,SHW,6.62132089711632e-14
2022-08-04,combined_max_sr,SHW,1.1088596455817002e-15
2022-09-02,combined_max_sr,SHW,2.6226441413489808e-14
2022-10-04,combined_max_sr,SHW,3.670721534916447e-14
2022-11-02,combined_max_sr,SHW,2.722895808702745e-14
2022-12-02,combined_max_sr,SHW,1.794113604824976e-14
2023-01-04,combined_max_sr,SHW,1.2292692825339498e-14
2023-02-03,combined_max_sr,SHW,1.0100276549256729e-14
2023-03-07,combined_max_sr,SHW,5.298817858924229e-15
2023-04-05,combined_max_sr,SHW,6.5620345742685775e-15
2023-06-06,combined_max_sr,SHW,4.478625561486169e-16
2023-07-07,combined_max_sr,SHW,8.040369475950369e-16
2023-09-06,combined_max_sr,SHW,4.935258198107404e-15
2023-10-05,combined_max_sr,SHW,9.885967164215558e-17
2023-12-05,combined_max_sr,SHW,1.2963923601576603e-15
2021-01-04,combined_max_sr,SLB,9.104238523338266e-15
2021-03-05,combined_max_sr,SLB,1.2107101042979354e-15
2021-06-04,combined_max_sr,SLB,9.137007956581064e-15
2021-08-04,combined_max_sr,SLB,1.751027445282839e-14
2021-09-02,combined_max_sr,SLB,7.0954833884915016e-15
2021-11-02,combined_max_sr,SLB,9.639273160430538e-17
2021-12-02,combined_max_sr,SLB,7.080377136512338e-15
2022-02-02,combined_max_sr,SLB,8.408916168407574e-15
2022-03-04,combined_max_sr,SLB,1.9635127553982902e-14
2022-04-04,combined_max_sr,SLB,2.1989768287337543e-14
2022-05-04,combined_max_sr,SLB,2.9640696648036165e-14
2022-06-03,combined_max_sr,SLB,1.824994891676817e-14
2022-08-04,combined_max_sr,SLB,7.60846715440987e-16
2022-10-04,combined_max_sr,SLB,2.24186785368421e-14
2022-12-02,combined_max_sr,SLB,4.502738661231613e-13
2023-01-04,combined_max_sr,SLB,8.266882261559434e-13
2023-02-03,combined_max_sr,SLB,7.458098479531179e-15
2023-03-07,combined_max_sr,SLB,0.018181668415052882
2023-04-05,combined_max_sr,SLB,2.104237365019507e-13
2023-05-05,combined_max_sr,SLB,3.009785105318633e-15
2023-06-06,combined_max_sr,SLB,2.573931585386856e-15
2023-07-07,combined_max_sr,SLB,3.336187722709344e-15
2023-08-07,combined_max_sr,SLB,0.05475024737466623
2023-09-06,combined_max_sr,SLB,0.05438767216649257
2023-10-05,combined_max_sr,SLB,1.458845555670793e-14
2023-12-05,combined_max_sr,SLB,3.9589912463029014e-15
2021-02-03,combined_max_sr,SO,3.1336068641822035e-16
2021-03-05,combined_max_sr,SO,5.449291860983722e-16
2021-04-06,combined_max_sr,SO,1.2152057616213212e-15
2021-05-05,combined_max_sr,SO,1.0683249091702323e-14
2021-06-04,combined_max_sr,SO,4.894650188097175e-15
2021-07-06,combined_max_sr,SO,5.090055037256859e-16
2021-10-04,combined_max_sr,SO,2.6810787583616026e-14
2021-11-02,combined_max_sr,SO,3.501366760539225e-16
2022-01-03,combined_max_sr,SO,7.424379498720954e-15
2022-02-02,combined_max_sr,SO,6.0406858946288834e-15
2022-03-04,combined_max_sr,SO,9.532360345501192e-14
2022-04-04,combined_max_sr,SO,7.048223917706001e-14
2022-06-03,combined_max_sr,SO,0.11843927470245523
2022-07-06,combined_max_sr,SO,0.15614739547610926
2022-08-04,combined_max_sr,SO,0.3658110693006532
2022-09-02,combined_max_sr,SO,0.232080341363724
2022-10-04,combined_max_sr,SO,0.05969602573677906
2022-11-02,combined_max_sr,SO,5.4540163923525333e-14
2022-12-02,combined_max_sr,SO,4.474718323256269e-14
2023-01-04,combined_max_sr,SO,3.8821495861444434e-14
2023-02-03,combined_max_sr,SO,2.797112708619729e-14
2023-03-07,combined_max_sr,SO,4.250440705333047e-15
2023-05-05,combined_max_sr,SO,1.2329340592412024e-14
2023-06-06,combined_max_sr,SO,2.864396302330313e-15
2023-07-07,combined_max_sr,SO,3.2896830463364614e-15
2023-09-06,combined_max_sr,SO,1.2087016652572443e-14
2023-10-05,combined_max_sr,SO,7.177511206244105e-15
2023-12-05,combined_max_sr,SO,0.04796336615820429
2021-01-04,combined_max_sr,T,3.2532729316102294e-16
2021-02-03,combined_max_sr,T,3.07973469876364e-16
2021-03-05,combined_max_sr,T,1.315983889270044e-15
2021-05-05,combined_max_sr,T,1.2903308609698756e-14
2021-06-04,combined_max_sr,T,9.80760817805648e-17
2021-08-04,combined_max_sr,T,4.061872731511254e-15
2021-10-04,combined_max_sr,T,9.296512619801363e-16
2021-11-02,combined_max_sr,T,5.2331814115195734e-18
2021-12-02,combined_max_sr,T,1.3709634235320037e-19
2022-01-03,combined_max_sr,T,6.111042625655637e-16
2022-02-02,combined_max_sr,T,3.525399090093554e-15
2022-03-04,combined_max_sr,T,2.5983390329866626e-14
2022-04-04,combined_max_sr,T,1.2680233918285873e-14
2022-07-06,combined_max_sr,T,7.734358366284072e-14
2022-08-04,combined_max_sr,T,2.468680066492687e-16
2022-09-02,combined_max_sr,T,2.6319269664489225e-14
2022-10-04,combined_max_sr,T,3.7065552428325426e-14
2022-11-02,combined_max_sr,T,4.548136406598897e-14
2022-12-02,combined_max_sr,T,4.703780365660824e-14
2023-01-04,combined_max_sr,T,3.595028738477036e-14
2023-02-03,combined_max_sr,T,2.951073691426853e-14
2023-03-07,combined_max_sr,T,6.039036257918933e-15
2023-05-05,combined_max_sr,T,9.40239383990754e-15
2023-07-07,combined_max_sr,T,1.098029843955029e-15
2023-08-07,combined_max_sr,T,5.826211076318693e-18
2023-09-06,combined_max_sr,T,1.6435216602653473e-14
2023-10-05,combined_max_sr,T,1.1082572761160221e-14
2023-12-05,combined_max_sr,T,7.111043383996118e-15
2021-02-03,combined_max_sr,TMUS,2.874018564562104e-15
2021-05-05,combined_max_sr,TMUS,6.233087627484528e-15
2021-06-04,combined_max_sr,TMUS,9.174631228341814e-15
2021-07-06,combined_max_sr,TMUS,4.772796756812759e-16
2021-10-04,combined_max_sr,TMUS,1.2629825811646079e-14
2021-12-02,combined_max_sr,TMUS,2.104490763006282e-14
2022-02-02,combined_max_sr,TMUS,1.0404623955858572e-14
2022-03-04,combined_max_sr,TMUS,2.84373437341359e-14
2022-04-04,combined_max_sr,TMUS,2.7068305603045616e-14
2022-07-06,combined_max_sr,TMUS,4.837107429245863e-14
2022-08-04,combined_max_sr,TMUS,1.783126431774104e-15
2022-09-02,combined_max_sr,TMUS,2.976001392157447e-14
2022-10-04,combined_max_sr,TMUS,7.137322414346015e-14
2022-11-02,combined_max_sr,TMUS,0.00826820731345456
2022-12-02,combined_max_sr,TMUS,0.04583517632785685
2023-01-04,combined_max_sr,TMUS,4.63152835195766e-14
2023-02-03,combined_max_sr,TMUS,0.14660140897544424
2023-03-07,combined_max_sr,TMUS,3.895630750878091e-15
2023-04-05,combined_max_sr,TMUS,9.905304795042652e-15
2023-05-05,combined_max_sr,TMUS,1.5695857532550524e-14
2023-06-06,combined_max_sr,TMUS,1.9871837895410236e-15
2023-07-07,combined_max_sr,TMUS,2.634368436336206e-15
2023-09-06,combined_max_sr,TMUS,2.0380259825214725e-14
2023-10-05,combined_max_sr,TMUS,8.949398175146682e-15
2023-12-05,combined_max_sr,TMUS,1.0009702464835608e-14
2021-01-04,combined_max_sr,TTWO,0.0824538356735897
2021-02-03,combined_max_sr,TTWO,0.027472677041755354
2021-04-06,combined_max_sr,TTWO,0.04361657223214115
2021-05-05,combined_max_sr,TTWO,2.3010157981080608e-14
2021-06-04,combined_max_sr,TTWO,0.08530357856675831
2021-08-04,combined_max_sr,TTWO,2.415129493857903e-16
2021-10-04,combined_max_sr,TTWO,3.213188327840515e-14
2021-11-02,combined_max_sr,TTWO,7.494650511679528e-16
2021-12-02,combined_max_sr,TTWO,9.702732677169479e-16
2022-02-02,combined_max_sr,TTWO,1.1776559040017279e-16
2022-03-04,combined_max_sr,TTWO,8.133315620775328e-14
2022-04-04,combined_max_sr,TTWO,4.279466780546996e-14
2022-07-06,combined_max_sr,TTWO,3.409172382819767e-14
2022-08-04,combined_max_sr,TTWO,2.0691098644241625e-15
2022-09-02,combined_max_sr,TTWO,7.977307420817979e-14
2022-10-04,combined_max_sr,TTWO,2.4562402858218876e-14
2022-11-02,combined_max_sr,TTWO,1.6208512422588288e-14
2022-12-02,combined_max_sr,TTWO,2.3296267773810833e-14
2023-01-04,combined_max_sr,TTWO,8.477220100441553e-15
2023-03-07,combined_max_sr,TTWO,5.102784602669249e-16
2023-04-05,combined_max_sr,TTWO,1.915593908108922e-14
2023-05-05,combined_max_sr,TTWO,6.623191374505605e-15
2023-06-06,combined_max_sr,TTWO,4.1509904065871116e-15
2023-07-07,combined_max_sr,TTWO,2.138883609822247e-15
2023-09-06,combined_max_sr,TTWO,1.652278661111251e-14
2023-10-05,combined_max_sr,TTWO,8.943966882331242e-15
2023-12-05,combined_max_sr,TTWO,0.0029083369879576624
2021-01-04,combined_max_sr,UPS,0.12441520917819679
2021-02-03,combined_max_sr,UPS,0.20770455212194414
2021-03-05,combined_max_sr,UPS,0.3962712896052451
2021-04-06,combined_max_sr,UPS,0.09049369942571597
2021-05-05,combined_max_sr,UPS,0.19623082909146383
2021-06-04,combined_max_sr,UPS,0.17111969942656471
2021-07-06,combined_max_sr,UPS,0.0903073229562994
2021-10-04,combined_max_sr,UPS,6.890507709265345e-15
2021-11-02,combined_max_sr,UPS,6.088766444397379e-16
2022-01-03,combined_max_sr,UPS,2.4953166801659194e-15
2022-02-02,combined_max_sr,UPS,0.018490439971831946
2022-03-04,combined_max_sr,UPS,8.435211203607191e-14
2022-04-04,combined_max_sr,UPS,5.097940397499447e-14
2022-07-06,combined_max_sr,UPS,5.56280191443612e-14
2022-08-04,combined_max_sr,UPS,4.059488341393486e-15
2022-09-02,combined_max_sr,UPS,4.2124668692049484e-14
2022-10-04,combined_max_sr,UPS,5.1003275245829437e-14
2022-11-02,combined_max_sr,UPS,1.7827588446559663e-14
2022-12-02,combined_max_sr,UPS,3.20586383006389e-14
2023-01-04,combined_max_sr,UPS,1.506972002540125e-14
2023-02-03,combined_max_sr,UPS,3.9262502789833e-15
2023-03-07,combined_max_sr,UPS,3.169757882493217e-15
2023-04-05,combined_max_sr,UPS,8.603251863631613e-15
2023-05-05,combined_max_sr,UPS,8.561195187020945e-15
2023-06-06,combined_max_sr,UPS,1.1273335992858752e-15
2023-07-07,combined_max_sr,UPS,8.009003603681772e-17
2023-11-03,combined_max_sr,UPS,6.853964961715165e-16
2021-01-04,combined_max_sr,USB,1.862754344218413e-15
2021-04-06,combined_max_sr,USB,6.165555177785136e-16
2021-05-05,combined_max_sr,USB,7.969812951226496e-15
2021-06-04,combined_max_sr,USB,5.033555659767438e-15
2021-07-06,combined_max_sr,USB,1.1684308506806802e-16
2021-08-04,combined_max_sr,USB,1.4164215326370921e-14
2021-09-02,combined_max_sr,USB,2.840837377156659e-15
2021-10-04,combined_max_sr,USB,7.1138471035442e-15
2022-01-03,combined_max_sr,USB,7.966023339660322e-17
2022-02-02,combined_max_sr,USB,1.3189415928272846e-15
2022-03-04,combined_max_sr,USB,2.835555613679175e-14
2022-04-04,combined_max_sr,USB,2.2399998230792418e-15
2022-05-04,combined_max_sr,USB,3.76910923686375e-15
2022-07-06,combined_max_sr,USB,1.408916095484223e-14
2022-09-02,combined_max_sr,USB,9.88909790781037e-15
2022-11-02,combined_max_sr,USB,6.25997120924891e-15
2022-12-02,combined_max_sr,USB,1.2631186095729656e-14
2023-01-04,combined_max_sr,USB,1.2322846440607006e-14
2023-02-03,combined_max_sr,USB,3.750914537070664e-15
2023-03-07,combined_max_sr,USB,1.7272456745828352e-15
2023-04-05,combined_max_sr,USB,4.64290840943123e-14
2023-08-07,combined_max_sr,USB,3.3995072253909405e-15
2021-02-03,combined_max_sr,V,8.15502310857757e-17
2021-03-05,combined_max_sr,V,3.75509505986395e-16
2021-05-05,combined_max_sr,V,2.5037053237280062e-15
2021-08-04,combined_max_sr,V,1.1317108383848659e-14
2021-09-02,combined_max_sr,V,2.4915297780596145e-15
2021-12-02,combined_max_sr,V,1.8543985010186215e-14
2022-02-02,combined_max_sr,V,3.8536281604332335e-15
2022-04-04,combined_max_sr,V,1.926624953456873e-14
2022-07-06,combined_max_sr,V,2.96388398017049e-14
2022-08-04,combined_max_sr,V,4.146594060480881e-16
2022-09-02,combined_max_sr,V,1.7021516554040823e-14
2022-10-04,combined_max_sr,V,1.8605248845134818e-14
2022-11-02,combined_max_sr,V,3.37031996804113e-14
2022-12-02,combined_max_sr,V,3.3598439483580974e-14
2023-01-04,combined_max_sr,V,2.072271167578534e-14
2023-02-03,combined_max_sr,V,9.431900330663947e-15
2023-03-07,combined_max_sr,V,5.035687811306229e-15
2023-04-05,combined_max_sr,V,1.5616187211647082e-14
2023-05-05,combined_max_sr,V,5.144579547499385e-15
2023-06-06,combined_max_sr,V,2.1124387601464736e-15
2023-07-07,combined_max_sr,V,7.008625403788205e-16
2023-09-06,combined_max_sr,V,1.972590716133319e-14
2023-10-05,combined_max_sr,V,7.150775787792594e-15
2023-12-05,combined_max_sr,V,6.443873044780091e-15
2021-01-04,combined_max_sr,WFC,7.64393512993841e-15
2021-03-05,combined_max_sr,WFC,9.154102272205989e-16
2021-04-06,combined_max_sr,WFC,2.466902537363886e-15
2021-05-05,combined_max_sr,WFC,3.667450545974358e-15
2021-06-04,combined_max_sr,WFC,5.009101276527734e-15
2021-07-06,combined_max_sr,WFC,8.607951340967969e-16
2021-10-04,combined_max_sr,WFC,0.009390962087082138
2021-11-02,combined_max_sr,WFC,0.09557426029757474
2021-12-02,combined_max_sr,WFC,0.0593834872008551
2022-01-03,combined_max_sr,WFC,0.027545188958863837
2022-02-02,combined_max_sr,WFC,0.06024886643361452
2022-03-04,combined_max_sr,WFC,8.612647623723825e-14
2022-04-04,combined_max_sr,WFC,3.818739220674665e-14
2022-07-06,combined_max_sr,WFC,2.136996933091965e-14
2022-08-04,combined_max_sr,WFC,5.802983142428417e-16
2022-09-02,combined_max_sr,WFC,1.97261540220052e-14
2022-10-04,combined_max_sr,WFC,2.4483904703509703e-14
2022-11-02,combined_max_sr,WFC,1.297663178126796e-14
2022-12-02,combined_max_sr,WFC,1.7412785962922444e-14
2023-01-04,combined_max_sr,WFC,1.3899300087706681e-14
2023-03-07,combined_max_sr,WFC,1.640023009191885e-15
2023-04-05,combined_max_sr,WFC,4.097317686097328e-14
2023-08-07,combined_max_sr,WFC,4.052768753816331e-16
2023-11-03,combined_max_sr,WFC,3.776400681397289e-16
2021-02-03,combined_max_sr,WMT,2.630024251011173e-15
2021-05-05,combined_max_sr,WMT,1.7525961534824568e-14
2021-06-04,combined_max_sr,WMT,1.0509603514245515e-14
2021-10-04,combined_max_sr,WMT,1.4233753570178002e-14
2021-11-02,combined_max_sr,WMT,1.4395727739298125e-15
2021-12-02,combined_max_sr,WMT,3.592920018367673e-19
2022-01-03,combined_max_sr,WMT,1.997135683947892e-15
2022-02-02,combined_max_sr,WMT,1.9933917686740435e-15
2022-03-04,combined_max_sr,WMT,9.516718208869998e-14
2022-04-04,combined_max_sr,WMT,6.358053116612756e-14
2022-07-06,combined_max_sr,WMT,6.891572719415347e-14
2022-08-04,combined_max_sr,WMT,5.189664919802701e-16
2022-09-02,combined_max_sr,WMT,3.4038520198494217e-14
2022-10-04,combined_max_sr,WMT,7.316405677991064e-14
2022-11-02,combined_max_sr,WMT,5.517473999394306e-14
2022-12-02,combined_max_sr,WMT,5.855172683710903e-14
2023-01-04,combined_max_sr,WMT,4.019892641794394e-14
2023-02-03,combined_max_sr,WMT,3.045111507979451e-14
2023-03-07,combined_max_sr,WMT,8.287058816143118e-15
2023-05-05,combined_max_sr,WMT,2.2663986339628017e-14
2023-06-06,combined_max_sr,WMT,0.035713813552526945
2023-07-07,combined_max_sr,WMT,0.03435073126262648
2023-09-06,combined_max_sr,WMT,4.3490510030149566e-14
2023-10-05,combined_max_sr,WMT,1.5146161259378747e-14
2023-11-03,combined_max_sr,WMT,0.14712669040271523
2023-12-05,combined_max_sr,WMT,9.144073794055873e-15
2021-01-04,combined_max_sr,XOM,6.095977071715258e-15
2021-08-04,combined_max_sr,XOM,8.175558399572634e-15
2021-09-02,combined_max_sr,XOM,8.309903713273293e-16
2021-10-04,combined_max_sr,XOM,3.3852092740463206e-15
2021-11-02,combined_max_sr,XOM,2.947477563906978e-16
2021-12-02,combined_max_sr,XOM,0.02589402986983039
2022-01-03,combined_max_sr,XOM,8.430407078368222e-15
2022-02-02,combined_max_sr,XOM,5.206765403253485e-15
2022-03-04,combined_max_sr,XOM,6.980560410367353e-14
2022-04-04,combined_max_sr,XOM,3.8742947510766295e-14
2022-07-06,combined_max_sr,XOM,5.479220285844429e-14
2022-08-04,combined_max_sr,XOM,3.922938021132333e-15
2022-09-02,combined_max_sr,XOM,0.03470606568913762
2022-10-04,combined_max_sr,XOM,0.014336593041342618
2022-11-02,combined_max_sr,XOM,0.1841707964675658
2022-12-02,combined_max_sr,XOM,0.15789816205300777
2023-01-04,combined_max_sr,XOM,0.20450274391491993
2023-02-03,combined_max_sr,XOM,0.06282268660686485
2023-03-07,combined_max_sr,XOM,0.15676180727382957
2023-04-05,combined_max_sr,XOM,0.19704629437365018
2023-05-05,combined_max_sr,XOM,1.0881615079007527e-14
2023-06-06,combined_max_sr,XOM,6.181626327858632e-16
2023-07-07,combined_max_sr,XOM,2.8892780916682714e-15
2023-09-06,combined_max_sr,XOM,3.3503504882804214e-14
2023-10-05,combined_max_sr,XOM,1.336698101791225e-14
2023-12-05,combined_max_sr,XOM,6.3874234063516455e-15
2021-01-04,combined_max_sr,ADA-USD,1.7412518931049558e-15
2021-03-05,combined_max_sr,ADA-USD,0.06648504760571189
2021-04-06,combined_max_sr,ADA-USD,0.054080731229217326
2021-05-05,combined_max_sr,ADA-USD,0.0365196804266657
2021-06-04,combined_max_sr,ADA-USD,0.022893152186588953
2021-07-06,combined_max_sr,ADA-USD,0.004605000089746212
2021-08-04,combined_max_sr,ADA-USD,0.002524558672877474
2021-09-02,combined_max_sr,ADA-USD,0.028560053571784996
2021-10-04,combined_max_sr,ADA-USD,0.03999513665125939
2021-11-02,combined_max_sr,ADA-USD,0.03256334470935239
2021-12-02,combined_max_sr,ADA-USD,0.026488915426040784
2022-01-03,combined_max_sr,ADA-USD,0.012657038270900572
2022-02-02,combined_max_sr,ADA-USD,4.5838994776221944e-15
2022-05-04,combined_max_sr,ADA-USD,2.4841326126015657e-14
2022-06-03,combined_max_sr,ADA-USD,5.769871506071244e-13
2023-01-04,combined_max_sr,ADA-USD,3.838414625206657e-15
2023-04-05,combined_max_sr,ADA-USD,1.4309643569576048e-13
2023-08-07,combined_max_sr,ADA-USD,1.3695285020895128e-14
2023-11-03,combined_max_sr,ADA-USD,1.878702837533831e-15
2021-01-04,combined_max_sr,BCH-USD,1.1286529471448036e-14
2021-03-05,combined_max_sr,BCH-USD,5.321101135118547e-15
2021-04-06,combined_max_sr,BCH-USD,1.7194720605564476e-14
2021-08-04,combined_max_sr,BCH-USD,4.7033611747632695e-14
2021-09-02,combined_max_sr,BCH-USD,2.4268178672072825e-14
2021-12-02,combined_max_sr,BCH-USD,7.77976345293141e-14
2022-02-02,combined_max_sr,BCH-USD,1.662360162054754e-14
2022-05-04,combined_max_sr,BCH-USD,3.634792526594696e-14
2022-06-03,combined_max_sr,BCH-USD,4.645675276326476e-13
2023-01-04,combined_max_sr,BCH-USD,2.966488305039529e-15
2023-04-05,combined_max_sr,BCH-USD,1.141841775973907e-13
2023-07-07,combined_max_sr,BCH-USD,0.06572243397230063
2023-08-07,combined_max_sr,BCH-USD,0.03136379488657445
2023-09-06,combined_max_sr,BCH-USD,0.022926844956135378
2023-10-05,combined_max_sr,BCH-USD,0.041751425324024975
2023-11-03,combined_max_sr,BCH-USD,0.07413697513624569
2023-12-05,combined_max_sr,BCH-USD,0.05527821207842863
2021-01-04,combined_max_sr,BTC-USD,0.5758379159931446
2021-02-03,combined_max_sr,BTC-USD,0.41458225860198683
2021-03-05,combined_max_sr,BTC-USD,0.4541852028110821
2021-04-06,combined_max_sr,BTC-USD,0.18432472744192327
2021-05-05,combined_max_sr,BTC-USD,0.12403136244160487
2021-06-04,combined_max_sr,BTC-USD,0.0305657790628037
2021-07-06,combined_max_sr,BTC-USD,0.014625734562797157
2021-08-04,combined_max_sr,BTC-USD,0.015924067209871478
2021-09-02,combined_max_sr,BTC-USD,0.015775375121700116
2021-10-04,combined_max_sr,BTC-USD,0.015114331389688328
2021-11-02,combined_max_sr,BTC-USD,4.637077284300329e-16
2021-12-02,combined_max_sr,BTC-USD,2.830642954796205e-19
2022-02-02,combined_max_sr,BTC-USD,1.0562531146584802e-14
2022-05-04,combined_max_sr,BTC-USD,1.299516398781537e-14
2022-06-03,combined_max_sr,BTC-USD,1.2688445506148985e-13
2023-01-04,combined_max_sr,BTC-USD,1.9008005803908186e-15
2023-04-05,combined_max_sr,BTC-USD,7.80233653588735e-14
2023-08-07,combined_max_sr,BTC-USD,1.4654213203142004e-15
2023-10-05,combined_max_sr,BTC-USD,1.8741244432745543e-15
2023-12-05,combined_max_sr,BTC-USD,0.13297282013825454
2021-01-04,combined_max_sr,EOS-USD,1.685923835931044e-14
2021-03-05,combined_max_sr,EOS-USD,6.2110367552060795e-15
2021-04-06,combined_max_sr,EOS-USD,1.0705664944599905e-14
2021-08-04,combined_max_sr,EOS-USD,2.9530919459968695e-14
2021-09-02,combined_max_sr,EOS-USD,1.0012223126413733e-14
2021-12-02,combined_max_sr,EOS-USD,6.973954223514189e-14
2022-02-02,combined_max_sr,EOS-USD,4.014514593876185e-15
2022-05-04,combined_max_sr,EOS-USD,6.842553483735477e-15
2022-06-03,combined_max_sr,EOS-USD,5.587432893386178e-13
2023-01-04,combined_max_sr,EOS-USD,2.1914426871131938e-15
2023-04-05,combined_max_sr,EOS-USD,9.124891750026961e-14
2023-08-07,combined_max_sr,EOS-USD,5.234628480975673e-15
2023-11-03,combined_max_sr,EOS-USD,1.2422354147203737e-15
2021-01-04,combined_max_sr,ETC-USD,9.642988952655983e-15
2021-03-05,combined_max_sr,ETC-USD,3.2993730446453164e-15
2021-04-06,combined_max_sr,ETC-USD,9.336414368992847e-15
2021-05-05,combined_max_sr,ETC-USD,0.018848693221134787
2021-06-04,combined_max_sr,ETC-USD,0.030415343274449155
2021-07-06,combined_max_sr,ETC-USD,0.02154541660948768
2021-08-04,combined_max_sr,ETC-USD,0.015173482339209728
2021-09-02,combined_max_sr,ETC-USD,0.015200023072969379
2021-10-04,combined_max_sr,ETC-USD,0.014009548286654844
2021-11-02,combined_max_sr,ETC-USD,0.002971143296687301
2021-12-02,combined_max_sr,ETC-USD,0.0031195034321899002
2022-01-03,combined_max_sr,ETC-USD,0.00824204952600243
2022-02-02,combined_max_sr,ETC-USD,0.018103235389842712
2022-03-04,combined_max_sr,ETC-USD,0.018200438798450614
2022-04-04,combined_max_sr,ETC-USD,0.016076504185703444
2022-05-04,combined_max_sr,ETC-USD,1.50606591394865e-14
2022-06-03,combined_max_sr,ETC-USD,4.20594898741913e-13
2023-04-05,combined_max_sr,ETC-USD,1.0941516328499954e-13
2023-08-07,combined_max_sr,ETC-USD,1.3197011138782452e-15
2023-11-03,combined_max_sr,ETC-USD,6.170547246044506e-15
2021-01-04,combined_max_sr,ETH-USD,4.327131086646781e-14
2021-02-03,combined_max_sr,ETH-USD,4.1138765766187834e-14
2021-03-05,combined_max_sr,ETH-USD,3.0190222270204195e-16
2021-04-06,combined_max_sr,ETH-USD,3.548534223858082e-15
2021-06-04,combined_max_sr,ETH-USD,0.01614722444247384
2021-07-06,combined_max_sr,ETH-USD,9.367966701176847e-15
2021-10-04,combined_max_sr,ETH-USD,1.1816388225519572e-14
2021-11-02,combined_max_sr,ETH-USD,1.0437564543306114e-15
2022-01-03,combined_max_sr,ETH-USD,1.4769548951546427e-14
2022-02-02,combined_max_sr,ETH-USD,9.143482763358167e-15
2022-05-04,combined_max_sr,ETH-USD,9.66690775906867e-15
2022-06-03,combined_max_sr,ETH-USD,2.5192364573907184e-13
2023-01-04,combined_max_sr,ETH-USD,2.288323389353986e-15
2023-04-05,combined_max_sr,ETH-USD,1.0647381057231235e-13
2023-08-07,combined_max_sr,ETH-USD,7.981231859612115e-16
2021-01-04,combined_max_sr,LTC-USD,6.644880469236453e-15
2021-03-05,combined_max_sr,LTC-USD,3.960913635712839e-15
2021-04-06,combined_max_sr,LTC-USD,1.5017758608779443e-14
2021-08-04,combined_max_sr,LTC-USD,4.39137652325179e-14
2021-09-02,combined_max_sr,LTC-USD,2.4239107315922418e-14
2021-12-02,combined_max_sr,LTC-USD,3.505437885946558e-14
2022-02-02,combined_max_sr,LTC-USD,1.992850699777946e-14
2022-05-04,combined_max_sr,LTC-USD,2.19780212344598e-14
2022-06-03,combined_max_sr,LTC-USD,4.5312837517144795e-13
2023-01-04,combined_max_sr,LTC-USD,1.6101584736684412e-15
2023-04-05,combined_max_sr,LTC-USD,6.774452871873298e-14
2023-11-03,combined_max_sr,LTC-USD,4.189160799385959e-15
2021-01-04,combined_max_sr,TRX-USD,1.3809341513097546e-15
2021-04-06,combined_max_sr,TRX-USD,0.049907559413298726
2021-05-05,combined_max_sr,TRX-USD,0.01531321149830552
2021-06-04,combined_max_sr,TRX-USD,0.0007550181378911181
2021-07-06,combined_max_sr,TRX-USD,0.009498188939727838
2021-08-04,combined_max_sr,TRX-USD,0.00963922576234817
2021-11-02,combined_max_sr,TRX-USD,1.6836997172195416e-14
2021-12-02,combined_max_sr,TRX-USD,6.526777719968483e-15
2022-01-03,combined_max_sr,TRX-USD,1.2547847820790874e-14
2022-05-04,combined_max_sr,TRX-USD,6.466235957776503e-15
2022-06-03,combined_max_sr,TRX-USD,1.2057080916086218e-13
2023-01-04,combined_max_sr,TRX-USD,1.1318100063545315e-15
2023-02-03,combined_max_sr,TRX-USD,1.1716834987963041e-14
2023-03-07,combined_max_sr,TRX-USD,1.411766332309595e-15
2023-04-05,combined_max_sr,TRX-USD,4.723669516030357e-14
2023-09-06,combined_max_sr,TRX-USD,1.545250171272854e-14
2023-10-05,combined_max_sr,TRX-USD,1.3957524095620679e-14
2023-12-05,combined_max_sr,TRX-USD,6.389310918125042e-15
2021-01-04,combined_max_sr,XLM-USD,0.05924910292172825
2021-02-03,combined_max_sr,XLM-USD,0.14227105793465827
2021-03-05,combined_max_sr,XLM-USD,0.07501625333131334
2021-04-06,combined_max_sr,XLM-USD,2.9106205533160753e-15
2021-07-06,combined_max_sr,XLM-USD,2.7255679496897223e-15
2021-09-02,combined_max_sr,XLM-USD,1.0791702799782748e-14
2021-12-02,combined_max_sr,XLM-USD,3.689173542229789e-14
2022-01-03,combined_max_sr,XLM-USD,1.0996116445919835e-14
2022-02-02,combined_max_sr,XLM-USD,4.256811188325493e-14
2022-05-04,combined_max_sr,XLM-USD,3.438573973877878e-14
2022-06-03,combined_max_sr,XLM-USD,4.283120966333146e-13
2023-01-04,combined_max_sr,XLM-USD,5.38850586105933e-15
2023-04-05,combined_max_sr,XLM-USD,1.0608665895745755e-13
2023-08-07,combined_max_sr,XLM-USD,6.158569584620941e-15
2023-11-03,combined_max_sr,XLM-USD,5.555647749414802e-16
2021-01-04,combined_max_sr,XRP-USD,1.118262814870691e-14
2021-02-03,combined_max_sr,XRP-USD,2.0722707481311308e-16
2021-03-05,combined_max_sr,XRP-USD,1.934822551299644e-15
2021-04-06,combined_max_sr,XRP-USD,2.3774030132587503e-15
2021-06-04,combined_max_sr,XRP-USD,3.95611821755073e-15
2021-07-06,combined_max_sr,XRP-USD,6.812107650538722e-16
2021-11-02,combined_max_sr,XRP-USD,2.1678731991216472e-15
2021-12-02,combined_max_sr,XRP-USD,6.316976230257112e-14
2022-01-03,combined_max_sr,XRP-USD,1.479968799339922e-14
2022-02-02,combined_max_sr,XRP-USD,2.4231853380932773e-15
2022-05-04,combined_max_sr,XRP-USD,1.8659091462842855e-14
2022-06-03,combined_max_sr,XRP-USD,3.7537642616080816e-13
2023-01-04,combined_max_sr,XRP-USD,1.0991163269567056e-15
2023-04-05,combined_max_sr,XRP-USD,4.775133530415435e-14
2023-06-06,combined_max_sr,XRP-USD,0.07622580933273074
2023-07-07,combined_max_sr,XRP-USD,0.021973655595564613
2023-08-07,combined_max_sr,XRP-USD,0.055473381720148804
2023-09-06,combined_max_sr,XRP-USD,0.027333734794165496
2023-10-05,combined_max_sr,XRP-USD,1.5062847856045727e-14
2023-11-03,combined_max_sr,XRP-USD,0.005284100120900953
2023-12-05,combined_max_sr,XRP-USD,2.220071772396686e-15
2021-01-04,equity_min_var,ABBV,0.1631221592795772
2021-02-03,equity_min_var,ABBV,0.14731592542951807
2021-03-05,equity_min_var,ABBV,0.1412231047949836
2021-04-06,equity_min_var,ABBV,0.10276269799666156
2021-05-05,equity_min_var,ABBV,0.07769385558996304
2021-06-04,equity_min_var,ABBV,0.04851248527827218
2021-07-06,equity_min_var,ABBV,0.03802545922150388
2021-08-04,equity_min_var,ABBV,0.028927095674953072
2021-09-02,equity_min_var,ABBV,0.016754645663930267
2021-11-02,equity_min_var,ABBV,0.00011477800398761454
2021-12-02,equity_min_var,ABBV,0.033937628221193325
2022-01-03,equity_min_var,ABBV,0.02179488643580241
2022-02-02,equity_min_var,ABBV,0.049096310354367206
2022-03-04,equity_min_var,ABBV,0.04079480513698866
2022-04-04,equity_min_var,ABBV,0.03798672336468085
2022-05-04,equity_min_var,ABBV,0.02276026857482665
2022-06-03,equity_min_var,ABBV,0.06502247888944648
2022-07-06,equity_min_var,ABBV,0.05057978983598564
2022-08-04,equity_min_var,ABBV,0.059124552514173735
2022-09-02,equity_min_var,ABBV,0.06041152163141811
2022-10-04,equity_min_var,ABBV,0.06289457468684162
2022-11-02,equity_min_var,ABBV,0.08813284868614811
2022-12-02,equity_min_var,ABBV,0.06121495506711957
2023-01-04,equity_min_var,ABBV,0.07816343929711385
2023-02-03,equity_min_var,ABBV,0.06617231803179743
2023-03-07,equity_min_var,ABBV,0.05489617465908328
2023-04-05,equity_min_var,ABBV,0.05928979313695943
2023-05-05,equity_min_var,ABBV,0.10112032659372808
2023-06-06,equity_min_var,ABBV,0.053425015817067406
2023-07-07,equity_min_var,ABBV,0.08413634559923992
2023-08-07,equity_min_var,ABBV,0.08432798284817417
2023-09-06,equity_min_var,ABBV,0.07846640180231984
2023-10-05,equity_min_var,ABBV,0.09732752053588017
2023-11-03,equity_min_var,ABBV,0.07975143855139707
2023-12-05,equity_min_var,ABBV,0.09037725730242631
2021-01-04,equity_min_var,ABT,4.7756194025371275e-17
2021-03-05,equity_min_var,ABT,3.229044563568466e-17
2021-05-05,equity_min_var,ABT,1.117828787934714e-17
2021-06-04,equity_min_var,ABT,1.5712125661297884e-17
2021-07-06,equity_min_var,ABT,6.344024929460824e-18
2021-08-04,equity_min_var,ABT,0.009199403937050451
2021-09-02,equity_min_var,ABT,0.009004932290670736
2021-10-04,equity_min_var,ABT,0.03947233346112104
2021-11-02,equity_min_var,ABT,0.05493537126955094
2021-12-02,equity_min_var,ABT,0.08294378254713587
2022-01-03,equity_min_var,ABT,0.0692243072153751
2022-02-02,equity_min_var,ABT,0.026317572644600454
2022-03-04,equity_min_var,ABT,0.013462578910785974
2022-04-04,equity_min_var,ABT,2.6253776399810776e-05
2022-05-04,equity_min_var,ABT,5.639435891397047e-18
2022-07-06,equity_min_var,ABT,3.0892439470394793e-18
2022-08-04,equity_min_var,ABT,7.629706210070456e-18
2022-09-02,equity_min_var,ABT,7.070057754468356e-18
2022-10-04,equity_min_var,ABT,1.7529468676165462e-17
2022-12-02,equity_min_var,ABT,2.79448405213246e-18
2023-01-04,equity_min_var,ABT,6.855477679030495e-18
2023-02-03,equity_min_var,ABT,7.948332563199431e-18
2023-03-07,equity_min_var,ABT,1.3387125573336558e-17
2023-04-05,equity_min_var,ABT,1.0045247550775901e-17
2023-07-07,equity_min_var,ABT,2.114064547086249e-19
2023-11-03,equity_min_var,ABT,1.2742184895728103e-17
2023-12-05,equity_min_var,ABT,0.01804088045317589
2021-01-04,equity_min_var,ADBE,4.2798109585182024e-18
2021-02-03,equity_min_var,ADBE,3.685152011692268e-17
2021-03-05,equity_min_var,ADBE,3.3640828643950496e-17
2021-04-06,equity_min_var,ADBE,2.9735879779254322e-18
2021-09-02,equity_min_var,ADBE,2.2142146441565192e-18
2022-01-03,equity_min_var,ADBE,0.011225400472761618
2022-02-02,equity_min_var,ADBE,0.010265607076228462
2022-03-04,equity_min_var,ADBE,0.01541826961012758
2022-04-04,equity_min_var,ADBE,0.009121932078513233
2022-05-04,equity_min_var,ADBE,0.015270775470509399
2022-06-03,equity_min_var,ADBE,0.004673076373485574
2022-08-04,equity_min_var,ADBE,2.565501409985328e-18
2023-02-03,equity_min_var,ADBE,8.003301119862439e-18
2023-03-07,equity_min_var,ADBE,2.328438472193228e-18
2023-04-05,equity_min_var,ADBE,2.270490588761731e-19
2023-05-05,equity_min_var,ADBE,5.245707163579249e-18
2023-06-06,equity_min_var,ADBE,1.2482901865193565e-17
2023-12-05,equity_min_var,ADBE,1.444745775783138e-18
2021-02-03,equity_min_var,AEP,4.669062820924552e-17
2021-04-06,equity_min_var,AEP,0.013596434178771603
2021-05-05,equity_min_var,AEP,0.056278249253876554
2021-06-04,equity_min_var,AEP,0.09140068829198823
2021-07-06,equity_min_var,AEP,0.08186104902174494
2021-08-04,equity_min_var,AEP,0.08564164552874412
2021-09-02,equity_min_var,AEP,0.09455573717302665
2021-10-04,equity_min_var,AEP,0.06004622153555714
2021-11-02,equity_min_var,AEP,0.04944936676329087
2021-12-02,equity_min_var,AEP,0.0473061548281086
2022-01-03,equity_min_var,AEP,0.05578474972585165
2022-02-02,equity_min_var,AEP,0.04385621615755315
2022-03-04,equity_min_var,AEP,0.011266606607424057
2022-04-04,equity_min_var,AEP,0.010827822530607144
2022-06-03,equity_min_var,AEP,1.095343891903017e-17
2022-07-06,equity_min_var,AEP,1.526184588627201e-17
2022-08-04,equity_min_var,AEP,0.011533454090478838
2022-09-02,equity_min_var,AEP,1.7738330866909248e-17
2022-10-04,equity_min_var,AEP,1.4503698684945265e-17
2022-11-02,equity_min_var,AEP,1.1312733525713765e-17
2023-04-05,equity_min_var,AEP,1.1657149348795436e-17
2023-05-05,equity_min_var,AEP,7.251925752070304e-18
2023-08-07,equity_min_var,AEP,1.0995162649138899e-17
2023-10-05,equity_min_var,AEP,4.001634836921473e-18
2023-12-05,equity_min_var,AEP,8.050362477298728e-19
2021-01-04,equity_min_var,AMD,6.609352472810241e-17
2021-02-03,equity_min_var,AMD,3.958753166581727e-18
2021-04-06,equity_min_var,AMD,9.080744626654954e-18
2021-07-06,equity_min_var,AMD,0.0052087933102874075
2021-08-04,equity_min_var,AMD,0.002040287014270283
2021-09-02,equity_min_var,AMD,0.010813790446621807
2021-10-04,equity_min_var,AMD,0.022618904442170726
2021-11-02,equity_min_var,AMD,0.034583586599366056
2021-12-02,equity_min_var,AMD,0.021547993583278094
2022-01-03,equity_min_var,AMD,0.022536869396517688
2022-02-02,equity_min_var,AMD,0.00663844604524081
2022-04-04,equity_min_var,AMD,9.747301757845092e-05
2022-05-04,equity_min_var,AMD,5.990177175832e-19
2022-10-04,equity_min_var,AMD,3.039402354556106e-18
2022-11-02,equity_min_var,AMD,4.981222042119301e-18
2023-02-03,equity_min_var,AMD,6.3689451378480764e-18
2023-03-07,equity_min_var,AMD,6.40643274499222e-18
2023-06-06,equity_min_var,AMD,1.4372080597200555e-18
2023-08-07,equity_min_var,AMD,5.293850581650646e-18
2023-09-06,equity_min_var,AMD,4.883595856637049e-18
2023-11-03,equity_min_var,AMD,0.0027190797017947444
2023-12-05,equity_min_var,AMD,0.007894281672489196
2021-02-03,equity_min_var,AMGN,5.172565270703126e-18
2021-03-05,equity_min_var,AMGN,4.295370943693859e-17
2021-04-06,equity_min_var,AMGN,3.167197542374643e-17
2021-05-05,equity_min_var,AMGN,1.640712410167819e-18
2021-07-06,equity_min_var,AMGN,2.345584161710629e-18
2021-09-02,equity_min_var,AMGN,5.1834226174813055e-18
2021-12-02,equity_min_var,AMGN,8.250716151768045e-19
2022-02-02,equity_min_var,AMGN,2.58164341035304e-18
2022-04-04,equity_min_var,AMGN,4.061738080150606e-18
2022-05-04,equity_min_var,AMGN,0.008436182700209828
2022-06-03,equity_min_var,AMGN,0.03372949826411995
2022-07-06,equity_min_var,AMGN,0.07137377915143289
2022-08-04,equity_min_var,AMGN,0.0787142947402283
2022-09-02,equity_min_var,AMGN,0.1310103675847311
2022-10-04,equity_min_var,AMGN,0.16232036886291912
2022-11-02,equity_min_var,AMGN,0.17765541344013192
2022-12-02,equity_min_var,AMGN,0.1665208496004359
2023-01-04,equity_min_var,AMGN,0.176629941120504
2023-02-03,equity_min_var,AMGN,0.1774358067667214
2023-03-07,equity_min_var,AMGN,0.21279750520161447
2023-04-05,equity_min_var,AMGN,0.18371255524229288
2023-05-05,equity_min_var,AMGN,0.13847925774762154
2023-06-06,equity_min_var,AMGN,0.06392361832557819
2023-07-07,equity_min_var,AMGN,0.00748056719710994
2023-08-07,equity_min_var,AMGN,0.03060307474773386
2023-09-06,equity_min_var,AMGN,0.038211926550827106
2023-10-05,equity_min_var,AMGN,0.03248373855863963
2023-11-03,equity_min_var,AMGN,0.027640979765019086
2023-12-05,equity_min_var,AMGN,0.009049677926726172
2021-02-03,equity_min_var,AMT,2.0142352386992706e-17
2021-03-05,equity_min_var,AMT,2.3990549142582092e-18
2021-08-04,equity_min_var,AMT,4.239984390491261e-19
2021-09-02,equity_min_var,AMT,4.385262869267515e-18
2021-11-02,equity_min_var,AMT,9.148861379499819e-18
2021-12-02,equity_min_var,AMT,3.487971413670776e-18
2022-01-03,equity_min_var,AMT,1.93633528045696e-18
2022-02-02,equity_min_var,AMT,9.646713790245756e-19
2022-08-04,equity_min_var,AMT,1.7751064156980602e-18
2022-09-02,equity_min_var,AMT,1.1748065680259452e-17
2022-10-04,equity_min_var,AMT,9.725928749076847e-18
2022-12-02,equity_min_var,AMT,3.3169048572413507e-18
2023-01-04,equity_min_var,AMT,5.418149496403476e-18
2023-04-05,equity_min_var,AMT,1.6416108919273991e-18
2023-05-05,equity_min_var,AMT,7.59474292215761e-18
2023-06-06,equity_min_var,AMT,1.1270726604392447e-18
2023-07-07,equity_min_var,AMT,9.563159735653433e-18
2023-08-07,equity_min_var,AMT,1.147862136409954e-19
2023-09-06,equity_min_var,AMT,3.9828029703840425e-18
2023-11-03,equity_min_var,AMT,5.393477765527815e-18
2021-04-06,equity_min_var,BA,4.817501967241454e-18
2021-05-05,equity_min_var,BA,1.3655289710476697e-17
2021-06-04,equity_min_var,BA,4.113105698414135e-18
2021-07-06,equity_min_var,BA,3.1187693437503985e-19
2021-09-02,equity_min_var,BA,3.2352554768204703e-18
2021-11-02,equity_min_var,BA,8.125493612617094e-18
2021-12-02,equity_min_var,BA,2.5192695903206128e-18
2022-01-03,equity_min_var,BA,8.494028602244412e-19
2022-04-04,equity_min_var,BA,3.24002830050306e-18
2022-05-04,equity_min_var,BA,5.717880612237579e-18
2022-06-03,equity_min_var,BA,7.01112557695367e-19
2022-08-04,equity_min_var,BA,7.674608496617066e-18
2023-01-04,equity_min_var,BA,1.6202202403930804e-17
2023-08-07,equity_min_var,BA,6.932859334587717e-18
2023-12-05,equity_min_var,BA,2.2933691638794503e-18
2021-01-04,equity_min_var,CAT,3.0500046567013513e-18
2021-02-03,equity_min_var,CAT,2.9799681803891107e-18
2021-04-06,equity_min_var,CAT,7.260649535117498e-18
2021-05-05,equity_min_var,CAT,2.143271104938702e-17
2021-06-04,equity_min_var,CAT,2.6567812473010752e-18
2021-07-06,equity_min_var,CAT,0.0014189981426570297
2021-08-04,equity_min_var,CAT,0.0044097188223498375
2021-09-02,equity_min_var,CAT,0.005416640206118372
2021-11-02,equity_min_var,CAT,4.469799293690915e-18
2021-12-02,equity_min_var,CAT,4.344498762800204e-18
2022-02-02,equity_min_var,CAT,0.022787018956530142
2022-03-04,equity_min_var,CAT,0.0027266297840311464
2022-04-04,equity_min_var,CAT,0.0322874795308194
2022-05-04,equity_min_var,CAT,0.03605162073713557
2022-06-03,equity_min_var,CAT,0.019136005796550924
2022-07-06,equity_min_var,CAT,0.007038762588029233
2022-10-04,equity_min_var,CAT,9.33037901912203e-18
2022-12-02,equity_min_var,CAT,1.1882841820542893e-17
2023-02-03,equity_min_var,CAT,8.465477920728477e-18
2023-04-05,equity_min_var,CAT,6.7309169093876165e-18
2023-05-05,equity_min_var,CAT,9.054775402375822e-18
2023-07-07,equity_min_var,CAT,1.0962570270620215e-17
2023-09-06,equity_min_var,CAT,1.769221145705497e-18
2023-10-05,equity_min_var,CAT,3.340583191518823e-19
2023-11-03,equity_min_var,CAT,7.430349635038691e-18
2023-12-05,equity_min_var,CAT,1.400142479969779e-18
2021-01-04,equity_min_var,CCI,5.694587965241954e-18
2021-02-03,equity_min_var,CCI,1.6964912339841024e-17
2021-03-05,equity_min_var,CCI,2.4106152755279886e-17
2021-07-06,equity_min_var,CCI,0.053927842688107415
2021-08-04,equity_min_var,CCI,0.06347528084068788
2021-09-02,equity_min_var,CCI,0.06659167218029959
2021-10-04,equity_min_var,CCI,0.09229973762954301
2021-11-02,equity_min_var,CCI,0.05504813644824283
2021-12-02,equity_min_var,CCI,0.004251228960676307
2022-01-03,equity_min_var,CCI,2.326306825638119e-18
2022-05-04,equity_min_var,CCI,1.323194096962045e-17
2022-06-03,equity_min_var,CCI,6.525771434508185e-18
2022-10-04,equity_min_var,CCI,8.972930877563065e-18
2022-11-02,equity_min_var,CCI,5.487397712589223e-19
2023-01-04,equity_min_var,CCI,2.66513359914939e-18
2023-03-07,equity_min_var,CCI,4.412237242771473e-18
2023-04-05,equity_min_var,CCI,1.0272681910435371e-17
2023-05-05,equity_min_var,CCI,8.07177061476279e-18
2023-06-06,equity_min_var,CCI,4.654259552867589e-18
2023-08-07,equity_min_var,CCI,5.070453439632242e-19
2023-09-06,equity_min_var,CCI,4.614537347803041e-18
2023-10-05,equity_min_var,CCI,7.865889367197677e-19
2023-11-03,equity_min_var,CCI,3.620676298669029e-18
2021-06-04,equity_min_var,CMCSA,5.379422203921814e-18
2021-07-06,equity_min_var,CMCSA,2.357443185286416e-18
2021-10-04,equity_min_var,CMCSA,1.3958000742485509e-18
2022-08-04,equity_min_var,CMCSA,1.102695375997442e-18
2022-09-02,equity_min_var,CMCSA,8.039517414836106e-18
2022-10-04,equity_min_var,CMCSA,2.3734320473798933e-18
2022-12-02,equity_min_var,CMCSA,3.4305647376882455e-18
2023-01-04,equity_min_var,CMCSA,4.1608879048820776e-18
2023-03-07,equity_min_var,CMCSA,1.295437814574421e-17
2023-06-06,equity_min_var,CMCSA,7.43421137343358e-18
2023-08-07,equity_min_var,CMCSA,5.006144180760161e-18
2023-09-06,equity_min_var,CMCSA,2.384153830522318e-18
2023-10-05,equity_min_var,CMCSA,0.005832921546602123
2023-11-03,equity_min_var,CMCSA,1.1546679357147538e-17
2023-12-05,equity_min_var,CMCSA,0.0013462265227905852
2021-02-03,equity_min_var,COP,1.8017204192695267e-18
2021-03-05,equity_min_var,COP,3.940443226584142e-18
2021-06-04,equity_min_var,COP,8.733826200425548e-18
2021-10-04,equity_min_var,COP,2.262675940897577e-18
2021-11-02,equity_min_var,COP,0.009535750078283596
2021-12-02,equity_min_var,COP,0.007513071832463538
2022-01-03,equity_min_var,COP,1.252045208025521e-19
2022-03-04,equity_min_var,COP,1.3060183446122894e-18
2022-05-04,equity_min_var,COP,1.6610843356567989e-18
2022-06-03,equity_min_var,COP,1.465741772554569e-18
2022-07-06,equity_min_var,COP,6.95293285924172e-19
2022-10-04,equity_min_var,COP,8.652414445019621e-18
2022-11-02,equity_min_var,COP,1.228694396486968e-18
2022-12-02,equity_min_var,COP,6.282989245399296e-18
2023-09-06,equity_min_var,COP,6.330288425877991e-18
2023-10-05,equity_min_var,COP,7.712006457312457e-18
2023-11-03,equity_min_var,COP,6.1394810242100245e-18
2021-01-04,equity_min_var,CVX,2.4447205301118586e-18
2021-02-03,equity_min_var,CVX,1.388324792981061e-17
2021-03-05,equity_min_var,CVX,4.0067552931035645e-17
2021-07-06,equity_min_var,CVX,2.8420157301789703e-18
2021-08-04,equity_min_var,CVX,8.6578598392615955e-19
2021-11-02,equity_min_var,CVX,2.9039009717653003e-18
2021-12-02,equity_min_var,CVX,0.01981625233689122
2022-01-03,equity_min_var,CVX,0.018081792512093346
2022-02-02,equity_min_var,CVX,0.06921456426967282
2022-03-04,equity_min_var,CVX,0.054059033430649064
2022-04-04,equity_min_var,CVX,0.0820314760615088
2022-05-04,equity_min_var,CVX,0.06733993906399285
2022-06-03,equity_min_var,CVX,0.03785315963353611
2022-07-06,equity_min_var,CVX,0.04511268307437479
2022-08-04,equity_min_var,CVX,0.053629393204965764
2022-09-02,equity_min_var,CVX,0.07938018003762443
2022-10-04,equity_min_var,CVX,0.06915285914783913
2022-11-02,equity_min_var,CVX,0.0717312746088686
2022-12-02,equity_min_var,CVX,0.06043916480007462
2023-01-04,equity_min_var,CVX,0.05331341551315614
2023-02-03,equity_min_var,CVX,0.053367716078939434
2023-03-07,equity_min_var,CVX,0.06176797684885275
2023-04-05,equity_min_var,CVX,0.037674420120947495
2023-05-05,equity_min_var,CVX,0.037113118595900454
2023-06-06,equity_min_var,CVX,0.035480234193234775
2023-07-07,equity_min_var,CVX,0.005893979056855656
2023-08-07,equity_min_var,CVX,0.006733130989870598
2023-09-06,equity_min_var,CVX,4.067327594097161e-18
2023-10-05,equity_min_var,CVX,0.052958984967693974
2023-11-03,equity_min_var,CVX,0.040618041451491
2023-12-05,equity_min_var,CVX,0.029224784887549766
2021-02-03,equity_min_var,D,3.015272696471994e-17
2021-04-06,equity_min_var,D,0.058189865509956466
2021-05-05,equity_min_var,D,0.08161686482709496
2021-06-04,equity_min_var,D,0.04789966385440865
2021-07-06,equity_min_var,D,0.019961384795973952
2021-10-04,equity_min_var,D,3.4279629041737164e-18
2021-11-02,equity_min_var,D,5.970576514430506e-18
2021-12-02,equity_min_var,D,9.93012430358948e-18
2022-01-03,equity_min_var,D,4.6138973602082696e-18
2022-07-06,equity_min_var,D,1.592892789262707e-17
2022-08-04,equity_min_var,D,4.597731261065825e-18
2022-10-04,equity_min_var,D,7.426394568560084e-18
2022-12-02,equity_min_var,D,0.006340386389537263
2023-01-04,equity_min_var,D,0.017822721298494208
2023-02-03,equity_min_var,D,0.01882479352854597
2023-03-07,equity_min_var,D,0.00899829670527638
2023-04-05,equity_min_var,D,0.016443460835154654
2023-05-05,equity_min_var,D,2.1113886055541505e-18
2023-06-06,equity_min_var,D,4.07756575151859e-18
2023-08-07,equity_min_var,D,7.82405658307601e-18
2023-10-05,equity_min_var,D,3.943564770845478e-19
2023-12-05,equity_min_var,D,3.9036474652957625e-19
2021-01-04,equity_min_var,DD,3.306529176617228e-18
2021-02-03,equity_min_var,DD,1.3732349787137953e-18
2021-03-05,equity_min_var,DD,1.6053472307819167e-17
2021-05-05,equity_min_var,DD,2.977396882433105e-20
2021-06-04,equity_min_var,DD,1.3723412004080528e-18
2021-07-06,equity_min_var,DD,3.8046327601662296e-18
2021-09-02,equity_min_var,DD,2.5908562064005637e-18
2021-10-04,equity_min_var,DD,0.0011729018189477302
2021-11-02,equity_min_var,DD,8.107634354332534e-19
2021-12-02,equity_min_var,DD,3.090774337736933e-20
2022-01-03,equity_min_var,DD,8.858561221581539e-19
2022-03-04,equity_min_var,DD,3.470389103985513e-18
2022-04-04,equity_min_var,DD,1.5798174486105419e-18
2022-06-03,equity_min_var,DD,7.545143075384482e-18
2022-08-04,equity_min_var,DD,3.459428704199796e-18
2022-11-02,equity_min_var,DD,1.5130594721300671e-18
2022-12-02,equity_min_var,DD,4.619934515850124e-18
2023-02-03,equity_min_var,DD,6.384544352273734e-19
2023-03-07,equity_min_var,DD,6.409465403292732e-19
2023-05-05,equity_min_var,DD,3.1844766197830078e-18
2023-06-06,equity_min_var,DD,2.6000718689245336e-18
2023-08-07,equity_min_var,DD,6.716925741087233e-18
2023-11-03,equity_min_var,DD,0.028603521695281128
2023-12-05,equity_min_var,DD,0.004535998869305653
2021-01-04,equity_min_var,DIS,2.1188805792972012e-17
2021-03-05,equity_min_var,DIS,1.699054668295282e-17
2021-04-06,equity_min_var,DIS,0.0036172706243305045
2021-06-04,equity_min_var,DIS,0.01035199015746709
2021-07-06,equity_min_var,DIS,0.016361652472295412
2021-08-04,equity_min_var,DIS,0.014630824640434931
2021-09-02,equity_min_var,DIS,0.013736330248954993
2021-10-04,equity_min_var,DIS,0.0034303755124085043
2021-12-02,equity_min_var,DIS,0.004190698351666122
2022-01-03,equity_min_var,DIS,0.024782611845326208
2022-02-02,equity_min_var,DIS,0.018112872413414097
2022-03-04,equity_min_var,DIS,0.07491344495300889
2022-04-04,equity_min_var,DIS,0.046958588497772624
2022-05-04,equity_min_var,DIS,0.03993923324582807
2022-06-03,equity_min_var,DIS,0.05720607879973682
2022-07-06,equity_min_var,DIS,0.051801908816469934
2022-08-04,equity_min_var,DIS,0.045286021028347605
2022-09-02,equity_min_var,DIS,0.027849207778410566
2022-10-04,equity_min_var,DIS,3.0248018612665232e-18
2022-11-02,equity_min_var,DIS,3.7958137221130445e-18
2023-01-04,equity_min_var,DIS,4.676254513727116e-18
2023-02-03,equity_min_var,DIS,4.624502776144866e-18
2023-04-05,equity_min_var,DIS,2.2636296805073645e-18
2023-06-06,equity_min_var,DIS,9.833498050076496e-18
2023-07-07,equity_min_var,DIS,3.5699983576823716e-18
2023-08-07,equity_min_var,DIS,7.219269218368235e-18
2023-09-06,equity_min_var,DIS,5.2915348649686e-18
2023-10-05,equity_min_var,DIS,4.3378032773283624e-18
2021-01-04,equity_min_var,DOW,1.077321540265226e-17
2021-02-03,equity_min_var,DOW,6.582582771771444e-17
2021-03-05,equity_min_var,DOW,7.40587786597908e-17
2021-04-06,equity_min_var,DOW,8.394271056663221e-18
2021-07-06,equity_min_var,DOW,1.0091035250529296e-18
2021-09-02,equity_min_var,DOW,1.5659235911851423e-18
2021-12-02,equity_min_var,DOW,1.1932133996109268e-18
2022-04-04,equity_min_var,DOW,3.100521475694999e-18
2022-06-03,equity_min_var,DOW,7.310963006322961e-19
2022-07-06,equity_min_var,DOW,1.851623512228925e-18
2022-08-04,equity_min_var,DOW,5.48686157904699e-18
2022-09-02,equity_min_var,DOW,1.2210390819073513e-18
2022-10-04,equity_min_var,DOW,4.132411012910049e-18
2022-11-02,equity_min_var,DOW,6.327543082766751e-19
2022-12-02,equity_min_var,DOW,1.9637035495536016e-18
2023-02-03,equity_min_var,DOW,6.059687513923938e-18
2023-03-07,equity_min_var,DOW,1.8706765041024067e-19
2023-04-05,equity_min_var,DOW,1.0839691475477545e-17
2023-05-05,equity_min_var,DOW,1.9862923691571924e-18
2023-06-06,equity_min_var,DOW,1.0423754807175056e-17
2023-09-06,equity_min_var,DOW,6.661359194246215e-18
2023-11-03,equity_min_var,DOW,3.207741373711272e-18
2023-12-05,equity_min_var,DOW,2.0937153825378224e-18
2021-01-04,equity_min_var,DUK,2.8303785315392785e-17
2021-04-06,equity_min_var,DUK,2.1896391254535785e-17
2021-05-05,equity_min_var,DUK,0.01891601348565843
2021-06-04,equity_min_var,DUK,0.011190548131530908
2021-07-06,equity_min_var,DUK,5.267373084447096e-18
2021-08-04,equity_min_var,DUK,0.00786846519448383
2021-09-02,equity_min_var,DUK,0.001173284731806203
2021-10-04,equity_min_var,DUK,0.04267629089266371
2021-11-02,equity_min_var,DUK,0.05278909691823653
2021-12-02,equity_min_var,DUK,0.06645589889686233
2022-01-03,equity_min_var,DUK,0.07221536193886313
2022-02-02,equity_min_var,DUK,0.047257940040183175
2022-03-04,equity_min_var,DUK,0.015112286250933325
2022-04-04,equity_min_var,DUK,0.02868692697573372
2022-05-04,equity_min_var,DUK,0.08258883817090101
2022-06-03,equity_min_var,DUK,0.16924451713353905
2022-07-06,equity_min_var,DUK,0.17163233364287592
2022-08-04,equity_min_var,DUK,0.15000129205504764
2022-09-02,equity_min_var,DUK,0.11986669367032159
2022-10-04,equity_min_var,DUK,0.053689245062761744
2022-11-02,equity_min_var,DUK,0.0204627513032048
2022-12-02,equity_min_var,DUK,0.005660190336704511
2023-01-04,equity_min_var,DUK,0.016683943097681606
2023-02-03,equity_min_var,DUK,0.025929020336640074
2023-03-07,equity_min_var,DUK,0.044473574731968876
2023-04-05,equity_min_var,DUK,0.005652560101532832
2023-07-07,equity_min_var,DUK,2.2403477579425633e-18
2023-10-05,equity_min_var,DUK,4.9648668511299475e-18
2023-11-03,equity_min_var,DUK,6.082710532670467e-18
2023-12-05,equity_min_var,DUK,0.005298666751976308
2021-01-04,equity_min_var,EA,0.07298080610643518
2021-02-03,equity_min_var,EA,0.08667289586216514
2021-03-05,equity_min_var,EA,0.0876180038176308
2021-04-06,equity_min_var,EA,0.0960821624796178
2021-05-05,equity_min_var,EA,0.06188684275178646
2021-06-04,equity_min_var,EA,0.062446492984589
2021-07-06,equity_min_var,EA,0.026407464284939307
2021-08-04,equity_min_var,EA,0.02392243452785096
2021-09-02,equity_min_var,EA,0.021255413796852637
2021-10-04,equity_min_var,EA,0.04817260212611948
2021-11-02,equity_min_var,EA,0.05502944311998406
2021-12-02,equity_min_var,EA,0.06602333080234996
2022-01-03,equity_min_var,EA,0.05977104776514131
2022-02-02,equity_min_var,EA,0.06312014575771803
2022-03-04,equity_min_var,EA,0.06889952852230864
2022-04-04,equity_min_var,EA,0.0799876645606258
2022-05-04,equity_min_var,EA,0.09332916475139756
2022-06-03,equity_min_var,EA,0.09428179401734325
2022-07-06,equity_min_var,EA,0.09356697354209408
2022-08-04,equity_min_var,EA,0.09019523933158491
2022-09-02,equity_min_var,EA,0.09995187054960183
2022-10-04,equity_min_var,EA,0.0863022027107515
2022-11-02,equity_min_var,EA,0.10634180785767795
2022-12-02,equity_min_var,EA,0.11020430736006238
2023-01-04,equity_min_var,EA,0.10645914741790158
2023-02-03,equity_min_var,EA,0.09149386747803835
2023-03-07,equity_min_var,EA,0.09129656462461817
2023-04-05,equity_min_var,EA,0.09861489820576112
2023-05-05,equity_min_var,EA,0.09604479681411843
2023-06-06,equity_min_var,EA,0.12405505000436837
2023-07-07,equity_min_var,EA,0.1253310994181757
2023-08-07,equity_min_var,EA,0.09513808779713319
2023-09-06,equity_min_var,EA,0.08359244060815015
2023-10-05,equity_min_var,EA,0.08872796308274952
2023-11-03,equity_min_var,EA,0.06358071108964529
2023-12-05,equity_min_var,EA,0.04563175459742814
2021-02-03,equity_min_var,GE,1.9155619995050628e-17
2021-03-05,equity_min_var,GE,4.624754188068811e-18
2021-06-04,equity_min_var,GE,2.249381298022346e-18
2021-08-04,equity_min_var,GE,8.36458081307133e-19
2021-09-02,equity_min_var,GE,6.534854807889846e-18
2021-10-04,equity_min_var,GE,4.963846757054191e-18
2021-12-02,equity_min_var,GE,2.9623233922969197e-18
2022-01-03,equity_min_var,GE,1.4979349599379087e-18
2022-03-04,equity_min_var,GE,3.3961445054328887e-18
2022-04-04,equity_min_var,GE,3.4347650871444968e-18
2022-06-03,equity_min_var,GE,9.794604937811488e-19
2022-09-02,equity_min_var,GE,5.1751959382997855e-18
2022-12-02,equity_min_var,GE,3.931559609372354e-18
2023-01-04,equity_min_var,GE,1.1738352318174025e-19
2023-02-03,equity_min_var,GE,4.0340187588161284e-18
2023-03-07,equity_min_var,GE,7.80207647451243e-18
2023-04-05,equity_min_var,GE,7.676775776675485e-18
2023-06-06,equity_min_var,GE,3.541053455358226e-18
2023-09-06,equity_min_var,GE,8.166730395139323e-19
2023-10-05,equity_min_var,GE,0.006256446195484584
2023-11-03,equity_min_var,GE,0.012249216663958758
2023-12-05,equity_min_var,GE,0.00036299460912648786
2021-01-04,equity_min_var,GILD,0.12747843030695855
2021-02-03,equity_min_var,GILD,0.12278513006648628
2021-03-05,equity_min_var,GILD,0.14758527577645889
2021-04-06,equity_min_var,GILD,0.06276031124061121
2021-05-05,equity_min_var,GILD,0.04933980146491374
2021-06-04,equity_min_var,GILD,0.0598491148520583
2021-07-06,equity_min_var,GILD,0.02658729126804328
2021-08-04,equity_min_var,GILD,0.021882197852929598
2021-09-02,equity_min_var,GILD,0.01760243607594907
2021-10-04,equity_min_var,GILD,0.025482625388100602
2021-11-02,equity_min_var,GILD,0.047576951468479976
2021-12-02,equity_min_var,GILD,0.043664491565870614
2022-01-03,equity_min_var,GILD,0.06951253005556507
2022-02-02,equity_min_var,GILD,0.0682356587537872
2022-03-04,equity_min_var,GILD,0.1346784864271365
2022-04-04,equity_min_var,GILD,0.14527926396370605
2022-05-04,equity_min_var,GILD,0.1404738793168874
2022-06-03,equity_min_var,GILD,0.17549698057447438
2022-07-06,equity_min_var,GILD,0.17607119389131118
2022-08-04,equity_min_var,GILD,0.15629511523296657
2022-09-02,equity_min_var,GILD,0.14083881676290158
2022-10-04,equity_min_var,GILD,0.09673285714015135
2022-11-02,equity_min_var,GILD,0.039109322859977765
2022-12-02,equity_min_var,GILD,0.02624651192450492
2023-01-04,equity_min_var,GILD,0.010713103671036204
2023-02-03,equity_min_var,GILD,1.5568641911250618e-17
2023-03-07,equity_min_var,GILD,6.482917430000885e-18
2023-04-05,equity_min_var,GILD,2.0835478586139074e-17
2023-05-05,equity_min_var,GILD,3.082264650927445e-18
2023-07-07,equity_min_var,GILD,2.263886399914002e-18
2021-01-04,equity_min_var,GS,1.7565955709256658e-17
2021-05-05,equity_min_var,GS,2.3191501664947633e-18
2021-06-04,equity_min_var,GS,1.5102438701924983e-17
2021-07-06,equity_min_var,GS,0.02272380603150824
2021-08-04,equity_min_var,GS,0.02314150571189784
2021-09-02,equity_min_var,GS,0.02882410031681136
2021-10-04,equity_min_var,GS,0.049299537839784455
2021-11-02,equity_min_var,GS,0.06413151699156396
2021-12-02,equity_min_var,GS,0.05592563673188262
2022-01-03,equity_min_var,GS,0.04465467096484875
2022-02-02,equity_min_var,GS,0.0038943873139731877
2022-06-03,equity_min_var,GS,3.059214100985418e-18
2022-09-02,equity_min_var,GS,1.2999303281481005e-18
2022-12-02,equity_min_var,GS,8.579539683751084e-18
2023-03-07,equity_min_var,GS,1.86316571438962e-18
2023-07-07,equity_min_var,GS,7.707270843549858e-18
2023-10-05,equity_min_var,GS,4.133186376044631e-18
2023-12-05,equity_min_var,GS,3.558976576685554e-19
2021-02-03,equity_min_var,INTC,3.056895695382087e-17
2021-04-06,equity_min_var,INTC,3.727359728425024e-19
2021-07-06,equity_min_var,INTC,3.840630946335126e-18
2021-09-02,equity_min_var,INTC,9.517786403694294e-19
2021-10-04,equity_min_var,INTC,0.0006252890091056595
2021-12-02,equity_min_var,INTC,0.007683643132192812
2022-01-03,equity_min_var,INTC,0.007758804344541884
2022-02-02,equity_min_var,INTC,0.013225149586927495
2022-03-04,equity_min_var,INTC,8.53967841873377e-19
2022-04-04,equity_min_var,INTC,0.010963257880856617
2022-05-04,equity_min_var,INTC,6.64891803401052e-18
2022-06-03,equity_min_var,INTC,0.001271475266227057
2022-07-06,equity_min_var,INTC,0.0015144674972916786
2022-08-04,equity_min_var,INTC,1.287125828476032e-18
2022-10-04,equity_min_var,INTC,4.15888797342862e-19
2022-11-02,equity_min_var,INTC,5.648371788526613e-18
2023-01-04,equity_min_var,INTC,7.080239897153228e-18
2023-02-03,equity_min_var,INTC,3.2461230217705356e-18
2023-03-07,equity_min_var,INTC,3.3557484541292645e-18
2023-07-07,equity_min_var,INTC,9.753838510177008e-19
2023-09-06,equity_min_var,INTC,1.172278099172582e-17
2023-10-05,equity_min_var,INTC,4.8649623933314245e-18
2023-12-05,equity_min_var,INTC,0.00590615336223523
2021-01-04,equity_min_var,KO,2.1998785612143435e-17
2021-03-05,equity_min_var,KO,0.00030773956088890934
2021-04-06,equity_min_var,KO,2.85849574917698e-19
2021-05-05,equity_min_var,KO,1.16462885864352e-17
2021-08-04,equity_min_var,KO,1.0678902412723667e-17
2021-10-04,equity_min_var,KO,0.00332423666128959
2021-11-02,equity_min_var,KO,0.06858216613672877
2021-12-02,equity_min_var,KO,0.03823463748786127
2022-01-03,equity_min_var,KO,0.024349076684028793
2022-02-02,equity_min_var,KO,0.030646008486146806
2022-03-04,equity_min_var,KO,0.09660917835300528
2022-04-04,equity_min_var,KO,0.08254482680752499
2022-05-04,equity_min_var,KO,0.11244986574080816
2022-07-06,equity_min_var,KO,0.019696926971950135
2022-08-04,equity_min_var,KO,0.02419989598903086
2022-09-02,equity_min_var,KO,0.03659024102942622
2022-10-04,equity_min_var,KO,0.08194664664740813
2022-11-02,equity_min_var,KO,0.08038414798451679
2022-12-02,equity_min_var,KO,0.08959407220124034
2023-01-04,equity_min_var,KO,0.08960222890263723
2023-02-03,equity_min_var,KO,0.07630494666554617
2023-03-07,equity_min_var,KO,0.0724297462559138
2023-04-05,equity_min_var,KO,0.13514081420155022
2023-05-05,equity_min_var,KO,0.15491745191993062
2023-06-06,equity_min_var,KO,0.2874674950583366
2023-07-07,equity_min_var,KO,0.2459024005020304
2023-08-07,equity_min_var,KO,0.23516562076926953
2023-09-06,equity_min_var,KO,0.2535459306122658
2023-10-05,equity_min_var,KO,0.24707169304720306
2023-11-03,equity_min_var,KO,0.18754866490973426
2023-12-05,equity_min_var,KO,0.20279840038305794
2021-01-04,equity_min_var,MMM,0.07763873926753428
2021-02-03,equity_min_var,MMM,0.10043255266197411
2021-03-05,equity_min_var,MMM,0.07449063874883821
2021-04-06,equity_min_var,MMM,0.11226339343060032
2021-05-05,equity_min_var,MMM,0.07080783971200749
2021-06-04,equity_min_var,MMM,0.08663250274481564
2021-07-06,equity_min_var,MMM,0.09279294952757275
2021-08-04,equity_min_var,MMM,0.0814810525762815
2021-09-02,equity_min_var,MMM,0.07568720277655003
2021-10-04,equity_min_var,MMM,0.07298421503162117
2021-11-02,equity_min_var,MMM,0.057492833841445476
2021-12-02,equity_min_var,MMM,0.06592590182012716
2022-01-03,equity_min_var,MMM,0.0763021233149925
2022-02-02,equity_min_var,MMM,0.010339716848225934
2022-04-04,equity_min_var,MMM,1.3707676542382298e-17
2022-05-04,equity_min_var,MMM,3.096911138233463e-18
2022-07-06,equity_min_var,MMM,0.019201498926882478
2022-08-04,equity_min_var,MMM,0.03323135629122823
2022-10-04,equity_min_var,MMM,0.01929164060320847
2022-11-02,equity_min_var,MMM,1.336843777310282e-18
2022-12-02,equity_min_var,MMM,1.1363641183229638e-18
2023-01-04,equity_min_var,MMM,7.719768922585102e-18
2023-02-03,equity_min_var,MMM,9.839535013653402e-21
2023-03-07,equity_min_var,MMM,2.8769970717207638e-18
2023-05-05,equity_min_var,MMM,5.9564391255769844e-18
2023-06-06,equity_min_var,MMM,6.83808599820233e-19
2023-07-07,equity_min_var,MMM,5.10536391013633e-18
2023-09-06,equity_min_var,MMM,4.457465492274231e-18
2023-11-03,equity_min_var,MMM,7.095241820174795e-19
2023-12-05,equity_min_var,MMM,2.4328845183085705e-18
2021-01-04,equity_min_var,MRK,0.05769392855527689
2021-02-03,equity_min_var,MRK,0.06806647558147912
2021-03-05,equity_min_var,MRK,0.07369996265238958
2021-04-06,equity_min_var,MRK,0.07022939832934674
2021-05-05,equity_min_var,MRK,0.110101309863852
2021-06-04,equity_min_var,MRK,0.11715982344204942
2021-07-06,equity_min_var,MRK,0.13823145398832729
2021-08-04,equity_min_var,MRK,0.14725371046070312
2021-09-02,equity_min_var,MRK,0.13222149657897542
2021-10-04,equity_min_var,MRK,0.10579703150706296
2021-11-02,equity_min_var,MRK,0.07918036493342713
2021-12-02,equity_min_var,MRK,0.03325561643374147
2022-01-03,equity_min_var,MRK,0.04845340731306875
2022-02-02,equity_min_var,MRK,0.06632319367616268
2022-03-04,equity_min_var,MRK,0.050027905853786206
2022-04-04,equity_min_var,MRK,0.04849630088370256
2022-05-04,equity_min_var,MRK,0.05644886736843921
2022-06-03,equity_min_var,MRK,0.07430003193452588
2022-07-06,equity_min_var,MRK,0.06207598734470329
2022-08-04,equity_min_var,MRK,0.06267208973074856
2022-09-02,equity_min_var,MRK,0.06095249378857346
2022-10-04,equity_min_var,MRK,0.10125374640948699
2022-11-02,equity_min_var,MRK,0.13286929348173238
2022-12-02,equity_min_var,MRK,0.24046907128488038
2023-01-04,equity_min_var,MRK,0.22257504837835448
2023-02-03,equity_min_var,MRK,0.20884921225213937
2023-03-07,equity_min_var,MRK,0.18939727547229207
2023-04-05,equity_min_var,MRK,0.18740525239629718
2023-05-05,equity_min_var,MRK,0.1751160100560499
2023-06-06,equity_min_var,MRK,0.15382915679755346
2023-07-07,equity_min_var,MRK,0.177485186450604
2023-08-07,equity_min_var,MRK,0.15993616216457066
2023-09-06,equity_min_var,MRK,0.14302943787509004
2023-10-05,equity_min_var,MRK,0.10208379263844546
2023-11-03,equity_min_var,MRK,0.12830328169832933
2023-12-05,equity_min_var,MRK,0.09773800422212049
2021-04-06,equity_min_var,MS,6.2869065200932324e-18
2021-06-04,equity_min_var,MS,2.2166909328434777e-18
2021-08-04,equity_min_var,MS,1.3598246021561432e-18
2021-09-02,equity_min_var,MS,6.72029665958244e-21
2021-10-04,equity_min_var,MS,1.5992417989343594e-18
2021-11-02,equity_min_var,MS,6.618605026538115e-20
2021-12-02,equity_min_var,MS,8.186027914367764e-19
2022-01-03,equity_min_var,MS,3.593153534893935e-19
2022-02-02,equity_min_var,MS,0.024315385316130422
2022-03-04,equity_min_var,MS,0.01399488134091293
2022-06-03,equity_min_var,MS,2.5220565019255628e-18
2022-08-04,equity_min_var,MS,1.1030135178299823e-18
2022-12-02,equity_min_var,MS,6.185899911976313e-18
2023-01-04,equity_min_var,MS,1.6356179913209915e-18
2023-03-07,equity_min_var,MS,2.9467073911533776e-18
2023-04-05,equity_min_var,MS,3.777740230875695e-18
2023-05-05,equity_min_var,MS,3.933395910373189e-18
2023-06-06,equity_min_var,MS,6.283790300680001e-18
2023-07-07,equity_min_var,MS,1.0253080915621231e-17
2023-09-06,equity_min_var,MS,3.4583638445805225e-18
2023-12-05,equity_min_var,MS,2.4650843764367085e-18
2021-02-03,equity_min_var,NEE,2.043295998840976e-17
2021-03-05,equity_min_var,NEE,4.511771899416499e-18
2022-01-03,equity_min_var,NEE,2.9072507269462034e-18
2022-02-02,equity_min_var,NEE,1.3064829592085998e-18
2022-04-04,equity_min_var,NEE,0.018584803330354383
2022-09-02,equity_min_var,NEE,5.734415660211405e-20
2022-10-04,equity_min_var,NEE,7.493799094838313e-19
2022-11-02,equity_min_var,NEE,2.7181897329004583e-18
2022-12-02,equity_min_var,NEE,6.676025767815092e-18
2023-01-04,equity_min_var,NEE,4.040609226371967e-18
2023-03-07,equity_min_var,NEE,4.230439983540375e-18
2023-04-05,equity_min_var,NEE,3.433630245493362e-18
2023-06-06,equity_min_var,NEE,4.043293951940336e-18
2023-07-07,equity_min_var,NEE,2.286920540029608e-18
2023-08-07,equity_min_var,NEE,3.0056037835015157e-18
2023-10-05,equity_min_var,NEE,5.557184374774393e-18
2023-11-03,equity_min_var,NEE,7.025311652530745e-18
2021-01-04,equity_min_var,NEM,0.13709362393271882
2021-02-03,equity_min_var,NEM,0.12747401114798015
2021-03-05,equity_min_var,NEM,0.12148316983341016
2021-08-04,equity_min_var,NEM,2.2287414880352867e-18
2021-09-02,equity_min_var,NEM,5.420227706451431e-19
2021-10-04,equity_min_var,NEM,9.258549849020838e-20
2021-11-02,equity_min_var,NEM,3.2937640371012508e-18
2021-12-02,equity_min_var,NEM,0.014248257694468525
2022-01-03,equity_min_var,NEM,0.014042565881489099
2022-02-02,equity_min_var,NEM,0.013225049686257255
2022-03-04,equity_min_var,NEM,0.027730907231620285
2022-04-04,equity_min_var,NEM,0.030910069125302808
2022-05-04,equity_min_var,NEM,0.05162153020674576
2022-06-03,equity_min_var,NEM,0.060680362470243075
2022-07-06,equity_min_var,NEM,0.06041590325715034
2022-08-04,equity_min_var,NEM,0.061755846802216165
2022-09-02,equity_min_var,NEM,0.06068400308245871
2022-10-04,equity_min_var,NEM,0.051000241151161904
2022-11-02,equity_min_var,NEM,0.05515713350844321
2022-12-02,equity_min_var,NEM,0.016280269453814177
2023-01-04,equity_min_var,NEM,0.014619427488983148
2023-02-03,equity_min_var,NEM,0.009719686127477993
2023-03-07,equity_min_var,NEM,0.0028981413663085698
2023-04-05,equity_min_var,NEM,0.006469548793887738
2023-05-05,equity_min_var,NEM,0.0017539264309589559
2023-06-06,equity_min_var,NEM,2.935855708299238e-18
2023-08-07,equity_min_var,NEM,5.037318186609362e-18
2023-10-05,equity_min_var,NEM,1.1470543953356753e-18
2023-12-05,equity_min_var,NEM,0.014286195176059868
2021-01-04,equity_min_var,NKE,0.005107064684649251
2021-05-05,equity_min_var,NKE,0.027485221561545457
2021-06-04,equity_min_var,NKE,0.026543008620642676
2021-07-06,equity_min_var,NKE,0.032674370209656196
2021-08-04,equity_min_var,NKE,0.03377515194370721
2021-09-02,equity_min_var,NKE,0.029873605690663156
2021-11-02,equity_min_var,NKE,2.055455883403886e-18
2021-12-02,equity_min_var,NKE,6.098273069682994e-20
2022-01-03,equity_min_var,NKE,0.0091520276193415
2022-02-02,equity_min_var,NKE,0.017990616808989984
2022-03-04,equity_min_var,NKE,0.021305757414942485
2022-04-04,equity_min_var,NKE,0.016460812564521234
2022-09-02,equity_min_var,NKE,1.6993513403992553e-18
2022-10-04,equity_min_var,NKE,1.9474884957818537e-18
2023-04-05,equity_min_var,NKE,1.724529780848805e-17
2023-05-05,equity_min_var,NKE,1.4868152376019737e-17
2023-07-07,equity_min_var,NKE,2.1421452660808978e-18
2023-10-05,equity_min_var,NKE,6.097988441816663e-18
2023-12-05,equity_min_var,NKE,7.153690970681332e-18
2021-01-04,equity_min_var,NUE,6.071529549584246e-18
2021-02-03,equity_min_var,NUE,7.999678134542049e-18
2021-04-06,equity_min_var,NUE,2.1368374444516524e-18
2021-07-06,equity_min_var,NUE,5.530404521414658e-18
2021-08-04,equity_min_var,NUE,2.4324823977175246e-18
2021-09-02,equity_min_var,NUE,1.7795521709612945e-18
2021-11-02,equity_min_var,NUE,3.3392339764954254e-18
2022-01-03,equity_min_var,NUE,1.6736262615418102e-18
2022-02-02,equity_min_var,NUE,1.4738789684637728e-18
2022-05-04,equity_min_var,NUE,1.955512850965344e-19
2022-06-03,equity_min_var,NUE,2.616513420804371e-18
2022-07-06,equity_min_var,NUE,7.756896459097483e-19
2022-11-02,equity_min_var,NUE,3.0322856728009236e-18
2023-01-04,equity_min_var,NUE,2.0916912817721523e-17
2023-05-05,equity_min_var,NUE,1.0363517733615995e-18
2023-07-07,equity_min_var,NUE,9.239652706806394e-18
2023-08-07,equity_min_var,NUE,6.265701248585309e-18
2023-10-05,equity_min_var,NUE,1.2618273596886332e-18
2021-01-04,equity_min_var,NVDA,6.657767170538489e-17
2021-02-03,equity_min_var,NVDA,1.4058217586701947e-17
2021-04-06,equity_min_var,NVDA,2.0890184552092447e-18
2021-05-05,equity_min_var,NVDA,3.559286206241725e-18
2021-08-04,equity_min_var,NVDA,1.632671548500193e-18
2021-10-04,equity_min_var,NVDA,3.716587600770782e-18
2021-11-02,equity_min_var,NVDA,1.8868303958798018e-19
2021-12-02,equity_min_var,NVDA,3.533080220921675e-18
2022-02-02,equity_min_var,NVDA,7.430349581338882e-18
2022-03-04,equity_min_var,NVDA,3.3499226296097154e-18
2022-04-04,equity_min_var,NVDA,1.4196733236371233e-18
2022-05-04,equity_min_var,NVDA,2.656123169402276e-18
2022-06-03,equity_min_var,NVDA,7.615132771287666e-19
2022-07-06,equity_min_var,NVDA,9.22357957038488e-18
2022-08-04,equity_min_var,NVDA,5.894976825905338e-18
2022-09-02,equity_min_var,NVDA,1.7422258239898362e-18
2022-10-04,equity_min_var,NVDA,5.191993381348271e-18
2022-11-02,equity_min_var,NVDA,1.0370300026457744e-17
2023-05-05,equity_min_var,NVDA,7.95054069151657e-19
2023-06-06,equity_min_var,NVDA,1.9866228134212085e-18
2023-08-07,equity_min_var,NVDA,6.6415191793702016e-18
2023-11-03,equity_min_var,NVDA,0.0020819803890514276
2023-12-05,equity_min_var,NVDA,0.017106465277754394
2021-01-04,equity_min_var,O,3.3622222142899923e-17
2021-04-06,equity_min_var,O,2.5888350724153275e-18
2021-06-04,equity_min_var,O,5.535020641638847e-18
2021-07-06,equity_min_var,O,2.068507414364557e-18
2021-11-02,equity_min_var,O,2.0494768555295744e-18
2022-01-03,equity_min_var,O,0.006379609183625666
2022-02-02,equity_min_var,O,0.006492552622779603
2022-03-04,equity_min_var,O,0.008922218256579384
2022-04-04,equity_min_var,O,0.00021778883225087706
2022-06-03,equity_min_var,O,8.119359387547277e-20
2022-08-04,equity_min_var,O,7.484716774720119e-20
2022-09-02,equity_min_var,O,0.02353455451036184
2022-10-04,equity_min_var,O,0.08167442177745304
2022-11-02,equity_min_var,O,0.08182870167389546
2022-12-02,equity_min_var,O,0.05086098331617914
2023-01-04,equity_min_var,O,0.06054145940381242
2023-02-03,equity_min_var,O,0.08298069681405874
2023-03-07,equity_min_var,O,0.09092748920364517
2023-04-05,equity_min_var,O,0.08525889261755211
2023-05-05,equity_min_var,O,0.1269138168917947
2023-06-06,equity_min_var,O,0.08394196857831798
2023-07-07,equity_min_var,O,0.12396945212633502
2023-08-07,equity_min_var,O,0.12025406361333868
2023-09-06,equity_min_var,O,0.09040057147408871
2023-10-05,equity_min_var,O,0.05782761137093828
2023-11-03,equity_min_var,O,0.08448299280426647
2023-12-05,equity_min_var,O,0.07480719823044325
2021-03-05,equity_min_var,OXY,3.7628394925314126e-17
2021-04-06,equity_min_var,OXY,7.762124689829807e-18
2021-05-05,equity_min_var,OXY,3.3775952500449216e-18
2021-06-04,equity_min_var,OXY,9.675335576897049e-19
2021-08-04,equity_min_var,OXY,5.152010785238798e-19
2021-10-04,equity_min_var,OXY,0.001953719372487074
2021-11-02,equity_min_var,OXY,0.0005256303949501319
2021-12-02,equity_min_var,OXY,5.043740010128565e-18
2022-01-03,equity_min_var,OXY,0.003845790500107965
2022-02-02,equity_min_var,OXY,1.6986042223788553e-18
2022-03-04,equity_min_var,OXY,0.003942109103577976
2022-04-04,equity_min_var,OXY,2.438000383173082e-18
2022-09-02,equity_min_var,OXY,7.360876308564888e-18
2022-10-04,equity_min_var,OXY,2.6907614547287047e-18
2022-11-02,equity_min_var,OXY,8.840568210431305e-18
2022-12-02,equity_min_var,OXY,2.463611807111249e-18
2023-01-04,equity_min_var,OXY,6.967744341906847e-19
2023-02-03,equity_min_var,OXY,7.455442049223949e-18
2023-03-07,equity_min_var,OXY,3.48760001392728e-18
2023-04-05,equity_min_var,OXY,1.9463364226278103e-18
2023-05-05,equity_min_var,OXY,1.0433296031667605e-18
2023-06-06,equity_min_var,OXY,1.920377377189961e-18
2023-07-07,equity_min_var,OXY,0.005978177594642327
2023-08-07,equity_min_var,OXY,0.013437960047083088
2023-09-06,equity_min_var,OXY,0.021376384095219313
2023-11-03,equity_min_var,OXY,3.148072538743513e-18
2023-12-05,equity_min_var,OXY,0.02136645226614551
2021-01-04,equity_min_var,PLD,1.1147016308841313e-17
2021-02-03,equity_min_var,PLD,2.4250035454430646e-17
2021-03-05,equity_min_var,PLD,1.8914557104801102e-17
2021-04-06,equity_min_var,PLD,7.625317852908967e-18
2021-05-05,equity_min_var,PLD,2.967682007329855e-18
2021-08-04,equity_min_var,PLD,3.9250448652392474e-20
2021-11-02,equity_min_var,PLD,1.958124292930273e-19
2022-01-03,equity_min_var,PLD,4.317459686466652e-18
2022-04-04,equity_min_var,PLD,4.450574115018148e-18
2022-05-04,equity_min_var,PLD,3.842857413217681e-18
2022-08-04,equity_min_var,PLD,7.340642244191255e-19
2022-12-02,equity_min_var,PLD,6.1875921597147805e-18
2023-01-04,equity_min_var,PLD,5.877360288495994e-18
2023-02-03,equity_min_var,PLD,1.8463180969431157e-17
2023-03-07,equity_min_var,PLD,2.2453829139438397e-18
2023-04-05,equity_min_var,PLD,1.3597804143472649e-17
2023-05-05,equity_min_var,PLD,4.984203590951859e-18
2023-07-07,equity_min_var,PLD,5.054613930072836e-18
2023-08-07,equity_min_var,PLD,4.3658431848058196e-18
2023-09-06,equity_min_var,PLD,7.928086622916356e-18
2023-11-03,equity_min_var,PLD,4.780196645332974e-18
2023-12-05,equity_min_var,PLD,1.3402667269775942e-18
2021-01-04,equity_min_var,PSA,0.07628000433456501
2021-02-03,equity_min_var,PSA,0.07977260382204868
2021-03-05,equity_min_var,PSA,0.11109357132035964
2021-04-06,equity_min_var,PSA,0.08964877056248508
2021-05-05,equity_min_var,PSA,0.06616300436140743
2021-06-04,equity_min_var,PSA,0.09118042977881048
2021-07-06,equity_min_var,PSA,0.10986595849471147
2021-08-04,equity_min_var,PSA,0.10536384421620204
2021-09-02,equity_min_var,PSA,0.11731006908593629
2021-10-04,equity_min_var,PSA,0.10052671705780408
2021-11-02,equity_min_var,PSA,0.10131759995130238
2021-12-02,equity_min_var,PSA,0.12751969122524184
2022-01-03,equity_min_var,PSA,0.11451196150303619
2022-02-02,equity_min_var,PSA,0.09623968808367277
2022-03-04,equity_min_var,PSA,0.06565391653273564
2022-04-04,equity_min_var,PSA,0.052184593399595594
2022-05-04,equity_min_var,PSA,2.60011041727103e-18
2022-06-03,equity_min_var,PSA,5.322512063234039e-18
2022-07-06,equity_min_var,PSA,1.491857575429782e-18
2022-08-04,equity_min_var,PSA,8.3236678389536135e-19
2022-10-04,equity_min_var,PSA,3.5596213050717664e-18
2023-01-04,equity_min_var,PSA,8.39791858128798e-18
2023-02-03,equity_min_var,PSA,2.9169397203052045e-18
2023-03-07,equity_min_var,PSA,6.951109268047322e-19
2023-05-05,equity_min_var,PSA,3.382958572847367e-18
2023-07-07,equity_min_var,PSA,6.8629179614802305e-18
2023-08-07,equity_min_var,PSA,2.8491409162758854e-18
2021-01-04,equity_min_var,QCOM,1.5381761473821617e-18
2021-02-03,equity_min_var,QCOM,3.843799096865375e-17
2021-05-05,equity_min_var,QCOM,6.434633730063176e-18
2021-10-04,equity_min_var,QCOM,1.609818041914589e-18
2022-01-03,equity_min_var,QCOM,1.4105687747163144e-18
2022-03-04,equity_min_var,QCOM,1.3660018821442444e-18
2022-06-03,equity_min_var,QCOM,1.692904472988729e-18
2022-07-06,equity_min_var,QCOM,4.4928181279307665e-18
2022-08-04,equity_min_var,QCOM,2.7126872787142125e-18
2023-04-05,equity_min_var,QCOM,2.851800670546652e-18
2023-06-06,equity_min_var,QCOM,7.019347810584818e-19
2023-07-07,equity_min_var,QCOM,3.95276382716004e-18
2023-09-06,equity_min_var,QCOM,8.732550843536957e-19
2023-10-05,equity_min_var,QCOM,5.616190143876704e-19
2023-11-03,equity_min_var,QCOM,5.977207665904453e-19
2023-12-05,equity_min_var,QCOM,3.926772730655068e-18
2021-01-04,equity_min_var,SBUX,1.1454543686697416e-17
2021-05-05,equity_min_var,SBUX,6.4192085284711435e-18
2021-07-06,equity_min_var,SBUX,0.020562194537465595
2021-08-04,equity_min_var,SBUX,0.013332805679299384
2021-09-02,equity_min_var,SBUX,0.006541065065023046
2021-10-04,equity_min_var,SBUX,0.015862997460042813
2021-11-02,equity_min_var,SBUX,0.010483426268077878
2021-12-02,equity_min_var,SBUX,0.013261351493704486
2022-02-02,equity_min_var,SBUX,0.02694788465932854
2022-05-04,equity_min_var,SBUX,1.7510357269141586e-18
2022-06-03,equity_min_var,SBUX,3.4361204981796686e-18
2022-07-06,equity_min_var,SBUX,1.0849302976886522e-18
2022-08-04,equity_min_var,SBUX,2.2996900307043146e-18
2022-09-02,equity_min_var,SBUX,2.411566250025974e-19
2022-12-02,equity_min_var,SBUX,5.504910074007416e-18
2023-03-07,equity_min_var,SBUX,3.287113747961147e-18
2023-04-05,equity_min_var,SBUX,3.640369295019558e-18
2023-08-07,equity_min_var,SBUX,8.410388671033198e-18
2023-10-05,equity_min_var,SBUX,4.567158412614452e-18
2023-11-03,equity_min_var,SBUX,6.931968607628731e-18
2023-12-05,equity_min_var,SBUX,2.319506930462815e-18
2021-01-04,equity_min_var,SHW,1.2877729237478166e-17
2021-08-04,equity_min_var,SHW,6.203155436107169e-20
2021-09-02,equity_min_var,SHW,1.6597985686010462e-18
2021-10-04,equity_min_var,SHW,3.301489404898061e-18
2021-11-02,equity_min_var,SHW,1.5328379054031157e-18
2021-12-02,equity_min_var,SHW,0.030446250960867824
2022-01-03,equity_min_var,SHW,0.00751224946386281
2022-02-02,equity_min_var,SHW,0.014253611672275927
2022-04-04,equity_min_var,SHW,0.006350531778950926
2022-05-04,equity_min_var,SHW,0.06673834480846579
2022-06-03,equity_min_var,SHW,0.051925611576598404
2022-07-06,equity_min_var,SHW,0.01813470425752782
2022-08-04,equity_min_var,SHW,0.03148339469023722
2022-09-02,equity_min_var,SHW,0.026580803158769657
2022-10-04,equity_min_var,SHW,0.0030718990394419743
2022-11-02,equity_min_var,SHW,2.5737320231088095e-18
2022-12-02,equity_min_var,SHW,4.1707008331838846e-18
2023-01-04,equity_min_var,SHW,2.196724379317762e-18
2023-02-03,equity_min_var,SHW,2.1163127960550882e-18
2023-03-07,equity_min_var,SHW,9.996620817482085e-19
2023-05-05,equity_min_var,SHW,3.681644179311314e-18
2023-06-06,equity_min_var,SHW,1.5575210349646033e-18
2023-10-05,equity_min_var,SHW,2.625785367287197e-18
2023-11-03,equity_min_var,SHW,8.327015203000024e-18
2021-04-06,equity_min_var,SLB,1.5830731600027603e-18
2021-05-05,equity_min_var,SLB,2.0189089566878165e-17
2021-07-06,equity_min_var,SLB,3.619032400840255e-18
2021-08-04,equity_min_var,SLB,2.7862712228976075e-19
2021-10-04,equity_min_var,SLB,0.002325133204751541
2021-11-02,equity_min_var,SLB,1.326442108092918e-18
2022-01-03,equity_min_var,SLB,1.3445093012551027e-18
2022-03-04,equity_min_var,SLB,1.5089707394236175e-19
2022-07-06,equity_min_var,SLB,9.323069472742091e-18
2022-08-04,equity_min_var,SLB,3.713375299376213e-18
2022-09-02,equity_min_var,SLB,3.3727898538218573e-18
2022-10-04,equity_min_var,SLB,4.2671065025233774e-18
2022-11-02,equity_min_var,SLB,7.37098975932732e-18
2022-12-02,equity_min_var,SLB,5.552068722779078e-19
2023-01-04,equity_min_var,SLB,2.2947346536581223e-18
2023-02-03,equity_min_var,SLB,3.6359194751247456e-18
2023-05-05,equity_min_var,SLB,5.5379995914883565e-18
2023-06-06,equity_min_var,SLB,2.3627168649958168e-18
2023-07-07,equity_min_var,SLB,1.5168165753255101e-18
2023-11-03,equity_min_var,SLB,2.9876766550970025e-18
2023-12-05,equity_min_var,SLB,5.0130199856073835e-18
2021-01-04,equity_min_var,SO,1.0715424519418976e-17
2021-03-05,equity_min_var,SO,1.9885668142724258e-17
2021-05-05,equity_min_var,SO,7.934097362738922e-18
2021-06-04,equity_min_var,SO,4.257030498174072e-19
2021-08-04,equity_min_var,SO,3.913793816630048e-18
2021-09-02,equity_min_var,SO,1.1826076539040713e-18
2021-10-04,equity_min_var,SO,3.262449825455261e-18
2021-11-02,equity_min_var,SO,1.8805795481055825e-18
2021-12-02,equity_min_var,SO,0.015567769627714136
2022-01-03,equity_min_var,SO,0.008025258156455444
2022-02-02,equity_min_var,SO,0.11062510239167332
2022-03-04,equity_min_var,SO,0.09122908970274136
2022-04-04,equity_min_var,SO,0.08505170237646843
2022-05-04,equity_min_var,SO,0.0586235485181218
2022-06-03,equity_min_var,SO,0.04828531612726906
2022-09-02,equity_min_var,SO,0.016223300318051526
2022-11-02,equity_min_var,SO,1.5562395282291358e-17
2023-02-03,equity_min_var,SO,9.477182660186036e-18
2023-04-05,equity_min_var,SO,5.637094936021897e-18
2023-06-06,equity_min_var,SO,1.0266754590925507e-17
2023-07-07,equity_min_var,SO,7.61055649586953e-18
2023-10-05,equity_min_var,SO,1.2268045757783131e-18
2023-11-03,equity_min_var,SO,2.3292098733686868e-18
2021-01-04,equity_min_var,T,3.581396679431183e-17
2021-02-03,equity_min_var,T,7.518445816593965e-18
2021-03-05,equity_min_var,T,2.6839999573938948e-17
2021-04-06,equity_min_var,T,0.09427214688711451
2021-05-05,equity_min_var,T,0.1189828361504828
2021-06-04,equity_min_var,T,0.11704049647547732
2021-07-06,equity_min_var,T,0.15600314426993517
2021-08-04,equity_min_var,T,0.16548397415269336
2021-09-02,equity_min_var,T,0.16125002146232467
2021-10-04,equity_min_var,T,0.13667162455065557
2021-11-02,equity_min_var,T,0.10729351345975693
2021-12-02,equity_min_var,T,0.07807800603730625
2022-01-03,equity_min_var,T,0.07343063557965779
2022-02-02,equity_min_var,T,0.0032988529210012676
2022-04-04,equity_min_var,T,5.344632036571596e-18
2022-05-04,equity_min_var,T,2.6463208849208364e-18
2022-10-04,equity_min_var,T,3.4162821540306026e-18
2022-11-02,equity_min_var,T,5.006233686177002e-19
2023-01-04,equity_min_var,T,0.0037528973174267032
2023-02-03,equity_min_var,T,0.03760879602242725
2023-03-07,equity_min_var,T,0.045789494728079465
2023-04-05,equity_min_var,T,0.05427119952409799
2023-05-05,equity_min_var,T,0.03856805654526344
2023-06-06,equity_min_var,T,0.02900858952460366
2023-07-07,equity_min_var,T,0.04236892416234297
2023-08-07,equity_min_var,T,0.027054338102551576
2023-09-06,equity_min_var,T,0.032314469403684515
2023-10-05,equity_min_var,T,0.034096487300546374
2023-11-03,equity_min_var,T,0.043763085490255975
2023-12-05,equity_min_var,T,0.03354552959555442
2021-03-05,equity_min_var,TMUS,1.44010190828506e-17
2021-05-05,equity_min_var,TMUS,5.965296917345665e-19
2021-08-04,equity_min_var,TMUS,1.8764944009525703e-18
2021-09-02,equity_min_var,TMUS,4.839348069174347e-19
2021-10-04,equity_min_var,TMUS,1.9234854307339873e-18
2021-11-02,equity_min_var,TMUS,4.5157884247245826e-18
2022-03-04,equity_min_var,TMUS,0.0009389641965783146
2022-04-04,equity_min_var,TMUS,0.01513530163087869
2022-05-04,equity_min_var,TMUS,8.608740425847834e-19
2022-06-03,equity_min_var,TMUS,2.2585363083033625e-18
2022-07-06,equity_min_var,TMUS,1.9769346390645942e-18
2022-08-04,equity_min_var,TMUS,2.1352801550891821e-19
2022-09-02,equity_min_var,TMUS,5.014284108114846e-18
2022-11-02,equity_min_var,TMUS,7.708266826319972e-18
2023-02-03,equity_min_var,TMUS,2.953639910604176e-18
2023-03-07,equity_min_var,TMUS,6.801358897429226e-18
2023-04-05,equity_min_var,TMUS,8.319290091723563e-18
2023-05-05,equity_min_var,TMUS,1.1872483915852132e-17
2023-06-06,equity_min_var,TMUS,0.01424314767070095
2023-07-07,equity_min_var,TMUS,0.03038768628486627
2023-08-07,equity_min_var,TMUS,0.04907128685744542
2023-09-06,equity_min_var,TMUS,0.035457947287306814
2023-10-05,equity_min_var,TMUS,0.06858248234758711
2023-11-03,equity_min_var,TMUS,0.0611179175192437
2023-12-05,equity_min_var,TMUS,0.06677366926352316
2021-01-04,equity_min_var,TTWO,0.037472624297444725
2021-02-03,equity_min_var,TTWO,0.03128400031408649
2021-03-05,equity_min_var,TTWO,0.015933354878450157
2021-04-06,equity_min_var,TTWO,0.07449314338710163
2021-05-05,equity_min_var,TTWO,0.06469127763625973
2021-06-04,equity_min_var,TTWO,0.05457731196941778
2021-07-06,equity_min_var,TTWO,0.05286799302335627
2021-08-04,equity_min_var,TTWO,0.05723969504356337
2021-09-02,equity_min_var,TTWO,0.05664521443242022
2021-10-04,equity_min_var,TTWO,0.03436948900459202
2021-11-02,equity_min_var,TTWO,0.03104667613654622
2021-12-02,equity_min_var,TTWO,0.01860283802950393
2022-01-03,equity_min_var,TTWO,0.019374317543622746
2022-02-02,equity_min_var,TTWO,0.0326584716849864
2022-03-04,equity_min_var,TTWO,0.043461892827799546
2022-04-04,equity_min_var,TTWO,0.033757387534202134
2022-05-04,equity_min_var,TTWO,0.03618210819329811
2022-06-03,equity_min_var,TTWO,0.02547210917657461
2022-07-06,equity_min_var,TTWO,0.026578704667509598
2022-08-04,equity_min_var,TTWO,0.024818537681346297
2022-09-02,equity_min_var,TTWO,0.01505214882324771
2022-10-04,equity_min_var,TTWO,0.015129667807994827
2022-11-02,equity_min_var,TTWO,0.019841941815918536
2022-12-02,equity_min_var,TTWO,0.03573755440788192
2023-01-04,equity_min_var,TTWO,0.03522340576879087
2023-02-03,equity_min_var,TTWO,0.04209660836281593
2023-03-07,equity_min_var,TTWO,0.026127252365998735
2023-04-05,equity_min_var,TTWO,0.023656439981855258
2023-05-05,equity_min_var,TTWO,0.012558169380693233
2023-06-06,equity_min_var,TTWO,6.658320573651005e-18
2023-07-07,equity_min_var,TTWO,0.0015770444140949906
2023-08-07,equity_min_var,TTWO,0.00681100147311114
2023-09-06,equity_min_var,TTWO,0.012282423418310451
2023-10-05,equity_min_var,TTWO,0.016392369096031045
2023-11-03,equity_min_var,TTWO,0.0017096288613762172
2021-01-04,equity_min_var,UPS,0.014082100816993879
2021-02-03,equity_min_var,UPS,0.009417720973130535
2021-03-05,equity_min_var,UPS,3.183829284718134e-17
2021-04-06,equity_min_var,UPS,2.6941965857133474e-18
2021-07-06,equity_min_var,UPS,2.434866557201775e-18
2021-08-04,equity_min_var,UPS,2.765750360858311e-18
2021-09-02,equity_min_var,UPS,1.7891569513521077e-18
2021-10-04,equity_min_var,UPS,4.401332697838245e-19
2021-11-02,equity_min_var,UPS,0.012955706526966036
2022-01-03,equity_min_var,UPS,0.003402639722082342
2022-02-02,equity_min_var,UPS,0.010195310713448801
2022-03-04,equity_min_var,UPS,0.007065427499775097
2022-04-04,equity_min_var,UPS,0.0025090155680059516
2022-05-04,equity_min_var,UPS,1.143737034341431e-18
2022-06-03,equity_min_var,UPS,2.4350953580330117e-18
2022-07-06,equity_min_var,UPS,0.0073571946055733745
2022-08-04,equity_min_var,UPS,1.9924690995268685e-18
2022-09-02,equity_min_var,UPS,0.0018397039311021455
2022-10-04,equity_min_var,UPS,0.00703652578461556
2022-11-02,equity_min_var,UPS,0.015387689800245297
2023-04-05,equity_min_var,UPS,4.754874483202212e-18
2023-06-06,equity_min_var,UPS,3.1171431124884986e-18
2023-08-07,equity_min_var,UPS,2.3063619828957938e-18
2023-10-05,equity_min_var,UPS,3.2655070007010074e-18
2023-11-03,equity_min_var,UPS,1.8820852383865054e-18
2023-12-05,equity_min_var,UPS,2.3776982800226106e-18
2021-02-03,equity_min_var,USB,4.002582725805722e-18
2021-03-05,equity_min_var,USB,1.8409706971089938e-18
2021-04-06,equity_min_var,USB,9.132320844605941e-18
2021-05-05,equity_min_var,USB,1.1910084236958061e-18
2021-06-04,equity_min_var,USB,1.0374671928294154e-18
2021-10-04,equity_min_var,USB,1.471131581102362e-18
2021-11-02,equity_min_var,USB,9.221267006436596e-19
2021-12-02,equity_min_var,USB,3.3711407455138573e-18
2022-01-03,equity_min_var,USB,3.042523080743522e-18
2022-02-02,equity_min_var,USB,1.1894079200433154e-18
2022-03-04,equity_min_var,USB,4.842360589406963e-18
2022-04-04,equity_min_var,USB,4.7496075108505244e-18
2022-05-04,equity_min_var,USB,1.633061874103992e-18
2022-06-03,equity_min_var,USB,2.7008204000050574e-18
2022-08-04,equity_min_var,USB,3.371976553452298e-18
2022-11-02,equity_min_var,USB,2.8812972316917506e-18
2023-01-04,equity_min_var,USB,1.222920338026212e-18
2023-06-06,equity_min_var,USB,4.729753102575731e-19
2023-07-07,equity_min_var,USB,2.7071956512383212e-18
2021-06-04,equity_min_var,V,2.269221457769875e-18
2021-08-04,equity_min_var,V,8.748069645013695e-20
2021-09-02,equity_min_var,V,3.0424323993530354e-18
2021-10-04,equity_min_var,V,2.488730717262287e-19
2022-01-03,equity_min_var,V,2.632805527946587e-18
2022-02-02,equity_min_var,V,8.168595866096609e-20
2022-03-04,equity_min_var,V,4.421584589147357e-18
2022-04-04,equity_min_var,V,4.510973321002767e-18
2022-05-04,equity_min_var,V,9.300784459581006e-21
2022-06-03,equity_min_var,V,1.25040947828402e-18
2022-12-02,equity_min_var,V,4.405254733377693e-18
2023-01-04,equity_min_var,V,4.524760645541881e-18
2023-06-06,equity_min_var,V,4.185181925820163e-18
2023-07-07,equity_min_var,V,1.7231088026513348e-18
2023-08-07,equity_min_var,V,0.024131485463939072
2023-09-06,equity_min_var,V,0.0202964978244077
2023-10-05,equity_min_var,V,0.022745517352057053
2023-11-03,equity_min_var,V,0.03489420540878887
2023-12-05,equity_min_var,V,0.09832568151520224
2021-10-04,equity_min_var,WFC,2.3744341334520283e-18
2021-11-02,equity_min_var,WFC,4.3340564685111797e-19
2021-12-02,equity_min_var,WFC,2.8307431165229263e-18
2022-01-03,equity_min_var,WFC,5.696017631265141e-19
2022-02-02,equity_min_var,WFC,1.2682323497031745e-18
2022-05-04,equity_min_var,WFC,7.122091931876699e-19
2022-06-03,equity_min_var,WFC,7.453990509352121e-20
2022-07-06,equity_min_var,WFC,1.362393902715892e-19
2022-08-04,equity_min_var,WFC,3.394411152123622e-18
2022-10-04,equity_min_var,WFC,3.97221260316173e-18
2022-12-02,equity_min_var,WFC,4.748033196076495e-18
2023-01-04,equity_min_var,WFC,5.716049411468586e-19
2023-03-07,equity_min_var,WFC,3.349825560145774e-18
2023-04-05,equity_min_var,WFC,3.9635713839778836e-18
2023-06-06,equity_min_var,WFC,6.4591121296208454e-18
2023-12-05,equity_min_var,WFC,1.9164333868543e-18
2021-01-04,equity_min_var,WMT,0.23105051841784616
2021-02-03,equity_min_var,WMT,0.22677868414113134
2021-03-05,equity_min_var,WMT,0.22656517861659
2021-04-06,equity_min_var,WMT,0.22208440537340263
2021-05-05,equity_min_var,WMT,0.19603688334115188
2021-06-04,equity_min_var,WMT,0.17521544341847245
2021-07-06,equity_min_var,WMT,0.10451819471191445
2021-08-04,equity_min_var,WMT,0.11093090618189734
2021-09-02,equity_min_var,WMT,0.13474234177706543
2021-10-04,equity_min_var,WMT,0.14088801649417101
2021-11-02,equity_min_var,WMT,0.10792808468981258
2021-12-02,equity_min_var,WMT,0.1035998673988917
2022-01-03,equity_min_var,WMT,0.1138753048619403
2022-02-02,equity_min_var,WMT,0.09442666505872398
2022-03-04,equity_min_var,WMT,0.13778608205255166
2022-04-04,equity_min_var,WMT,0.12354200392943882
2022-05-04,equity_min_var,WMT,0.11174583313243279
2022-06-03,equity_min_var,WMT,0.08142150396632941
2022-07-06,equity_min_var,WMT,0.11784718792883754
2022-08-04,equity_min_var,WMT,0.11705951661739938
2022-09-02,equity_min_var,WMT,0.09923409334299965
2022-10-04,equity_min_var,WMT,0.10850310316796452
2022-11-02,equity_min_var,WMT,0.11109767297923914
2022-12-02,equity_min_var,WMT,0.11647637443974494
2023-01-04,equity_min_var,WMT,0.10645601758128924
2023-02-03,equity_min_var,WMT,0.1092165315348519
2023-03-07,equity_min_var,WMT,0.09820050783634833
2023-04-05,equity_min_var,WMT,0.10641016484211109
2023-05-05,equity_min_var,WMT,0.11741506902394064
2023-06-06,equity_min_var,WMT,0.15462572403023864
2023-07-07,equity_min_var,WMT,0.1335825425675086
2023-08-07,equity_min_var,WMT,0.13224665093625768
2023-09-06,equity_min_var,WMT,0.18200356957004535
2023-10-05,equity_min_var,WMT,0.15974821028400968
2023-11-03,equity_min_var,WMT,0.2009352540003666
2023-12-05,equity_min_var,WMT,0.15558372711490914
2021-01-04,equity_min_var,XOM,4.3073701494412246e-17
2021-02-03,equity_min_var,XOM,1.2581962617481317e-17
2021-06-04,equity_min_var,XOM,9.863215769911154e-18
2021-10-04,equity_min_var,XOM,6.996892681388173e-18
2021-12-02,equity_min_var,XOM,1.0175322586055251e-17
2022-01-03,equity_min_var,XOM,8.18428620276134e-19
2022-02-02,equity_min_var,XOM,3.272328679329469e-18
2022-03-04,equity_min_var,XOM,1.84848198284124e-18
2022-04-04,equity_min_var,XOM,9.856621240588641e-18
2022-05-04,equity_min_var,XOM,1.1010289759542663e-17
2022-06-03,equity_min_var,XOM,7.610114741120735e-18
2022-08-04,equity_min_var,XOM,8.00677481504668e-18
2022-09-02,equity_min_var,XOM,1.360239051387671e-18
2022-11-02,equity_min_var,XOM,1.1817254146439865e-17
2022-12-02,equity_min_var,XOM,0.013955309417820066
2023-01-04,equity_min_var,XOM,0.0074438037428182
2023-02-03,equity_min_var,XOM,1.4524531033783207e-17
2023-03-07,equity_min_var,XOM,1.3336130426761028e-17
2023-04-05,equity_min_var,XOM,1.7816413021849224e-17
2023-07-07,equity_min_var,XOM,0.015906594626194148
2023-08-07,equity_min_var,XOM,0.015089154189521555
2023-09-06,equity_min_var,XOM,0.009021999478284377
2023-10-05,equity_min_var,XOM,0.007864261676132144
2023-11-03,equity_min_var,XOM,3.900003705421559e-18
2023-12-05,equity_min_var,XOM,1.498916973287988e-18
2021-01-04,equity_max_sr,ABBV,2.489752165541931e-15
2021-03-05,equity_max_sr,ABBV,4.138554145840469e-15
2021-04-06,equity_max_sr,ABBV,0.09109845917928955
2021-05-05,equity_max_sr,ABBV,0.1251117849733288
2021-06-04,equity_max_sr,ABBV,1.375263221692142e-14
2021-08-04,equity_max_sr,ABBV,1.896336697740106e-15
2021-10-04,equity_max_sr,ABBV,0.016974491531894217
2021-12-02,equity_max_sr,ABBV,1.0025064301827407e-14
2022-01-03,equity_max_sr,ABBV,6.2907571292497004e-15
2022-02-02,equity_max_sr,ABBV,0.11005317266516126
2022-03-04,equity_max_sr,ABBV,0.2064068786339631
2022-04-04,equity_max_sr,ABBV,0.3230742674707814
2022-05-04,equity_max_sr,ABBV,0.25820939215011857
2022-06-03,equity_max_sr,ABBV,0.2743423300495825
2022-07-06,equity_max_sr,ABBV,0.47694873483496536
2022-08-04,equity_max_sr,ABBV,0.26509944000555047
2022-09-02,equity_max_sr,ABBV,0.34158361664259507
2022-10-04,equity_max_sr,ABBV,0.5400920458212093
2022-11-02,equity_max_sr,ABBV,0.1887879856640277
2022-12-02,equity_max_sr,ABBV,0.05669463771376542
2023-03-07,equity_max_sr,ABBV,2.5341388965482235e-15
2023-05-05,equity_max_sr,ABBV,3.7535938404665774e-14
2023-07-07,equity_max_sr,ABBV,5.721067491494456e-16
2023-10-05,equity_max_sr,ABBV,9.187859159062663e-15
2023-11-03,equity_max_sr,ABBV,1.124841254611651e-14
2021-01-04,equity_max_sr,ABT,2.7717532999165436e-15
2021-03-05,equity_max_sr,ABT,2.316963095105257e-15
2021-04-06,equity_max_sr,ABT,0.03218005435525009
2021-05-05,equity_max_sr,ABT,1.3602231849858972e-15
2021-06-04,equity_max_sr,ABT,1.186979701593494e-14
2021-07-06,equity_max_sr,ABT,0.026230122452407134
2021-08-04,equity_max_sr,ABT,0.013654720364263299
2021-09-02,equity_max_sr,ABT,0.019390717739032514
2021-10-04,equity_max_sr,ABT,1.8734460607801665e-14
2021-11-02,equity_max_sr,ABT,0.08333282837255168
2021-12-02,equity_max_sr,ABT,0.03181671503989692
2022-01-03,equity_max_sr,ABT,0.07305641137124179
2022-04-04,equity_max_sr,ABT,4.417273201163755e-15
2022-06-03,equity_max_sr,ABT,1.7602669179681162e-14
2022-07-06,equity_max_sr,ABT,5.769598271820511e-15
2022-08-04,equity_max_sr,ABT,1.5197103367733496e-15
2022-10-04,equity_max_sr,ABT,1.0708955556521104e-14
2022-12-02,equity_max_sr,ABT,3.328214046537473e-15
2023-01-04,equity_max_sr,ABT,3.088357024667793e-15
2023-02-03,equity_max_sr,ABT,9.161353076997126e-16
2023-03-07,equity_max_sr,ABT,2.9610150208155247e-15
2023-04-05,equity_max_sr,ABT,1.5238958026490017e-14
2023-05-05,equity_max_sr,ABT,7.022183660872882e-15
2023-08-07,equity_max_sr,ABT,7.36721823495021e-16
2023-10-05,equity_max_sr,ABT,1.324556944128558e-15
2023-11-03,equity_max_sr,ABT,4.1433845359681176e-15
2023-12-05,equity_max_sr,ABT,1.4700569754038465e-15
2021-02-03,equity_max_sr,ADBE,4.11014808530906e-15
2021-04-06,equity_max_sr,ADBE,2.274256118127407e-17
2021-06-04,equity_max_sr,ADBE,1.6525131039715937e-15
2021-07-06,equity_max_sr,ADBE,6.116636795159046e-15
2021-08-04,equity_max_sr,ADBE,1.2617439148915113e-15
2021-10-04,equity_max_sr,ADBE,4.735981568814366e-15
2021-12-02,equity_max_sr,ADBE,5.903272786315458e-15
2022-02-02,equity_max_sr,ADBE,6.400310929219505e-16
2022-05-04,equity_max_sr,ADBE,5.978336420468608e-16
2022-06-03,equity_max_sr,ADBE,5.318059126858613e-15
2022-12-02,equity_max_sr,ADBE,7.506559336251127e-15
2023-01-04,equity_max_sr,ADBE,1.7112160178981835e-14
2023-02-03,equity_max_sr,ADBE,4.8149880992757556e-15
2023-04-05,equity_max_sr,ADBE,4.409702487059221e-14
2023-06-06,equity_max_sr,ADBE,1.3190339019048712e-14
2023-08-07,equity_max_sr,ADBE,8.932894339363888e-16
2023-09-06,equity_max_sr,ADBE,6.112914248539882e-16
2023-10-05,equity_max_sr,ADBE,3.085129814379606e-15
2023-11-03,equity_max_sr,ADBE,0.0012885359756872948
2023-12-05,equity_max_sr,ADBE,0.09707249219582895
2021-02-03,equity_max_sr,AEP,1.1900869828968968e-15
2021-04-06,equity_max_sr,AEP,2.6913234958719192e-17
2021-06-04,equity_max_sr,AEP,1.7387512257407292e-16
2021-08-04,equity_max_sr,AEP,7.878374358821223e-16
2021-10-04,equity_max_sr,AEP,1.1110157157213787e-14
2021-12-02,equity_max_sr,AEP,6.330835112815169e-15
2022-01-03,equity_max_sr,AEP,7.230113897023069e-15
2022-03-04,equity_max_sr,AEP,0.03905257566110166
2022-04-04,equity_max_sr,AEP,2.192908915105625e-14
2022-06-03,equity_max_sr,AEP,0.1325079613927646
2022-07-06,equity_max_sr,AEP,1.3565569766251123e-14
2022-08-04,equity_max_sr,AEP,7.230786411024183e-15
2022-09-02,equity_max_sr,AEP,7.981444373060952e-15
2022-10-04,equity_max_sr,AEP,4.849575707802548e-14
2022-11-02,equity_max_sr,AEP,8.622727106544764e-15
2023-03-07,equity_max_sr,AEP,6.942972113345167e-17
2023-05-05,equity_max_sr,AEP,1.6015362592320268e-14
2023-08-07,equity_max_sr,AEP,2.3965314959258612e-15
2023-09-06,equity_max_sr,AEP,4.678481176965296e-15
2023-11-03,equity_max_sr,AEP,3.8873956837831915e-15
2021-02-03,equity_max_sr,AMD,1.3896797387725247e-13
2021-04-06,equity_max_sr,AMD,5.396838894332913e-17
2021-05-05,equity_max_sr,AMD,1.542162498425524e-16
2021-06-04,equity_max_sr,AMD,7.46465564251463e-15
2021-07-06,equity_max_sr,AMD,0.037401435952116986
2021-08-04,equity_max_sr,AMD,0.00038177342555852995
2021-11-02,equity_max_sr,AMD,0.025880049132836896
2021-12-02,equity_max_sr,AMD,3.305377262005164e-15
2022-01-03,equity_max_sr,AMD,2.189498654521765e-17
2022-03-04,equity_max_sr,AMD,5.378815184461717e-15
2022-04-04,equity_max_sr,AMD,1.1273611574396676e-14
2022-06-03,equity_max_sr,AMD,0.05511045696864721
2022-08-04,equity_max_sr,AMD,1.0484655528736093e-15
2022-12-02,equity_max_sr,AMD,1.363435817866602e-14
2023-01-04,equity_max_sr,AMD,4.68091578665662e-14
2023-02-03,equity_max_sr,AMD,5.44532782371221e-15
2023-04-05,equity_max_sr,AMD,6.116800941667351e-14
2023-06-06,equity_max_sr,AMD,2.0869624863484858e-14
2023-09-06,equity_max_sr,AMD,2.4646981758110055e-14
2023-12-05,equity_max_sr,AMD,1.921397079564323e-15
2021-03-05,equity_max_sr,AMGN,3.1219932761593277e-16
2021-04-06,equity_max_sr,AMGN,6.440315365973988e-16
2021-05-05,equity_max_sr,AMGN,1.0776770435426204e-15
2021-06-04,equity_max_sr,AMGN,1.722069081006958e-15
2021-07-06,equity_max_sr,AMGN,1.566260192546156e-14
2021-08-04,equity_max_sr,AMGN,1.0648787493593756e-15
2021-09-02,equity_max_sr,AMGN,6.41111720698558e-15
2021-11-02,equity_max_sr,AMGN,2.5218885734461975e-15
2022-02-02,equity_max_sr,AMGN,1.6897321992188087e-15
2022-03-04,equity_max_sr,AMGN,4.798622044502956e-16
2022-05-04,equity_max_sr,AMGN,1.0820476397078062e-15
2022-06-03,equity_max_sr,AMGN,1.5696018283499134e-14
2022-07-06,equity_max_sr,AMGN,7.797463367336979e-15
2022-08-04,equity_max_sr,AMGN,9.418008798717574e-15
2022-09-02,equity_max_sr,AMGN,0.016786023395041295
2022-10-04,equity_max_sr,AMGN,5.340408642605076e-14
2022-11-02,equity_max_sr,AMGN,0.36822029331326833
2022-12-02,equity_max_sr,AMGN,0.24626542915157604
2023-01-04,equity_max_sr,AMGN,0.026960595959323267
2023-03-07,equity_max_sr,AMGN,2.827655568112879e-16
2023-05-05,equity_max_sr,AMGN,3.421111041804621e-14
2023-10-05,equity_max_sr,AMGN,0.0925568657064142
2023-11-03,equity_max_sr,AMGN,1.004749513317526e-14
2021-01-04,equity_max_sr,AMT,2.4415401728603637e-16
2021-02-03,equity_max_sr,AMT,1.7716139144129844e-15
2021-04-06,equity_max_sr,AMT,5.154837375445475e-16
2021-07-06,equity_max_sr,AMT,1.462901385177671e-14
2021-08-04,equity_max_sr,AMT,5.15725280328698e-16
2021-10-04,equity_max_sr,AMT,1.2189680577455252e-14
2021-12-02,equity_max_sr,AMT,1.6768754568396377e-16
2022-01-03,equity_max_sr,AMT,2.0010918435662118e-15
2022-03-04,equity_max_sr,AMT,9.922890569008704e-16
2022-04-04,equity_max_sr,AMT,2.506826133399459e-15
2022-06-03,equity_max_sr,AMT,1.4069901436622419e-14
2022-07-06,equity_max_sr,AMT,2.861818453316947e-15
2022-08-04,equity_max_sr,AMT,2.9591699578314185e-15
2022-10-04,equity_max_sr,AMT,5.928492819905676e-15
2022-11-02,equity_max_sr,AMT,1.048395633533249e-15
2022-12-02,equity_max_sr,AMT,1.2009187871643235e-15
2023-01-04,equity_max_sr,AMT,3.9083841792834625e-15
2023-04-05,equity_max_sr,AMT,1.5834035544339148e-14
2023-06-06,equity_max_sr,AMT,1.0414035286256365e-14
2023-07-07,equity_max_sr,AMT,1.824673900623183e-16
2023-09-06,equity_max_sr,AMT,8.018540916826852e-15
2023-12-05,equity_max_sr,AMT,2.311266157516765e-16
2021-02-03,equity_max_sr,BA,1.477652354099707e-14
2021-04-06,equity_max_sr,BA,2.0223785536919349e-16
2021-07-06,equity_max_sr,BA,5.11918272712299e-14
2021-09-02,equity_max_sr,BA,2.4424897943760427e-14
2021-11-02,equity_max_sr,BA,8.408609950516876e-15
2022-05-04,equity_max_sr,BA,7.82484084355351e-15
2022-11-02,equity_max_sr,BA,5.182681826990087e-16
2023-03-07,equity_max_sr,BA,1.5418787623553844e-15
2023-04-05,equity_max_sr,BA,1.5085820107689494e-14
2023-05-05,equity_max_sr,BA,8.988880505563535e-16
2023-08-07,equity_max_sr,BA,5.797344958757299e-16
2023-10-05,equity_max_sr,BA,6.750711768052167e-15
2023-11-03,equity_max_sr,BA,8.415051624386371e-15
2023-12-05,equity_max_sr,BA,0.009126137156905237
2021-01-04,equity_max_sr,CAT,1.8541184956053842e-15
2021-02-03,equity_max_sr,CAT,0.11754047686898975
2021-03-05,equity_max_sr,CAT,0.29114940482423396
2021-04-06,equity_max_sr,CAT,0.03540235812391936
2021-05-05,equity_max_sr,CAT,0.1989213033822939
2021-06-04,equity_max_sr,CAT,0.10861394441905992
2021-08-04,equity_max_sr,CAT,2.3667919752007985e-17
2021-09-02,equity_max_sr,CAT,3.749995920628486e-15
2021-11-02,equity_max_sr,CAT,5.052248341255957e-15
2022-05-04,equity_max_sr,CAT,2.559736567634701e-15
2023-03-07,equity_max_sr,CAT,0.005478720893330069
2023-04-05,equity_max_sr,CAT,5.98578940545044e-14
2023-08-07,equity_max_sr,CAT,1.1266111629453472e-15
2023-10-05,equity_max_sr,CAT,0.00844972665657786
2023-11-03,equity_max_sr,CAT,2.2839021303369685e-15
2023-12-05,equity_max_sr,CAT,5.264899491512818e-16
2021-01-04,equity_max_sr,CCI,3.351409888714025e-17
2021-04-06,equity_max_sr,CCI,3.805211547443761e-17
2021-06-04,equity_max_sr,CCI,1.6259075353244676e-15
2021-07-06,equity_max_sr,CCI,1.9765724928802487e-15
2021-09-02,equity_max_sr,CCI,0.0053143780297765005
2021-10-04,equity_max_sr,CCI,1.40162868489772e-14
2021-12-02,equity_max_sr,CCI,3.333116743994795e-15
2022-01-03,equity_max_sr,CCI,3.8441905012787614e-15
2022-02-02,equity_max_sr,CCI,1.2612110418076139e-15
2022-03-04,equity_max_sr,CCI,2.0964048862369006e-15
2022-04-04,equity_max_sr,CCI,3.0161927427092857e-15
2022-06-03,equity_max_sr,CCI,9.709987683986087e-15
2022-07-06,equity_max_sr,CCI,5.4314565267947666e-15
2022-08-04,equity_max_sr,CCI,2.1792443215690427e-15
2022-09-02,equity_max_sr,CCI,1.9524180277361327e-15
2022-10-04,equity_max_sr,CCI,1.2086808593468387e-14
2022-11-02,equity_max_sr,CCI,3.4021713981095935e-16
2022-12-02,equity_max_sr,CCI,1.4171653155513682e-16
2023-01-04,equity_max_sr,CCI,8.050887508062063e-15
2023-02-03,equity_max_sr,CCI,8.032797033630445e-16
2023-04-05,equity_max_sr,CCI,3.3268184751871677e-14
2023-06-06,equity_max_sr,CCI,2.5748048005621242e-14
2023-07-07,equity_max_sr,CCI,2.86583392838934e-15
2023-09-06,equity_max_sr,CCI,1.533141476660981e-14
2023-12-05,equity_max_sr,CCI,8.918709019285619e-16
2021-01-04,equity_max_sr,CMCSA,9.047220831212574e-16
2021-04-06,equity_max_sr,CMCSA,1.09515635822881e-15
2021-05-05,equity_max_sr,CMCSA,1.209146617485885e-15
2021-06-04,equity_max_sr,CMCSA,7.32604198777339e-15
2022-05-04,equity_max_sr,CMCSA,5.2445181171955914e-15
2022-12-02,equity_max_sr,CMCSA,8.503239691613284e-15
2023-01-04,equity_max_sr,CMCSA,2.0419278100090613e-15
2023-02-03,equity_max_sr,CMCSA,3.813202996075684e-16
2023-04-05,equity_max_sr,CMCSA,1.5663146620760813e-14
2023-05-05,equity_max_sr,CMCSA,3.993624971147917e-15
2023-07-07,equity_max_sr,CMCSA,4.117386187939357e-16
2023-08-07,equity_max_sr,CMCSA,1.646441216559758e-15
2023-10-05,equity_max_sr,CMCSA,5.581567771282474e-15
2023-11-03,equity_max_sr,CMCSA,0.030551567118788314
2021-02-03,equity_max_sr,COP,8.688314709071242e-15
2021-04-06,equity_max_sr,COP,6.329637283783294e-17
2021-07-06,equity_max_sr,COP,8.057821854482723e-15
2021-09-02,equity_max_sr,COP,6.329584580473615e-15
2021-11-02,equity_max_sr,COP,0.02216607151892545
2021-12-02,equity_max_sr,COP,0.04996855766213198
2022-01-03,equity_max_sr,COP,0.08685343970891471
2022-02-02,equity_max_sr,COP,0.17464547893243274
2022-03-04,equity_max_sr,COP,0.11486270372336405
2022-04-04,equity_max_sr,COP,0.07529430827308008
2022-05-04,equity_max_sr,COP,0.15485770544103122
2022-06-03,equity_max_sr,COP,0.07736231502795392
2022-07-06,equity_max_sr,COP,1.4529930701074233e-15
2022-08-04,equity_max_sr,COP,2.0092815467916446e-15
2022-09-02,equity_max_sr,COP,0.05507620992157003
2022-11-02,equity_max_sr,COP,7.087384250417087e-14
2023-02-03,equity_max_sr,COP,1.1147294150507594e-15
2023-04-05,equity_max_sr,COP,1.1137332040535573e-13
2023-05-05,equity_max_sr,COP,2.8326328261393876e-15
2023-07-07,equity_max_sr,COP,3.1226601043372797e-15
2023-08-07,equity_max_sr,COP,5.850127229367918e-16
2023-10-05,equity_max_sr,COP,1.7490438691687317e-15
2023-11-03,equity_max_sr,COP,5.675094119663766e-15
2021-02-03,equity_max_sr,CVX,6.284926199490802e-15
2021-04-06,equity_max_sr,CVX,2.492152435306828e-16
2021-07-06,equity_max_sr,CVX,1.2059999044456357e-14
2021-08-04,equity_max_sr,CVX,5.024518644078682e-16
2021-09-02,equity_max_sr,CVX,8.918508055069463e-15
2021-11-02,equity_max_sr,CVX,4.737377514436613e-16
2021-12-02,equity_max_sr,CVX,5.454860606648472e-15
2022-01-03,equity_max_sr,CVX,6.168481309128443e-15
2022-02-02,equity_max_sr,CVX,9.448645685707224e-16
2022-03-04,equity_max_sr,CVX,0.01406603917814466
2022-04-04,equity_max_sr,CVX,0.08780544674123197
2022-05-04,equity_max_sr,CVX,0.11826406345352422
2022-06-03,equity_max_sr,CVX,0.21003121576704437
2022-07-06,equity_max_sr,CVX,0.10047412399951024
2022-08-04,equity_max_sr,CVX,0.14651821382544233
2022-09-02,equity_max_sr,CVX,0.13126512652163927
2022-10-04,equity_max_sr,CVX,0.19029452768931596
2022-11-02,equity_max_sr,CVX,0.09863333334661917
2023-04-05,equity_max_sr,CVX,6.676920292758598e-14
2023-05-05,equity_max_sr,CVX,1.1464860129458756e-14
2023-07-07,equity_max_sr,CVX,3.494461828345937e-15
2023-10-05,equity_max_sr,CVX,6.262723838990486e-15
2023-12-05,equity_max_sr,CVX,4.455056620277385e-16
2021-01-04,equity_max_sr,D,9.79900717110116e-16
2021-02-03,equity_max_sr,D,2.8987339584535287e-15
2021-04-06,equity_max_sr,D,7.053020416406112e-16
2021-05-05,equity_max_sr,D,8.258460996172859e-16
2021-07-06,equity_max_sr,D,1.5846602330292375e-14
2021-09-02,equity_max_sr,D,2.976333869418989e-15
2021-10-04,equity_max_sr,D,1.1420644435810495e-15
2022-03-04,equity_max_sr,D,4.811459531092169e-15
2022-04-04,equity_max_sr,D,1.3298011648508287e-14
2022-06-03,equity_max_sr,D,2.0235260407781803e-14
2022-07-06,equity_max_sr,D,9.64951399273791e-15
2022-08-04,equity_max_sr,D,7.447113250152255e-15
2022-09-02,equity_max_sr,D,6.079606325848997e-15
2022-10-04,equity_max_sr,D,3.1753698983466877e-14
2022-11-02,equity_max_sr,D,2.8442225815716214e-15
2022-12-02,equity_max_sr,D,1.358487098628276e-15
2023-02-03,equity_max_sr,D,4.906810228910976e-16
2023-04-05,equity_max_sr,D,2.3357212828201952e-14
2023-06-06,equity_max_sr,D,8.469623660416649e-15
2023-09-06,equity_max_sr,D,8.365269892713922e-15
2023-12-05,equity_max_sr,D,1.3824973146525908e-15
2021-01-04,equity_max_sr,DD,8.506614067833871e-16
2021-03-05,equity_max_sr,DD,0.03930721202823396
2021-04-06,equity_max_sr,DD,0.10809328001718109
2021-05-05,equity_max_sr,DD,5.956669711559995e-16
2021-07-06,equity_max_sr,DD,7.923530209539783e-15
2021-09-02,equity_max_sr,DD,7.7429126589949e-15
2021-11-02,equity_max_sr,DD,3.744914817509898e-15
2022-02-02,equity_max_sr,DD,9.000652808072324e-16
2022-05-04,equity_max_sr,DD,2.328062469560741e-15
2022-12-02,equity_max_sr,DD,2.2607936870224843e-15
2023-02-03,equity_max_sr,DD,1.2711963323683305e-15
2023-03-07,equity_max_sr,DD,1.9136406758723496e-15
2023-04-05,equity_max_sr,DD,3.170392647124134e-14
2023-06-06,equity_max_sr,DD,1.7480765951420727e-15
2023-07-07,equity_max_sr,DD,1.2195657967332867e-15
2023-08-07,equity_max_sr,DD,1.6614995976334093e-15
2023-10-05,equity_max_sr,DD,2.39741440195657e-15
2023-11-03,equity_max_sr,DD,2.5654304010819755e-15
2021-01-04,equity_max_sr,DIS,1.111593363126185e-15
2021-03-05,equity_max_sr,DIS,5.420665639822177e-15
2021-04-06,equity_max_sr,DIS,0.04048095935233697
2021-05-05,equity_max_sr,DIS,4.067027469947273e-15
2021-06-04,equity_max_sr,DIS,6.763616784310478e-15
2021-07-06,equity_max_sr,DIS,0.007391240364276299
2021-08-04,equity_max_sr,DIS,8.468156836922376e-16
2021-11-02,equity_max_sr,DIS,1.5955306150186461e-15
2022-02-02,equity_max_sr,DIS,5.1063036871892755e-15
2022-05-04,equity_max_sr,DIS,1.512944659060315e-14
2022-12-02,equity_max_sr,DIS,3.468942579041008e-15
2023-01-04,equity_max_sr,DIS,1.8469332615354328e-14
2023-02-03,equity_max_sr,DIS,1.5611333993621239e-15
2023-04-05,equity_max_sr,DIS,6.115767505885163e-14
2023-06-06,equity_max_sr,DIS,1.6836005691444182e-14
2023-07-07,equity_max_sr,DIS,2.711614523682444e-15
2023-08-07,equity_max_sr,DIS,3.531330473846735e-15
2023-09-06,equity_max_sr,DIS,1.3546883781190598e-14
2023-12-05,equity_max_sr,DIS,6.56121931997818e-16
2021-03-05,equity_max_sr,DOW,7.66858613422431e-16
2021-04-06,equity_max_sr,DOW,1.6235828589183888e-15
2021-05-05,equity_max_sr,DOW,1.1143709172732643e-15
2021-07-06,equity_max_sr,DOW,5.816316118553896e-15
2021-09-02,equity_max_sr,DOW,8.31067987509808e-15
2021-11-02,equity_max_sr,DOW,1.124282562363751e-14
2022-02-02,equity_max_sr,DOW,7.124725119550078e-17
2022-05-04,equity_max_sr,DOW,1.89889990895612e-15
2022-12-02,equity_max_sr,DOW,1.9975585874516577e-15
2023-01-04,equity_max_sr,DOW,1.1839256464078125e-15
2023-03-07,equity_max_sr,DOW,1.2063050609604383e-15
2023-04-05,equity_max_sr,DOW,3.6695453010002493e-14
2023-06-06,equity_max_sr,DOW,1.2643644415270162e-14
2023-11-03,equity_max_sr,DOW,6.460879862390138e-16
2023-12-05,equity_max_sr,DOW,1.7603492467449444e-16
2021-01-04,equity_max_sr,DUK,5.021387385282875e-16
2021-04-06,equity_max_sr,DUK,9.473653045581076e-16
2021-05-05,equity_max_sr,DUK,1.4880628605211995e-15
2021-06-04,equity_max_sr,DUK,1.049437402287611e-14
2021-08-04,equity_max_sr,DUK,0.023978047173315618
2021-09-02,equity_max_sr,DUK,0.07502502311265735
2021-10-04,equity_max_sr,DUK,1.78086727638803e-14
2021-12-02,equity_max_sr,DUK,1.1925696756457624e-14
2022-01-03,equity_max_sr,DUK,7.538937320080258e-15
2022-02-02,equity_max_sr,DUK,7.913741448308295e-17
2022-03-04,equity_max_sr,DUK,4.352089223832855e-15
2022-04-04,equity_max_sr,DUK,2.0513508601436164e-14
2022-06-03,equity_max_sr,DUK,2.2014892895164556e-14
2022-07-06,equity_max_sr,DUK,1.5412523924689264e-14
2022-08-04,equity_max_sr,DUK,5.9677365055016864e-15
2022-09-02,equity_max_sr,DUK,5.846470367110152e-15
2022-10-04,equity_max_sr,DUK,3.466884948056141e-14
2022-11-02,equity_max_sr,DUK,7.136280257744038e-15
2023-03-07,equity_max_sr,DUK,1.7734510674543855e-16
2023-05-05,equity_max_sr,DUK,2.002930313309895e-14
2023-07-07,equity_max_sr,DUK,3.4025152422489217e-16
2023-08-07,equity_max_sr,DUK,1.782817612494256e-16
2023-10-05,equity_max_sr,DUK,4.616213099146698e-15
2023-11-03,equity_max_sr,DUK,1.0230601639797873e-14
2023-12-05,equity_max_sr,DUK,6.976877628730741e-17
2021-01-04,equity_max_sr,EA,1.815084662401065e-15
2021-03-05,equity_max_sr,EA,2.760100350526608e-15
2021-04-06,equity_max_sr,EA,0.07490836789896255
2021-05-05,equity_max_sr,EA,1.3547508728156284e-15
2021-06-04,equity_max_sr,EA,1.447959926410227e-14
2021-07-06,equity_max_sr,EA,8.525735393054058e-15
2021-08-04,equity_max_sr,EA,2.8353150595917067e-16
2021-10-04,equity_max_sr,EA,1.6330947571131804e-14
2021-11-02,equity_max_sr,EA,0.015990300113622662
2021-12-02,equity_max_sr,EA,2.3576395305086822e-15
2022-02-02,equity_max_sr,EA,1.2098813769421675e-15
2022-03-04,equity_max_sr,EA,3.3802702427460938e-15
2022-04-04,equity_max_sr,EA,2.340814892159528e-15
2022-06-03,equity_max_sr,EA,1.8222109453940544e-14
2022-07-06,equity_max_sr,EA,5.062337972280065e-15
2022-08-04,equity_max_sr,EA,7.799033232923502e-15
2022-09-02,equity_max_sr,EA,7.441636416764654e-15
2022-10-04,equity_max_sr,EA,1.604042804840203e-14
2022-11-02,equity_max_sr,EA,2.1264905901442293e-15
2023-03-07,equity_max_sr,EA,1.2197025810871596e-15
2023-05-05,equity_max_sr,EA,3.0558389135243555e-14
2023-08-07,equity_max_sr,EA,6.562491086158762e-16
2023-10-05,equity_max_sr,EA,9.26842282039944e-16
2023-11-03,equity_max_sr,EA,5.1681909870419206e-15
2023-12-05,equity_max_sr,EA,1.5668252943402078e-16
2021-01-04,equity_max_sr,GE,1.0668438869095852e-15
2021-03-05,equity_max_sr,GE,6.374176991506828e-16
2021-04-06,equity_max_sr,GE,5.420377475480022e-05
2021-05-05,equity_max_sr,GE,0.017542817736560495
2021-06-04,equity_max_sr,GE,0.042401495923704215
2021-07-06,equity_max_sr,GE,0.07763656025354379
2021-08-04,equity_max_sr,GE,0.07150518936691647
2021-09-02,equity_max_sr,GE,0.06618825211225396
2021-10-04,equity_max_sr,GE,0.1055635944983963
2022-02-02,equity_max_sr,GE,2.6579116766657803e-15
2022-03-04,equity_max_sr,GE,3.7753676233674824e-15
2022-05-04,equity_max_sr,GE,1.0731205786287912e-14
2022-12-02,equity_max_sr,GE,2.0127508674096246e-15
2023-01-04,equity_max_sr,GE,1.4615864791930249e-16
2023-03-07,equity_max_sr,GE,1.3455920058398827e-15
2023-04-05,equity_max_sr,GE,0.07226005775808439
2023-05-05,equity_max_sr,GE,0.336811240958933
2023-06-06,equity_max_sr,GE,0.3692601657277358
2023-07-07,equity_max_sr,GE,0.5324003975800427
2023-08-07,equity_max_sr,GE,0.4624313933740269
2023-09-06,equity_max_sr,GE,0.39842779710808357
2023-10-05,equity_max_sr,GE,0.5356969692222944
2023-11-03,equity_max_sr,GE,0.43318242252986966
2023-12-05,equity_max_sr,GE,0.5704847150285988
2021-01-04,equity_max_sr,GILD,1.7474830148268813e-15
2021-03-05,equity_max_sr,GILD,1.400061483887512e-15
2021-04-06,equity_max_sr,GILD,4.1379050293494543e-16
2021-07-06,equity_max_sr,GILD,8.590150018762251e-15
2021-08-04,equity_max_sr,GILD,6.703303427954997e-16
2021-10-04,equity_max_sr,GILD,1.996540472241933e-14
2021-11-02,equity_max_sr,GILD,0.0034395520572311315
2021-12-02,equity_max_sr,GILD,0.07849754863551102
2022-01-03,equity_max_sr,GILD,0.11587876774074493
2022-03-04,equity_max_sr,GILD,2.2513156445100046e-15
2022-04-04,equity_max_sr,GILD,3.434503892326129e-15
2022-06-03,equity_max_sr,GILD,1.506419391700833e-14
2022-07-06,equity_max_sr,GILD,8.083103692109479e-15
2022-08-04,equity_max_sr,GILD,5.270164699790291e-15
2022-09-02,equity_max_sr,GILD,6.681194866849663e-15
2022-10-04,equity_max_sr,GILD,3.388316628264379e-14
2022-11-02,equity_max_sr,GILD,0.05716935776582235
2023-02-03,equity_max_sr,GILD,0.05574186480526708
2023-03-07,equity_max_sr,GILD,0.15362559278949073
2023-04-05,equity_max_sr,GILD,0.321467876234016
2023-05-05,equity_max_sr,GILD,0.07429117938862997
2023-06-06,equity_max_sr,GILD,0.00628115050731487
2023-07-07,equity_max_sr,GILD,1.934734978372179e-15
2023-08-07,equity_max_sr,GILD,0.055420240954446164
2023-10-05,equity_max_sr,GILD,9.627296407145142e-15
2023-11-03,equity_max_sr,GILD,1.2259763092816527e-14
2021-03-05,equity_max_sr,GS,4.471700320150337e-16
2021-04-06,equity_max_sr,GS,0.10857356157750356
2021-05-05,equity_max_sr,GS,1.6501810234029177e-15
2021-06-04,equity_max_sr,GS,1.341844246745502e-14
2021-07-06,equity_max_sr,GS,0.1505866152493467
2021-08-04,equity_max_sr,GS,0.14980339502988665
2021-09-02,equity_max_sr,GS,0.20495689474198703
2021-10-04,equity_max_sr,GS,0.022028490266237745
2021-11-02,equity_max_sr,GS,0.1827016188993978
2021-12-02,equity_max_sr,GS,0.13106937790972803
2022-01-03,equity_max_sr,GS,1.9425884642184645e-14
2022-05-04,equity_max_sr,GS,2.204383356334249e-15
2023-03-07,equity_max_sr,GS,1.58241013591445e-15
2023-04-05,equity_max_sr,GS,1.715823100284156e-14
2023-05-05,equity_max_sr,GS,3.0212083768677713e-16
2023-08-07,equity_max_sr,GS,4.3962811975610043e-16
2023-09-06,equity_max_sr,GS,2.048391983419617e-15
2023-12-05,equity_max_sr,GS,1.5113646599524957e-16
2021-02-03,equity_max_sr,INTC,9.121808536563584e-15
2021-04-06,equity_max_sr,INTC,3.4654704771612355e-16
2021-07-06,equity_max_sr,INTC,3.3804292093552203e-14
2021-09-02,equity_max_sr,INTC,4.473924400349362e-15
2021-11-02,equity_max_sr,INTC,4.8988216775484734e-15
2022-02-02,equity_max_sr,INTC,5.843851906549724e-16
2022-05-04,equity_max_sr,INTC,3.8489777507706454e-15
2022-12-02,equity_max_sr,INTC,1.7812466696201126e-14
2023-01-04,equity_max_sr,INTC,3.790918312950048e-14
2023-02-03,equity_max_sr,INTC,1.069184547855215e-14
2023-04-05,equity_max_sr,INTC,9.605628629493964e-14
2023-06-06,equity_max_sr,INTC,3.91983792665572e-14
2023-09-06,equity_max_sr,INTC,1.914609887172466e-15
2023-11-03,equity_max_sr,INTC,6.335605521091069e-15
2023-12-05,equity_max_sr,INTC,0.014359197606708741
2021-01-04,equity_max_sr,KO,1.566953589016364e-15
2021-02-03,equity_max_sr,KO,2.0355786859185e-15
2021-04-06,equity_max_sr,KO,1.3886823372464838e-16
2021-06-04,equity_max_sr,KO,1.2209365533839292e-16
2021-08-04,equity_max_sr,KO,5.506876214950211e-16
2021-10-04,equity_max_sr,KO,1.4072862819758687e-15
2021-12-02,equity_max_sr,KO,2.5772883869734567e-15
2022-03-04,equity_max_sr,KO,5.357018170008522e-15
2022-04-04,equity_max_sr,KO,1.882807056646918e-14
2022-05-04,equity_max_sr,KO,0.01800156599972807
2022-06-03,equity_max_sr,KO,2.1209640372603978e-14
2022-07-06,equity_max_sr,KO,0.0907874114535514
2022-08-04,equity_max_sr,KO,1.2268915371331412e-14
2022-09-02,equity_max_sr,KO,8.351496616748333e-15
2022-10-04,equity_max_sr,KO,4.9202792207999356e-14
2022-11-02,equity_max_sr,KO,8.9249558645644e-15
2023-03-07,equity_max_sr,KO,1.7990909047009934e-15
2023-05-05,equity_max_sr,KO,3.183889955434426e-14
2023-07-07,equity_max_sr,KO,4.1082742754578636e-16
2023-10-05,equity_max_sr,KO,3.716036647445806e-15
2023-11-03,equity_max_sr,KO,6.8397005009601275e-15
2021-01-04,equity_max_sr,MMM,6.380616378888364e-16
2021-03-05,equity_max_sr,MMM,2.4683729091191762e-15
2021-04-06,equity_max_sr,MMM,8.747877107226893e-16
2021-05-05,equity_max_sr,MMM,8.454843548856524e-16
2021-06-04,equity_max_sr,MMM,3.963002428433723e-15
2021-09-02,equity_max_sr,MMM,1.1000897200659103e-15
2021-10-04,equity_max_sr,MMM,1.1639669272687752e-15
2021-12-02,equity_max_sr,MMM,5.3095695000139085e-15
2022-01-03,equity_max_sr,MMM,5.712482599140826e-16
2022-05-04,equity_max_sr,MMM,4.2700447083604435e-15
2022-12-02,equity_max_sr,MMM,1.9020047014102266e-15
2023-01-04,equity_max_sr,MMM,7.189759641397875e-15
2023-04-05,equity_max_sr,MMM,3.2526537738090625e-14
2023-06-06,equity_max_sr,MMM,1.8612285439326216e-14
2023-07-07,equity_max_sr,MMM,3.175780304976708e-15
2023-08-07,equity_max_sr,MMM,1.9049667948531536e-15
2023-09-06,equity_max_sr,MMM,6.193995370271568e-15
2023-12-05,equity_max_sr,MMM,5.457340275110207e-16
2021-03-05,equity_max_sr,MRK,2.4366536197998474e-16
2021-04-06,equity_max_sr,MRK,2.172786685803124e-16
2021-09-02,equity_max_sr,MRK,1.1212732129720492e-15
2021-10-04,equity_max_sr,MRK,1.3008192916206963e-14
2021-11-02,equity_max_sr,MRK,0.056710306408013604
2021-12-02,equity_max_sr,MRK,5.124875501112325e-15
2022-03-04,equity_max_sr,MRK,2.7619259334070242e-15
2022-04-04,equity_max_sr,MRK,1.2877283782896563e-14
2022-05-04,equity_max_sr,MRK,0.05007437689731382
2022-06-03,equity_max_sr,MRK,0.08206716507960977
2022-07-06,equity_max_sr,MRK,0.05960469446035323
2022-08-04,equity_max_sr,MRK,0.03620772462359809
2022-09-02,equity_max_sr,MRK,1.2107318896602845e-14
2022-10-04,equity_max_sr,MRK,4.8328831236318894e-14
2022-11-02,equity_max_sr,MRK,1.1002164665349626e-14
2022-12-02,equity_max_sr,MRK,0.404151541708905
2023-01-04,equity_max_sr,MRK,0.6730219953012201
2023-02-03,equity_max_sr,MRK,0.465513528288971
2023-03-07,equity_max_sr,MRK,0.6425692653737941
2023-04-05,equity_max_sr,MRK,0.4092259650678821
2023-05-05,equity_max_sr,MRK,0.5202194643278717
2023-06-06,equity_max_sr,MRK,0.4726016360746316
2023-07-07,equity_max_sr,MRK,0.28421605829952634
2023-08-07,equity_max_sr,MRK,0.2834065070108828
2023-09-06,equity_max_sr,MRK,0.3210302219203614
2023-10-05,equity_max_sr,MRK,0.17781992930352392
2023-11-03,equity_max_sr,MRK,0.11878844754679001
2021-01-04,equity_max_sr,MS,7.267450232783332e-16
2021-03-05,equity_max_sr,MS,0.027016245969794603
2021-04-06,equity_max_sr,MS,0.05143042087639132
2021-05-05,equity_max_sr,MS,0.07576613723776042
2021-06-04,equity_max_sr,MS,0.13565258760351737
2021-07-06,equity_max_sr,MS,0.016482800639663505
2021-08-04,equity_max_sr,MS,1.950909448472262e-15
2021-10-04,equity_max_sr,MS,0.20482304180400482
2021-12-02,equity_max_sr,MS,1.0016942261714863e-14
2022-01-03,equity_max_sr,MS,9.344790700189361e-15
2022-04-04,equity_max_sr,MS,5.807446780090237e-16
2022-05-04,equity_max_sr,MS,1.9227158444627583e-15
2023-02-03,equity_max_sr,MS,9.085616552460668e-16
2023-03-07,equity_max_sr,MS,2.332569195540697e-15
2023-04-05,equity_max_sr,MS,2.5581084649267876e-14
2023-07-07,equity_max_sr,MS,3.0667481764929176e-16
2023-08-07,equity_max_sr,MS,3.718248255458299e-16
2023-09-06,equity_max_sr,MS,4.011766846791572e-15
2021-01-04,equity_max_sr,NEE,1.1546705758637879e-15
2021-04-06,equity_max_sr,NEE,6.224155006748756e-16
2021-05-05,equity_max_sr,NEE,5.385304554209517e-17
2021-06-04,equity_max_sr,NEE,1.2633843495439114e-15
2021-07-06,equity_max_sr,NEE,4.685151151354856e-16
2021-08-04,equity_max_sr,NEE,1.805651676921996e-15
2021-10-04,equity_max_sr,NEE,1.2669778104772339e-14
2021-12-02,equity_max_sr,NEE,8.950067873522833e-15
2022-01-03,equity_max_sr,NEE,1.7284898656728244e-15
2022-02-02,equity_max_sr,NEE,1.8252080803481727e-15
2022-03-04,equity_max_sr,NEE,4.404333028551847e-15
2022-04-04,equity_max_sr,NEE,2.7396795132240715e-14
2022-06-03,equity_max_sr,NEE,1.9858637557970692e-14
2022-07-06,equity_max_sr,NEE,1.1735643599217729e-14
2022-08-04,equity_max_sr,NEE,9.681186836599204e-15
2022-09-02,equity_max_sr,NEE,6.575441122553959e-15
2022-10-04,equity_max_sr,NEE,4.802801341433216e-14
2022-11-02,equity_max_sr,NEE,3.719942863017407e-15
2023-03-07,equity_max_sr,NEE,7.946284138700089e-16
2023-05-05,equity_max_sr,NEE,2.0102814834183475e-14
2023-09-06,equity_max_sr,NEE,7.237092462125806e-15
2023-12-05,equity_max_sr,NEE,1.5737722253625703e-15
2021-01-04,equity_max_sr,NEM,0.16219341475362845
2021-02-03,equity_max_sr,NEM,0.10015589659816097
2021-03-05,equity_max_sr,NEM,4.772131588529583e-15
2021-04-06,equity_max_sr,NEM,1.913483081391014e-15
2021-06-04,equity_max_sr,NEM,1.445391571738581e-14
2021-07-06,equity_max_sr,NEM,1.5192781039851537e-14
2021-09-02,equity_max_sr,NEM,8.681068905768227e-15
2021-11-02,equity_max_sr,NEM,5.66156085787032e-15
2022-01-03,equity_max_sr,NEM,3.624766012877723e-15
2022-03-04,equity_max_sr,NEM,0.03805447932993533
2022-04-04,equity_max_sr,NEM,0.05786162417365602
2022-06-03,equity_max_sr,NEM,5.2890026213169655e-15
2022-07-06,equity_max_sr,NEM,8.012989237103273e-15
2022-10-04,equity_max_sr,NEM,1.53360098267187e-14
2022-12-02,equity_max_sr,NEM,2.3991888320076294e-15
2023-01-04,equity_max_sr,NEM,4.584976331731713e-15
2023-02-03,equity_max_sr,NEM,1.6974497798432126e-15
2023-04-05,equity_max_sr,NEM,3.500493226601551e-14
2023-06-06,equity_max_sr,NEM,1.0759728254934165e-14
2023-08-07,equity_max_sr,NEM,1.5986292048856586e-15
2023-11-03,equity_max_sr,NEM,1.7071906574038338e-15
2021-01-04,equity_max_sr,NKE,1.832094613330992e-15
2021-03-05,equity_max_sr,NKE,2.911760063579256e-15
2021-04-06,equity_max_sr,NKE,2.1060811523438745e-15
2021-05-05,equity_max_sr,NKE,9.773105953214036e-16
2021-06-04,equity_max_sr,NKE,2.101164945471853e-15
2021-07-06,equity_max_sr,NKE,0.07907633219575073
2021-08-04,equity_max_sr,NKE,0.1332565522204578
2021-09-02,equity_max_sr,NKE,0.05269859515448531
2021-11-02,equity_max_sr,NKE,2.2892299501633083e-16
2021-12-02,equity_max_sr,NKE,5.336594901937511e-15
2022-01-03,equity_max_sr,NKE,1.3992007070462368e-17
2022-02-02,equity_max_sr,NKE,2.8388016160838046e-16
2022-04-04,equity_max_sr,NKE,2.199492072019065e-15
2022-06-03,equity_max_sr,NKE,4.942097843541276e-15
2022-12-02,equity_max_sr,NKE,5.425147780079613e-15
2023-01-04,equity_max_sr,NKE,1.1310745104003106e-14
2023-02-03,equity_max_sr,NKE,3.6480697561747876e-16
2023-03-07,equity_max_sr,NKE,3.519585622800902e-16
2023-04-05,equity_max_sr,NKE,5.0444218191722554e-14
2023-06-06,equity_max_sr,NKE,1.9136580931692122e-14
2023-07-07,equity_max_sr,NKE,3.6414767269344806e-16
2023-08-07,equity_max_sr,NKE,1.0638982827261953e-17
2023-09-06,equity_max_sr,NKE,7.907749192278663e-15
2023-12-05,equity_max_sr,NKE,7.573446453268411e-16
2021-03-05,equity_max_sr,NUE,4.717144976650048e-16
2021-04-06,equity_max_sr,NUE,0.08309752604745438
2021-05-05,equity_max_sr,NUE,2.1037125783747812e-15
2021-06-04,equity_max_sr,NUE,0.12393599388487148
2021-07-06,equity_max_sr,NUE,0.1043567476235193
2021-08-04,equity_max_sr,NUE,0.11824421995725834
2021-09-02,equity_max_sr,NUE,0.09920791766851704
2021-10-04,equity_max_sr,NUE,0.03876648704553103
2021-11-02,equity_max_sr,NUE,0.014516213693846812
2021-12-02,equity_max_sr,NUE,0.0449165700630465
2022-01-03,equity_max_sr,NUE,0.1052553206585557
2022-02-02,equity_max_sr,NUE,0.07769317655752547
2022-03-04,equity_max_sr,NUE,0.10181253617542796
2022-04-04,equity_max_sr,NUE,0.029028097908855258
2022-05-04,equity_max_sr,NUE,0.07269744243197963
2022-06-03,equity_max_sr,NUE,1.2580222888227426e-14
2022-07-06,equity_max_sr,NUE,6.015624239972546e-15
2022-08-04,equity_max_sr,NUE,0.004888839703403547
2022-09-02,equity_max_sr,NUE,5.308143421452349e-15
2022-10-04,equity_max_sr,NUE,0.005763813213359633
2022-11-02,equity_max_sr,NUE,2.6386228921885026e-15
2023-02-03,equity_max_sr,NUE,0.16232215116909085
2023-03-07,equity_max_sr,NUE,0.02338290168934829
2023-04-05,equity_max_sr,NUE,4.3535679486955417e-14
2023-06-06,equity_max_sr,NUE,4.365448450509093e-15
2023-07-07,equity_max_sr,NUE,8.276052490903577e-16
2023-09-06,equity_max_sr,NUE,6.161483905723518e-16
2023-12-05,equity_max_sr,NUE,3.661684488790032e-16
2021-01-04,equity_max_sr,NVDA,0.19752895577595941
2021-02-03,equity_max_sr,NVDA,0.20900156869452577
2021-04-06,equity_max_sr,NVDA,0.03850050294958274
2021-05-05,equity_max_sr,NVDA,0.060224157964921005
2021-06-04,equity_max_sr,NVDA,0.08341079379776109
2021-07-06,equity_max_sr,NVDA,0.09364593970959909
2021-08-04,equity_max_sr,NVDA,0.0867028405947273
2021-09-02,equity_max_sr,NVDA,0.07973065987616275
2021-10-04,equity_max_sr,NVDA,0.10983306838829489
2021-11-02,equity_max_sr,NVDA,0.08566002944889836
2021-12-02,equity_max_sr,NVDA,0.1338889345701253
2022-01-03,equity_max_sr,NVDA,0.09394338621679836
2022-02-02,equity_max_sr,NVDA,0.06759405767675783
2022-03-04,equity_max_sr,NVDA,0.0697009255972758
2022-04-04,equity_max_sr,NVDA,0.059975846738571655
2022-05-04,equity_max_sr,NVDA,0.02948084031630662
2022-06-03,equity_max_sr,NVDA,1.0524201528396875e-14
2022-07-06,equity_max_sr,NVDA,8.143728033308385e-15
2022-08-04,equity_max_sr,NVDA,6.770331951924185e-15
2022-12-02,equity_max_sr,NVDA,1.442917046814652e-14
2023-01-04,equity_max_sr,NVDA,4.545531479907201e-14
2023-02-03,equity_max_sr,NVDA,3.515035583991597e-15
2023-03-07,equity_max_sr,NVDA,1.7815467347809887e-15
2023-04-05,equity_max_sr,NVDA,4.6748488293734085e-14
2023-06-06,equity_max_sr,NVDA,0.11611117934207467
2023-07-07,equity_max_sr,NVDA,0.12490316861864037
2023-08-07,equity_max_sr,NVDA,0.1266520083863772
2023-09-06,equity_max_sr,NVDA,0.21702755090761025
2023-10-05,equity_max_sr,NVDA,0.18547650911120112
2023-11-03,equity_max_sr,NVDA,0.24525233344211386
2023-12-05,equity_max_sr,NVDA,0.19566169462538419
2021-02-03,equity_max_sr,O,5.751532867423114e-15
2021-04-06,equity_max_sr,O,6.04535157046109e-16
2021-07-06,equity_max_sr,O,2.2338257266017504e-14
2021-09-02,equity_max_sr,O,4.674712993053661e-15
2021-12-02,equity_max_sr,O,3.3453587523627838e-15
2022-04-04,equity_max_sr,O,7.506122850088263e-15
2022-06-03,equity_max_sr,O,1.2367450903781225e-14
2022-07-06,equity_max_sr,O,1.1998747674158822e-14
2022-08-04,equity_max_sr,O,8.012486008742271e-15
2022-09-02,equity_max_sr,O,6.03815858175501e-15
2022-10-04,equity_max_sr,O,3.271393407247345e-14
2022-11-02,equity_max_sr,O,3.979817222471611e-15
2023-03-07,equity_max_sr,O,1.4084304155813639e-15
2023-05-05,equity_max_sr,O,1.94739557444868e-14
2023-07-07,equity_max_sr,O,9.979654211670658e-16
2023-08-07,equity_max_sr,O,4.829987262215983e-16
2021-02-03,equity_max_sr,OXY,9.331818242636812e-15
2021-04-06,equity_max_sr,OXY,2.1057789321624401e-16
2021-08-04,equity_max_sr,OXY,5.111800182857251e-16
2021-09-02,equity_max_sr,OXY,0.0035582589677830116
2021-10-04,equity_max_sr,OXY,0.05378820384208143
2021-11-02,equity_max_sr,OXY,0.05040451594252801
2021-12-02,equity_max_sr,OXY,1.954010733560286e-15
2022-01-03,equity_max_sr,OXY,8.044289852297602e-15
2022-02-02,equity_max_sr,OXY,5.914489469018213e-16
2022-03-04,equity_max_sr,OXY,8.94245862983688e-16
2022-04-04,equity_max_sr,OXY,0.021406853770359675
2022-05-04,equity_max_sr,OXY,0.03819731379214844
2022-06-03,equity_max_sr,OXY,0.05013919062951287
2022-07-06,equity_max_sr,OXY,0.11603764080604635
2022-08-04,equity_max_sr,OXY,0.18147453346537262
2022-09-02,equity_max_sr,OXY,0.1885025807185673
2022-10-04,equity_max_sr,OXY,0.18981656627343474
2022-11-02,equity_max_sr,OXY,0.0947501321329491
2022-12-02,equity_max_sr,OXY,0.08915505060227728
2023-01-04,equity_max_sr,OXY,0.095514653254595
2023-02-03,equity_max_sr,OXY,0.10699833523559799
2023-04-05,equity_max_sr,OXY,9.111229410697788e-14
2023-05-05,equity_max_sr,OXY,3.4157259864938216e-15
2023-06-06,equity_max_sr,OXY,1.0423916303212526e-15
2023-07-07,equity_max_sr,OXY,2.882707097292031e-16
2023-08-07,equity_max_sr,OXY,1.3870587642238006e-15
2023-09-06,equity_max_sr,OXY,3.277001332901081e-15
2023-12-05,equity_max_sr,OXY,5.674093710245523e-16
2021-02-03,equity_max_sr,PLD,1.1813742746405458e-15
2021-04-06,equity_max_sr,PLD,9.621224189643972e-17
2021-07-06,equity_max_sr,PLD,1.0912130973427942e-14
2021-10-04,equity_max_sr,PLD,6.8162264446986525e-15
2021-11-02,equity_max_sr,PLD,0.03165076726138836
2021-12-02,equity_max_sr,PLD,0.06248363373481293
2022-01-03,equity_max_sr,PLD,0.10160229795515176
2022-02-02,equity_max_sr,PLD,0.03913757934888522
2022-03-04,equity_max_sr,PLD,0.03083779264910279
2022-04-04,equity_max_sr,PLD,0.0683413748866751
2022-05-04,equity_max_sr,PLD,0.16582617830643623
2022-06-03,equity_max_sr,PLD,1.16664968583094e-14
2022-07-06,equity_max_sr,PLD,4.8371674934158996e-15
2022-08-04,equity_max_sr,PLD,2.3282467095049812e-15
2022-09-02,equity_max_sr,PLD,6.939959349025468e-16
2022-10-04,equity_max_sr,PLD,1.8942068175149776e-15
2022-12-02,equity_max_sr,PLD,2.911453721937402e-15
2023-01-04,equity_max_sr,PLD,1.8382373486601903e-14
2023-02-03,equity_max_sr,PLD,1.1907026312089934e-15
2023-03-07,equity_max_sr,PLD,7.300385915501801e-16
2023-04-05,equity_max_sr,PLD,5.012720406746291e-14
2023-06-06,equity_max_sr,PLD,5.458556474693127e-15
2023-09-06,equity_max_sr,PLD,3.5329006553457926e-15
2023-12-05,equity_max_sr,PLD,1.1628405729025572e-15
2021-01-04,equity_max_sr,PSA,1.8956788000997383e-15
2021-03-05,equity_max_sr,PSA,2.1292172907169026e-15
2021-04-06,equity_max_sr,PSA,0.026327296115647155
2021-05-05,equity_max_sr,PSA,0.17535007404648087
2021-06-04,equity_max_sr,PSA,0.22659134399505787
2021-07-06,equity_max_sr,PSA,0.3214533221061386
2021-08-04,equity_max_sr,PSA,0.3734557657628703
2021-09-02,equity_max_sr,PSA,0.393929302597313
2021-10-04,equity_max_sr,PSA,0.42162286294868845
2021-11-02,equity_max_sr,PSA,0.34189204900547765
2021-12-02,equity_max_sr,PSA,0.3467219249485991
2022-01-03,equity_max_sr,PSA,0.3669775418559688
2022-02-02,equity_max_sr,PSA,0.45197709437968625
2022-03-04,equity_max_sr,PSA,0.3852060690516863
2022-04-04,equity_max_sr,PSA,0.277212180036752
2022-05-04,equity_max_sr,PSA,0.09439112121140976
2022-06-03,equity_max_sr,PSA,1.9158954724378253e-14
2022-07-06,equity_max_sr,PSA,7.293513966783154e-15
2022-08-04,equity_max_sr,PSA,7.328520752254031e-15
2022-09-02,equity_max_sr,PSA,5.374057963690682e-15
2022-10-04,equity_max_sr,PSA,3.237740195329869e-14
2022-11-02,equity_max_sr,PSA,3.413184253859555e-15
2023-01-04,equity_max_sr,PSA,1.0781774929670554e-14
2023-02-03,equity_max_sr,PSA,1.3440874071740811e-15
2023-03-07,equity_max_sr,PSA,1.7241605398081032e-16
2023-04-05,equity_max_sr,PSA,1.9664315884845134e-14
2023-05-05,equity_max_sr,PSA,5.291146992182588e-15
2023-08-07,equity_max_sr,PSA,1.1186210560743128e-15
2023-09-06,equity_max_sr,PSA,1.6062986995705557e-15
2023-10-05,equity_max_sr,PSA,1.7111101700588943e-15
2021-01-04,equity_max_sr,QCOM,0.001836012743328296
2021-02-03,equity_max_sr,QCOM,0.08334981918145659
2021-04-06,equity_max_sr,QCOM,6.271987020782446e-16
2021-07-06,equity_max_sr,QCOM,1.1192273763666118e-14
2021-09-02,equity_max_sr,QCOM,2.769583239341356e-15
2021-11-02,equity_max_sr,QCOM,1.1473873627234234e-14
2022-06-03,equity_max_sr,QCOM,1.443069045607267e-14
2022-07-06,equity_max_sr,QCOM,4.72552040069175e-15
2022-08-04,equity_max_sr,QCOM,9.864973435439407e-15
2022-09-02,equity_max_sr,QCOM,1.884052873597605e-15
2022-10-04,equity_max_sr,QCOM,2.0117599117153976e-14
2022-11-02,equity_max_sr,QCOM,1.754000331690202e-15
2022-12-02,equity_max_sr,QCOM,8.243671245883479e-15
2023-01-04,equity_max_sr,QCOM,2.9806079391404534e-14
2023-02-03,equity_max_sr,QCOM,4.363312982328993e-15
2023-04-05,equity_max_sr,QCOM,6.611027482209318e-14
2023-06-06,equity_max_sr,QCOM,2.5231496689712833e-14
2023-07-07,equity_max_sr,QCOM,2.3584812863219327e-15
2023-09-06,equity_max_sr,QCOM,1.8693860997355586e-14
2021-01-04,equity_max_sr,SBUX,6.912781573466728e-16
2021-03-05,equity_max_sr,SBUX,1.2933615718880053e-16
2021-04-06,equity_max_sr,SBUX,1.479964275161241e-15
2021-05-05,equity_max_sr,SBUX,1.8824131850956225e-15
2021-06-04,equity_max_sr,SBUX,2.9903293818233817e-15
2021-08-04,equity_max_sr,SBUX,0.02901749610476134
2021-10-04,equity_max_sr,SBUX,7.730104367264244e-15
2021-12-02,equity_max_sr,SBUX,3.030310353345704e-15
2022-01-03,equity_max_sr,SBUX,2.1327387397389936e-16
2022-05-04,equity_max_sr,SBUX,6.13847425565735e-15
2022-10-04,equity_max_sr,SBUX,5.368953866377799e-15
2022-11-02,equity_max_sr,SBUX,8.069278790851496e-16
2023-03-07,equity_max_sr,SBUX,1.9198418040791983e-15
2023-05-05,equity_max_sr,SBUX,0.06867811532512358
2023-07-07,equity_max_sr,SBUX,2.4436805821840145e-16
2023-10-05,equity_max_sr,SBUX,3.6050655396522334e-16
2023-11-03,equity_max_sr,SBUX,4.510504224864102e-15
2023-12-05,equity_max_sr,SBUX,5.303651671641939e-16
2021-01-04,equity_max_sr,SHW,8.525952513485185e-16
2021-03-05,equity_max_sr,SHW,2.7918556797208917e-17
2021-04-06,equity_max_sr,SHW,0.07463896970052726
2021-05-05,equity_max_sr,SHW,0.06578492531175564
2021-06-04,equity_max_sr,SHW,9.665801352071951e-15
2021-08-04,equity_max_sr,SHW,9.693014183328552e-16
2021-10-04,equity_max_sr,SHW,0.026599759674950284
2021-11-02,equity_max_sr,SHW,0.010541143870861698
2021-12-02,equity_max_sr,SHW,0.04355827441676005
2022-01-03,equity_max_sr,SHW,0.028838277698812382
2022-02-02,equity_max_sr,SHW,4.806188335220166e-16
2022-04-04,equity_max_sr,SHW,3.4777442871915716e-15
2022-06-03,equity_max_sr,SHW,1.5195278994138696e-14
2022-07-06,equity_max_sr,SHW,3.9948186961004136e-15
2022-08-04,equity_max_sr,SHW,2.0698803758626343e-15
2022-09-02,equity_max_sr,SHW,2.157411660909588e-15
2022-10-04,equity_max_sr,SHW,1.0640728111410954e-14
2022-11-02,equity_max_sr,SHW,1.6466912942826348e-15
2022-12-02,equity_max_sr,SHW,3.3156661811069576e-15
2023-01-04,equity_max_sr,SHW,4.357104197665503e-15
2023-03-07,equity_max_sr,SHW,8.254023913931785e-16
2023-06-06,equity_max_sr,SHW,6.071854895803587e-15
2023-08-07,equity_max_sr,SHW,3.0459642218804724e-16
2023-12-05,equity_max_sr,SHW,3.624147484750845e-16
2021-02-03,equity_max_sr,SLB,7.412319483838091e-15
2021-04-06,equity_max_sr,SLB,1.7434320199766203e-16
2021-06-04,equity_max_sr,SLB,6.553044806220475e-15
2021-09-02,equity_max_sr,SLB,3.200399354028811e-15
2021-11-02,equity_max_sr,SLB,1.3061706846718524e-15
2022-04-04,equity_max_sr,SLB,2.831238390425726e-16
2022-11-02,equity_max_sr,SLB,1.1763365310595925e-16
2023-02-03,equity_max_sr,SLB,6.70682240574709e-17
2023-03-07,equity_max_sr,SLB,0.018181642526969705
2023-04-05,equity_max_sr,SLB,5.516624791048539e-14
2023-05-05,equity_max_sr,SLB,1.3506946553917225e-15
2023-08-07,equity_max_sr,SLB,0.07208985027426278
2023-09-06,equity_max_sr,SLB,0.06351443006393659
2023-10-05,equity_max_sr,SLB,5.380472792081326e-15
2023-11-03,equity_max_sr,SLB,6.404426011958338e-15
2021-01-04,equity_max_sr,SO,5.770988985151825e-16
2021-02-03,equity_max_sr,SO,3.5405689087018928e-15
2021-04-06,equity_max_sr,SO,3.7780590380025926e-17
2021-05-05,equity_max_sr,SO,7.867910579727943e-16
2021-06-04,equity_max_sr,SO,3.370149082670878e-15
2021-08-04,equity_max_sr,SO,4.573535174774968e-16
2021-10-04,equity_max_sr,SO,1.0093740619012145e-14
2021-12-02,equity_max_sr,SO,6.318906030181631e-15
2022-01-03,equity_max_sr,SO,4.76633513383208e-15
2022-03-04,equity_max_sr,SO,6.623271022887803e-15
2022-04-04,equity_max_sr,SO,2.4216756129864687e-14
2022-06-03,equity_max_sr,SO,0.1184393650848903
2022-07-06,equity_max_sr,SO,0.15614739444556983
2022-08-04,equity_max_sr,SO,0.3658112483763536
2022-09-02,equity_max_sr,SO,0.23208026664534354
2022-10-04,equity_max_sr,SO,0.05969596268975459
2022-11-02,equity_max_sr,SO,6.59622353349596e-15
2023-03-07,equity_max_sr,SO,9.722275059867124e-16
2023-05-05,equity_max_sr,SO,3.134705320417334e-14
2023-10-05,equity_max_sr,SO,3.488963046831569e-15
2023-11-03,equity_max_sr,SO,1.3049285766501272e-14
2023-12-05,equity_max_sr,SO,0.05916484576179253
2021-02-03,equity_max_sr,T,1.9318585795720205e-15
2021-04-06,equity_max_sr,T,2.110823311623312e-16
2021-05-05,equity_max_sr,T,8.307090317370867e-16
2021-09-02,equity_max_sr,T,3.1936107256925466e-15
2021-10-04,equity_max_sr,T,6.796230872327374e-16
2021-11-02,equity_max_sr,T,1.6140707453637846e-16
2022-01-03,equity_max_sr,T,5.640997985784821e-16
2022-02-02,equity_max_sr,T,4.501669122252533e-16
2022-06-03,equity_max_sr,T,1.2158967578565135e-14
2022-07-06,equity_max_sr,T,7.578190285739627e-15
2022-08-04,equity_max_sr,T,1.1203893644012344e-15
2022-09-02,equity_max_sr,T,2.1590377524100794e-15
2022-10-04,equity_max_sr,T,8.380311424412658e-15
2022-11-02,equity_max_sr,T,6.491197708966483e-15
2023-03-07,equity_max_sr,T,1.9689722561187895e-15
2023-05-05,equity_max_sr,T,1.209505931048051e-14
2023-06-06,equity_max_sr,T,4.113915990346762e-16
2023-07-07,equity_max_sr,T,5.103850359299085e-16
2023-10-05,equity_max_sr,T,4.166236429328178e-15
2023-11-03,equity_max_sr,T,6.183730355253375e-15
2021-01-04,equity_max_sr,TMUS,0.29116722869221684
2021-02-03,equity_max_sr,TMUS,0.10613795226792806
2021-03-05,equity_max_sr,TMUS,1.103353301047219e-15
2021-04-06,equity_max_sr,TMUS,8.895846510279868e-16
2021-05-05,equity_max_sr,TMUS,2.87548967513257e-16
2021-06-04,equity_max_sr,TMUS,1.0346136064126346e-14
2021-08-04,equity_max_sr,TMUS,7.96933210055818e-16
2021-10-04,equity_max_sr,TMUS,2.264324386343454e-15
2021-11-02,equity_max_sr,TMUS,2.07440425450454e-15
2022-04-04,equity_max_sr,TMUS,4.0163413761716515e-16
2022-06-03,equity_max_sr,TMUS,1.153690324303148e-15
2022-07-06,equity_max_sr,TMUS,2.9059380195663415e-15
2022-08-04,equity_max_sr,TMUS,3.604912108343414e-15
2022-09-02,equity_max_sr,TMUS,4.4517279431808716e-15
2022-10-04,equity_max_sr,TMUS,3.3443888643450605e-14
2022-11-02,equity_max_sr,TMUS,0.008268210599415198
2022-12-02,equity_max_sr,TMUS,0.04583517731493052
2023-02-03,equity_max_sr,TMUS,0.14660141263174403
2023-03-07,equity_max_sr,TMUS,1.5133269757693364e-15
2023-05-05,equity_max_sr,TMUS,2.6954585954201004e-14
2023-10-05,equity_max_sr,TMUS,4.726265645111685e-15
2023-11-03,equity_max_sr,TMUS,6.816000739815377e-15
2021-01-04,equity_max_sr,TTWO,0.23960616586352268
2021-02-03,equity_max_sr,TTWO,0.2009636530946481
2021-03-05,equity_max_sr,TTWO,0.2756751996341984
2021-04-06,equity_max_sr,TTWO,0.16193783791826577
2021-05-05,equity_max_sr,TTWO,0.056923769999950684
2021-06-04,equity_max_sr,TTWO,0.09511077495978654
2021-07-06,equity_max_sr,TTWO,1.4937015825000344e-15
2021-08-04,equity_max_sr,TTWO,1.260072820805845e-16
2021-10-04,equity_max_sr,TTWO,1.1005055669465898e-15
2022-03-04,equity_max_sr,TTWO,3.820366341345331e-15
2022-04-04,equity_max_sr,TTWO,5.8414898637796916e-15
2022-05-04,equity_max_sr,TTWO,1.2827657758783167e-15
2022-07-06,equity_max_sr,TTWO,1.151708133412355e-17
2022-08-04,equity_max_sr,TTWO,6.046338224829477e-16
2022-09-02,equity_max_sr,TTWO,1.145777103886185e-15
2022-10-04,equity_max_sr,TTWO,1.1777621601227196e-15
2023-01-04,equity_max_sr,TTWO,7.728984728550973e-15
2023-02-03,equity_max_sr,TTWO,2.23429373760958e-15
2023-03-07,equity_max_sr,TTWO,6.552813109331274e-17
2023-04-05,equity_max_sr,TTWO,1.1418173375309005e-14
2023-05-05,equity_max_sr,TTWO,1.4536945680651865e-14
2023-07-07,equity_max_sr,TTWO,5.960141567261125e-16
2023-08-07,equity_max_sr,TTWO,5.689090724204108e-16
2023-10-05,equity_max_sr,TTWO,2.9561441115709274e-15
2023-11-03,equity_max_sr,TTWO,2.632872579447852e-15
2023-12-05,equity_max_sr,TTWO,0.05413091762477838
2021-01-04,equity_max_sr,UPS,0.10766822217138872
2021-02-03,equity_max_sr,UPS,0.1828506332941374
2021-03-05,equity_max_sr,UPS,0.3668519375435856
2021-04-06,equity_max_sr,UPS,0.07327620211295097
2021-05-05,equity_max_sr,UPS,0.22437502934695222
2021-06-04,equity_max_sr,UPS,0.1842830654162666
2021-07-06,equity_max_sr,UPS,0.08573888345352183
2021-09-02,equity_max_sr,UPS,9.648141529729762e-16
2021-12-02,equity_max_sr,UPS,3.843904102616806e-15
2022-01-03,equity_max_sr,UPS,1.5310104112371003e-15
2022-02-02,equity_max_sr,UPS,0.016875552700829202
2022-03-04,equity_max_sr,UPS,3.788507760714037e-15
2022-04-04,equity_max_sr,UPS,1.2636284983076182e-14
2022-05-04,equity_max_sr,UPS,2.0825262840046065e-15
2022-06-03,equity_max_sr,UPS,4.0859038737740074e-16
2022-07-06,equity_max_sr,UPS,4.144486731401898e-15
2022-08-04,equity_max_sr,UPS,8.152992007955506e-15
2022-09-02,equity_max_sr,UPS,6.919922645938705e-15
2022-10-04,equity_max_sr,UPS,1.962992942689297e-14
2023-02-03,equity_max_sr,UPS,1.381114585578021e-15
2023-03-07,equity_max_sr,UPS,5.429939834820695e-16
2023-05-05,equity_max_sr,UPS,1.4043965046906553e-14
2023-07-07,equity_max_sr,UPS,1.182000056844763e-16
2023-08-07,equity_max_sr,UPS,1.1834256190705479e-17
2023-09-06,equity_max_sr,UPS,8.31593452598759e-15
2023-12-05,equity_max_sr,UPS,2.57945415546724e-16
2021-01-04,equity_max_sr,USB,4.4179681141526555e-16
2021-02-03,equity_max_sr,USB,1.4606197242455836e-15
2021-04-06,equity_max_sr,USB,1.1518903839975658e-16
2021-05-05,equity_max_sr,USB,6.360917969340582e-16
2021-09-02,equity_max_sr,USB,5.615964585051187e-15
2021-10-04,equity_max_sr,USB,1.9704800017536315e-15
2021-11-02,equity_max_sr,USB,7.989250219034853e-16
2021-12-02,equity_max_sr,USB,3.2000757671288446e-15
2022-01-03,equity_max_sr,USB,1.9243224518738117e-15
2022-05-04,equity_max_sr,USB,7.700731060519866e-15
2022-12-02,equity_max_sr,USB,3.954804610002707e-15
2023-01-04,equity_max_sr,USB,1.326122972758978e-15
2023-02-03,equity_max_sr,USB,4.001505566961226e-18
2023-04-05,equity_max_sr,USB,8.55056901995846e-14
2023-06-06,equity_max_sr,USB,3.0843300274336455e-14
2023-07-07,equity_max_sr,USB,9.88231540222448e-16
2023-09-06,equity_max_sr,USB,1.2412976337949108e-14
2023-12-05,equity_max_sr,USB,4.865467765627691e-16
2021-01-04,equity_max_sr,V,7.299710879071469e-16
2021-02-03,equity_max_sr,V,3.6460540513659476e-15
2021-04-06,equity_max_sr,V,1.4812237257241684e-16
2021-05-05,equity_max_sr,V,3.569650881680475e-16
2021-07-06,equity_max_sr,V,1.926717896601567e-14
2021-09-02,equity_max_sr,V,6.773880032817208e-15
2021-11-02,equity_max_sr,V,2.336020207948816e-15
2022-02-02,equity_max_sr,V,9.962320050206063e-16
2022-05-04,equity_max_sr,V,2.1541855659669415e-15
2022-06-03,equity_max_sr,V,1.3776557166394443e-16
2022-09-02,equity_max_sr,V,3.599169554919289e-16
2022-11-02,equity_max_sr,V,3.5190269663932227e-15
2023-02-03,equity_max_sr,V,4.910502101420922e-16
2023-03-07,equity_max_sr,V,1.5896090689331642e-15
2023-04-05,equity_max_sr,V,5.774362195748823e-15
2023-05-05,equity_max_sr,V,9.017885267459514e-15
2023-10-05,equity_max_sr,V,2.7548578327870716e-15
2023-11-03,equity_max_sr,V,4.641315919798556e-15
2021-02-03,equity_max_sr,WFC,1.0187754176039686e-14
2021-04-06,equity_max_sr,WFC,7.970555677540094e-16
2021-05-05,equity_max_sr,WFC,1.0814681793612835e-15
2021-06-04,equity_max_sr,WFC,1.7194380394934215e-15
2021-08-04,equity_max_sr,WFC,3.216034248142542e-17
2021-09-02,equity_max_sr,WFC,2.4511322354007252e-15
2021-10-04,equity_max_sr,WFC,7.99095395759714e-15
2021-11-02,equity_max_sr,WFC,0.07511455427440115
2021-12-02,equity_max_sr,WFC,0.043935586494819975
2022-01-03,equity_max_sr,WFC,0.02759455679383184
2022-02-02,equity_max_sr,WFC,0.062023887738728946
2022-03-04,equity_max_sr,WFC,4.782794537310127e-15
2022-04-04,equity_max_sr,WFC,7.595367317828665e-15
2022-05-04,equity_max_sr,WFC,1.7771930004139956e-15
2022-09-02,equity_max_sr,WFC,2.1008346642979984e-15
2022-12-02,equity_max_sr,WFC,9.073311636232132e-16
2023-02-03,equity_max_sr,WFC,1.5281065788970537e-15
2023-04-05,equity_max_sr,WFC,6.442860755763847e-14
2023-06-06,equity_max_sr,WFC,6.996882255626555e-15
2023-07-07,equity_max_sr,WFC,1.0067909316363144e-15
2023-08-07,equity_max_sr,WFC,4.046890335737328e-16
2023-09-06,equity_max_sr,WFC,5.336642927736302e-15
2023-12-05,equity_max_sr,WFC,9.952321911995387e-16
2021-01-04,equity_max_sr,WMT,1.243867813989828e-15
2021-03-05,equity_max_sr,WMT,2.5754733782753175e-15
2021-04-06,equity_max_sr,WMT,1.9963928345436144e-15
2021-05-05,equity_max_sr,WMT,9.293749245835409e-16
2021-06-04,equity_max_sr,WMT,9.769224516115138e-15
2021-09-02,equity_max_sr,WMT,1.9839891017916115e-15
2022-02-02,equity_max_sr,WMT,2.4524962914254415e-16
2022-03-04,equity_max_sr,WMT,5.38288370211288e-15
2022-04-04,equity_max_sr,WMT,1.9465457021779338e-14
2022-06-03,equity_max_sr,WMT,5.5759769202568856e-15
2022-07-06,equity_max_sr,WMT,4.957952049779933e-15
2022-08-04,equity_max_sr,WMT,4.689459698385581e-15
2022-09-02,equity_max_sr,WMT,3.9132493256859504e-15
2022-10-04,equity_max_sr,WMT,3.624864279543064e-14
2022-11-02,equity_max_sr,WMT,4.6061722781038735e-15
2023-03-07,equity_max_sr,WMT,2.9352581249840755e-15
2023-05-05,equity_max_sr,WMT,4.430149059198022e-14
2023-06-06,equity_max_sr,WMT,0.03574586834819951
2023-07-07,equity_max_sr,WMT,0.05848037550178697
2023-10-05,equity_max_sr,WMT,6.845934925311498e-15
2023-11-03,equity_max_sr,WMT,0.17093669338677953
2021-02-03,equity_max_sr,XOM,3.842445203496065e-15
2021-03-05,equity_max_sr,XOM,1.2015319054998748e-15
2021-04-06,equity_max_sr,XOM,2.7780724947788967e-16
2021-05-05,equity_max_sr,XOM,9.39811346112519e-17
2021-09-02,equity_max_sr,XOM,1.6860015242606826e-15
2021-10-04,equity_max_sr,XOM,9.29378776880188e-16
2021-12-02,equity_max_sr,XOM,0.0331428765246335
2022-01-03,equity_max_sr,XOM,8.510329070562267e-15
2022-03-04,equity_max_sr,XOM,1.501289392920082e-15
2022-04-04,equity_max_sr,XOM,1.0602459086731854e-14
2022-06-03,equity_max_sr,XOM,1.0818185168444769e-14
2022-07-06,equity_max_sr,XOM,7.448685311556171e-15
2022-08-04,equity_max_sr,XOM,2.950200554969413e-13
2022-09-02,equity_max_sr,XOM,0.03470617615526051
2022-10-04,equity_max_sr,XOM,0.01433708431325347
2022-11-02,equity_max_sr,XOM,0.18417068717784227
2022-12-02,equity_max_sr,XOM,0.15789816350856203
2023-01-04,equity_max_sr,XOM,0.2045027554851754
2023-02-03,equity_max_sr,XOM,0.0628227078693199
2023-03-07,equity_max_sr,XOM,0.15676187672706493
2023-04-05,equity_max_sr,XOM,0.19704610093897237
2023-05-05,equity_max_sr,XOM,3.189546284100325e-14
2023-08-07,equity_max_sr,XOM,4.310851643070738e-16
2023-10-05,equity_max_sr,XOM,6.509112046269589e-15
2023-11-03,equity_max_sr,XOM,6.250063574657859e-15
2021-01-01,crypto_min_var,ADA-USD,1.0915359207041194e-18
2021-03-02,crypto_min_var,ADA-USD,3.9316093472460834e-17
2021-04-01,crypto_min_var,ADA-USD,0.011363526268503335
2021-05-01,crypto_min_var,ADA-USD,0.027305207666174475
2021-05-31,crypto_min_var,ADA-USD,0.011552989183432496
2021-06-30,crypto_min_var,ADA-USD,0.021400163423728094
2021-07-30,crypto_min_var,ADA-USD,0.01235943393076418
2021-08-29,crypto_min_var,ADA-USD,0.008717188486739164
2021-09-28,crypto_min_var,ADA-USD,0.03022180437494949
2021-10-28,crypto_min_var,ADA-USD,0.04688726277755249
2021-11-27,crypto_min_var,ADA-USD,0.044947112220211125
2021-12-27,crypto_min_var,ADA-USD,0.03627260980533037
2022-01-26,crypto_min_var,ADA-USD,0.02807871152201843
2022-02-25,crypto_min_var,ADA-USD,1.0408340855860843e-16
2022-04-26,crypto_min_var,ADA-USD,3.2228050045899984e-17
2022-08-24,crypto_min_var,ADA-USD,4.309224112283337e-17
2022-09-23,crypto_min_var,ADA-USD,1.9639669991743752e-17
2022-10-23,crypto_min_var,ADA-USD,5.915118131483927e-17
2022-11-22,crypto_min_var,ADA-USD,2.2260770872872198e-17
2023-03-22,crypto_min_var,ADA-USD,7.706228912253817e-17
2023-07-20,crypto_min_var,ADA-USD,1.1159713347037499e-17
2023-09-18,crypto_min_var,ADA-USD,5.149138479046953e-18
2023-10-18,crypto_min_var,ADA-USD,2.7790572097126597e-17
2023-12-17,crypto_min_var,ADA-USD,1.8166815424618938e-17
2021-01-31,crypto_min_var,BCH-USD,4.511913817627757e-17
2021-04-01,crypto_min_var,BCH-USD,1.5145079226191906e-17
2021-07-30,crypto_min_var,BCH-USD,7.471620834628116e-18
2022-01-26,crypto_min_var,BCH-USD,7.647369245852809e-18
2022-02-25,crypto_min_var,BCH-USD,3.6929856400953925e-17
2022-06-25,crypto_min_var,BCH-USD,1.3028843085360107e-16
2022-08-24,crypto_min_var,BCH-USD,1.4390155662903803e-17
2022-11-22,crypto_min_var,BCH-USD,1.4415606945303097e-17
2022-12-22,crypto_min_var,BCH-USD,4.6713406250532766e-17
2023-01-21,crypto_min_var,BCH-USD,3.416997613387754e-17
2023-04-21,crypto_min_var,BCH-USD,1.2393457007688444e-17
2023-05-21,crypto_min_var,BCH-USD,3.368243232939973e-17
2023-06-20,crypto_min_var,BCH-USD,9.136777720744155e-18
2023-07-20,crypto_min_var,BCH-USD,9.728702201713533e-18
2023-08-19,crypto_min_var,BCH-USD,1.0373812094352903e-16
2023-09-18,crypto_min_var,BCH-USD,9.342277864375975e-18
2023-10-18,crypto_min_var,BCH-USD,4.718840275721997e-18
2023-11-17,crypto_min_var,BCH-USD,4.229631136177155e-18
2023-12-17,crypto_min_var,BCH-USD,3.3516570920755584e-19
2021-01-01,crypto_min_var,BTC-USD,0.9053432584462764
2021-01-31,crypto_min_var,BTC-USD,0.8267728429426044
2021-03-02,crypto_min_var,BTC-USD,0.793013960522878
2021-04-01,crypto_min_var,BTC-USD,0.7810534931359364
2021-05-01,crypto_min_var,BTC-USD,0.8236507631725132
2021-05-31,crypto_min_var,BTC-USD,0.9608662196836494
2021-06-30,crypto_min_var,BTC-USD,0.9495616007044271
2021-07-30,crypto_min_var,BTC-USD,0.9595131497704221
2021-08-29,crypto_min_var,BTC-USD,0.94594818695268
2021-09-28,crypto_min_var,BTC-USD,0.9697781956250506
2021-10-28,crypto_min_var,BTC-USD,0.9531127372224478
2021-11-27,crypto_min_var,BTC-USD,0.955052887779789
2021-12-27,crypto_min_var,BTC-USD,0.9637273901946698
2022-01-26,crypto_min_var,BTC-USD,0.971921288477982
2022-02-25,crypto_min_var,BTC-USD,1.0
2022-03-27,crypto_min_var,BTC-USD,1.0
2022-04-26,crypto_min_var,BTC-USD,1.0
2022-05-26,crypto_min_var,BTC-USD,0.8673436482992887
2022-06-25,crypto_min_var,BTC-USD,0.7950409852204465
2022-07-25,crypto_min_var,BTC-USD,0.7798980057097382
2022-08-24,crypto_min_var,BTC-USD,0.7763926981307343
2022-09-23,crypto_min_var,BTC-USD,0.6242021011913865
2022-10-23,crypto_min_var,BTC-USD,0.6645190580929695
2022-11-22,crypto_min_var,BTC-USD,0.5819000359173301
2022-12-22,crypto_min_var,BTC-USD,0.5842855489567241
2023-01-21,crypto_min_var,BTC-USD,0.5667767741754949
2023-02-20,crypto_min_var,BTC-USD,0.5730476321685081
2023-03-22,crypto_min_var,BTC-USD,0.62875689824922
2023-04-21,crypto_min_var,BTC-USD,0.6034287819609433
2023-05-21,crypto_min_var,BTC-USD,0.2877993158948989
2023-06-20,crypto_min_var,BTC-USD,0.27974315795580085
2023-07-20,crypto_min_var,BTC-USD,0.31152669119938603
2023-08-19,crypto_min_var,BTC-USD,0.33939566030943114
2023-09-18,crypto_min_var,BTC-USD,0.4136399537674847
2023-10-18,crypto_min_var,BTC-USD,0.4226574903417126
2023-11-17,crypto_min_var,BTC-USD,0.4741012448037269
2023-12-17,crypto_min_var,BTC-USD,0.4019445765886532
2021-01-01,crypto_min_var,EOS-USD,2.7975337023241104e-17
2021-03-02,crypto_min_var,EOS-USD,1.438174637611958e-17
2021-04-01,crypto_min_var,EOS-USD,1.2910757462635451e-17
2021-05-31,crypto_min_var,EOS-USD,3.326008912030833e-17
2021-08-29,crypto_min_var,EOS-USD,1.1825820950430646e-16
2021-09-28,crypto_min_var,EOS-USD,3.299660582376354e-17
2022-04-26,crypto_min_var,EOS-USD,3.597708601394234e-17
2022-05-26,crypto_min_var,EOS-USD,7.207481470119455e-17
2022-08-24,crypto_min_var,EOS-USD,3.901359079494083e-17
2022-09-23,crypto_min_var,EOS-USD,1.4791459966005788e-18
2022-10-23,crypto_min_var,EOS-USD,2.759231426669268e-17
2022-12-22,crypto_min_var,EOS-USD,4.244449634026745e-18
2023-01-21,crypto_min_var,EOS-USD,4.769567347987908e-18
2023-02-20,crypto_min_var,EOS-USD,5.070128084631359e-18
2023-05-21,crypto_min_var,EOS-USD,1.9748917300199992e-17
2023-06-20,crypto_min_var,EOS-USD,2.4405132933136803e-17
2023-07-20,crypto_min_var,EOS-USD,8.013519015689813e-18
2023-09-18,crypto_min_var,EOS-USD,2.709833362427105e-17
2023-11-17,crypto_min_var,EOS-USD,2.589145002710016e-17
2023-12-17,crypto_min_var,EOS-USD,5.520999593231808e-18
2021-01-31,crypto_min_var,ETC-USD,0.007379074685758872
2021-03-02,crypto_min_var,ETC-USD,0.03362782009683311
2021-04-01,crypto_min_var,ETC-USD,0.045940299983287254
2021-05-01,crypto_min_var,ETC-USD,0.08608673080577649
2021-12-27,crypto_min_var,ETC-USD,2.481590651837697e-17
2022-06-25,crypto_min_var,ETC-USD,1.601476326393296e-17
2022-07-25,crypto_min_var,ETC-USD,3.334210535044164e-18
2022-09-23,crypto_min_var,ETC-USD,4.438741469947835e-18
2023-03-22,crypto_min_var,ETC-USD,4.091176877637074e-17
2023-06-20,crypto_min_var,ETC-USD,4.143721914939668e-18
2023-08-19,crypto_min_var,ETC-USD,4.5718558981624483e-17
2023-09-18,crypto_min_var,ETC-USD,1.4147265213904252e-17
2023-11-17,crypto_min_var,ETC-USD,3.152606955014587e-18
2021-01-01,crypto_min_var,ETH-USD,2.509238524481359e-18
2021-01-31,crypto_min_var,ETH-USD,3.7039935067941995e-17
2021-04-01,crypto_min_var,ETH-USD,2.986867308781537e-17
2021-05-01,crypto_min_var,ETH-USD,4.50167314418975e-19
2021-05-31,crypto_min_var,ETH-USD,1.0906912310343738e-17
2021-07-30,crypto_min_var,ETH-USD,3.5901516022163954e-18
2021-08-29,crypto_min_var,ETH-USD,1.2369545724013772e-17
2021-09-28,crypto_min_var,ETH-USD,2.4030928663225352e-18
2022-01-26,crypto_min_var,ETH-USD,2.4438651734037405e-17
2022-02-25,crypto_min_var,ETH-USD,5.551115123125783e-17
2022-03-27,crypto_min_var,ETH-USD,2.2898349882893854e-16
2022-04-26,crypto_min_var,ETH-USD,4.049958035130537e-17
2022-08-24,crypto_min_var,ETH-USD,3.2980969426906585e-17
2022-09-23,crypto_min_var,ETH-USD,1.714598268421605e-17
2022-10-23,crypto_min_var,ETH-USD,6.679711204424097e-17
2022-11-22,crypto_min_var,ETH-USD,3.304999352089552e-17
2022-12-22,crypto_min_var,ETH-USD,5.09793144403842e-17
2023-01-21,crypto_min_var,ETH-USD,1.7339974400571965e-17
2023-02-20,crypto_min_var,ETH-USD,1.3499266822139152e-17
2023-07-20,crypto_min_var,ETH-USD,8.155036403434963e-17
2023-08-19,crypto_min_var,ETH-USD,7.305292042865871e-17
2023-11-17,crypto_min_var,ETH-USD,7.999162493845867e-17
2023-12-17,crypto_min_var,ETH-USD,0.08701204043186095
2021-04-01,crypto_min_var,LTC-USD,2.9725447460739497e-18
2021-06-30,crypto_min_var,LTC-USD,5.1162670738202e-17
2021-08-29,crypto_min_var,LTC-USD,3.394380685447094e-17
2021-11-27,crypto_min_var,LTC-USD,3.391986882467401e-17
2021-12-27,crypto_min_var,LTC-USD,2.826557158486392e-17
2022-02-25,crypto_min_var,LTC-USD,2.384575337836638e-18
2022-04-26,crypto_min_var,LTC-USD,2.526379930030164e-17
2022-05-26,crypto_min_var,LTC-USD,2.1824037317147524e-17
2022-06-25,crypto_min_var,LTC-USD,3.5092205418394905e-17
2022-07-25,crypto_min_var,LTC-USD,5.937436220586981e-18
2022-08-24,crypto_min_var,LTC-USD,3.94921080859392e-17
2022-11-22,crypto_min_var,LTC-USD,3.7269874725998203e-17
2023-01-21,crypto_min_var,LTC-USD,4.456591234447146e-17
2023-04-21,crypto_min_var,LTC-USD,1.0220038485859273e-18
2023-05-21,crypto_min_var,LTC-USD,5.951794231497267e-17
2023-06-20,crypto_min_var,LTC-USD,2.2015358229205915e-17
2023-07-20,crypto_min_var,LTC-USD,2.105545206167974e-17
2023-10-18,crypto_min_var,LTC-USD,1.3165057125231079e-17
2023-12-17,crypto_min_var,LTC-USD,3.352439832430781e-18
2021-01-01,crypto_min_var,TRX-USD,0.05267783201817287
2021-01-31,crypto_min_var,TRX-USD,0.13356897617738767
2021-03-02,crypto_min_var,TRX-USD,0.1146063690661456
2021-04-01,crypto_min_var,TRX-USD,0.11515813196036367
2021-05-01,crypto_min_var,TRX-USD,0.062284833972283356
2021-05-31,crypto_min_var,TRX-USD,0.027580791132918385
2021-06-30,crypto_min_var,TRX-USD,0.029038235871844956
2021-07-30,crypto_min_var,TRX-USD,0.028127416298813816
2021-08-29,crypto_min_var,TRX-USD,0.04533462456058088
2021-09-28,crypto_min_var,TRX-USD,9.191238121454163e-19
2021-10-28,crypto_min_var,TRX-USD,2.1345657842955525e-17
2022-02-25,crypto_min_var,TRX-USD,3.260117313807183e-17
2022-03-27,crypto_min_var,TRX-USD,4.823934591766486e-16
2022-05-26,crypto_min_var,TRX-USD,0.13265635170071158
2022-06-25,crypto_min_var,TRX-USD,0.2049590147795535
2022-07-25,crypto_min_var,TRX-USD,0.2201019942902621
2022-08-24,crypto_min_var,TRX-USD,0.22360730186926553
2022-09-23,crypto_min_var,TRX-USD,0.36616473887013384
2022-10-23,crypto_min_var,TRX-USD,0.3354809419070304
2022-11-22,crypto_min_var,TRX-USD,0.41809996408267
2022-12-22,crypto_min_var,TRX-USD,0.415714451043276
2023-01-21,crypto_min_var,TRX-USD,0.43322322582450534
2023-02-20,crypto_min_var,TRX-USD,0.4269523678314922
2023-03-22,crypto_min_var,TRX-USD,0.37124310175077996
2023-04-21,crypto_min_var,TRX-USD,0.3728059173519891
2023-05-21,crypto_min_var,TRX-USD,0.6544096299686437
2023-06-20,crypto_min_var,TRX-USD,0.6931318465578569
2023-07-20,crypto_min_var,TRX-USD,0.6884733088006137
2023-08-19,crypto_min_var,TRX-USD,0.6606043396905688
2023-09-18,crypto_min_var,TRX-USD,0.5863600462325155
2023-10-18,crypto_min_var,TRX-USD,0.5773425096582875
2023-11-17,crypto_min_var,TRX-USD,0.525898755196273
2023-12-17,crypto_min_var,TRX-USD,0.511043382979486
2021-01-01,crypto_min_var,XLM-USD,2.552752968774969e-17
2021-01-31,crypto_min_var,XLM-USD,2.1846212835041227e-17
2021-03-02,crypto_min_var,XLM-USD,9.50408398829854e-18
2021-06-30,crypto_min_var,XLM-USD,5.670863421378189e-17
2021-07-30,crypto_min_var,XLM-USD,1.686663204138193e-17
2021-11-27,crypto_min_var,XLM-USD,3.0909147057951117e-17
2022-02-25,crypto_min_var,XLM-USD,4.0360843853859023e-17
2022-06-25,crypto_min_var,XLM-USD,2.1992206406937108e-17
2022-09-23,crypto_min_var,XLM-USD,1.7225286143902735e-17
2022-10-23,crypto_min_var,XLM-USD,3.292398895772134e-17
2022-12-22,crypto_min_var,XLM-USD,2.97094468576695e-17
2023-01-21,crypto_min_var,XLM-USD,1.1101062650775003e-17
2023-03-22,crypto_min_var,XLM-USD,3.7111464412119876e-17
2023-04-21,crypto_min_var,XLM-USD,0.023765300687067697
2023-05-21,crypto_min_var,XLM-USD,0.05779105413645727
2023-06-20,crypto_min_var,XLM-USD,0.0271249954863423
2023-07-20,crypto_min_var,XLM-USD,5.869199490409201e-17
2023-10-18,crypto_min_var,XLM-USD,3.337476126820711e-17
2021-01-01,crypto_min_var,XRP-USD,0.04197890953555083
2021-01-31,crypto_min_var,XRP-USD,0.032279106194248855
2021-03-02,crypto_min_var,XRP-USD,0.05875185031414324
2021-04-01,crypto_min_var,XRP-USD,0.0464845486519094
2021-05-01,crypto_min_var,XRP-USD,0.0006724643832526613
2021-05-31,crypto_min_var,XRP-USD,2.252331617798373e-17
2021-06-30,crypto_min_var,XRP-USD,5.837090317202147e-17
2021-10-28,crypto_min_var,XRP-USD,5.510612583032288e-18
2022-03-27,crypto_min_var,XRP-USD,1.653847989253081e-17
2022-04-26,crypto_min_var,XRP-USD,1.4692231973801775e-17
2022-06-25,crypto_min_var,XRP-USD,4.2726453428380235e-17
2022-08-24,crypto_min_var,XRP-USD,3.816402207803667e-17
2022-09-23,crypto_min_var,XRP-USD,0.00963315993847954
2022-10-23,crypto_min_var,XRP-USD,3.2984246235445857e-17
2022-12-22,crypto_min_var,XRP-USD,6.707915017143079e-17
2023-01-21,crypto_min_var,XRP-USD,1.9931281126758204e-17
2023-03-22,crypto_min_var,XRP-USD,6.209476150595698e-17
2023-05-21,crypto_min_var,XRP-USD,1.8139985604802935e-16
2023-06-20,crypto_min_var,XRP-USD,3.763506426341173e-17
2023-09-18,crypto_min_var,XRP-USD,2.5660859587530566e-17
2021-01-01,crypto_max_sr,ADA-USD,0.14108059889633703
2021-01-31,crypto_max_sr,ADA-USD,0.08938029097666268
2021-03-02,crypto_max_sr,ADA-USD,0.599140613104778
2021-04-01,crypto_max_sr,ADA-USD,0.3149895429331044
2021-05-01,crypto_max_sr,ADA-USD,0.29216378875426136
2021-05-31,crypto_max_sr,ADA-USD,0.4563452449345745
2021-06-30,crypto_max_sr,ADA-USD,0.40602102094433046
2021-07-30,crypto_max_sr,ADA-USD,0.323462026539994
2021-08-29,crypto_max_sr,ADA-USD,0.5804459854256875
2021-09-28,crypto_max_sr,ADA-USD,0.579047772734932
2021-10-28,crypto_max_sr,ADA-USD,0.4791132973685839
2021-11-27,crypto_max_sr,ADA-USD,0.42068872011101216
2021-12-27,crypto_max_sr,ADA-USD,0.43218845195067934
2022-01-26,crypto_max_sr,ADA-USD,0.45260548550575613
2022-02-25,crypto_max_sr,ADA-USD,3.052560048195372e-16
2022-04-26,crypto_max_sr,ADA-USD,1.3015999780379446e-16
2022-06-25,crypto_max_sr,ADA-USD,1.513387151058413e-17
2022-09-23,crypto_max_sr,ADA-USD,9.954555028051391e-17
2022-12-22,crypto_max_sr,ADA-USD,3.7892423151265797e-16
2023-01-21,crypto_max_sr,ADA-USD,8.286743656546251e-16
2023-02-20,crypto_max_sr,ADA-USD,1.6338715320038763e-15
2023-04-21,crypto_max_sr,ADA-USD,2.306170547556672e-15
2023-05-21,crypto_max_sr,ADA-USD,2.228962258457455e-17
2023-09-18,crypto_max_sr,ADA-USD,8.059400300748414e-16
2023-10-18,crypto_max_sr,ADA-USD,1.8979011340999918e-16
2023-11-17,crypto_max_sr,ADA-USD,3.0611787719335837e-15
2023-12-17,crypto_max_sr,ADA-USD,2.082917133271617e-15
2021-01-01,crypto_max_sr,BCH-USD,1.0064309662370016e-15
2021-03-02,crypto_max_sr,BCH-USD,1.6086118013214786e-16
2021-04-01,crypto_max_sr,BCH-USD,2.9339219342749495e-16
2021-07-30,crypto_max_sr,BCH-USD,2.327565788413081e-16
2021-08-29,crypto_max_sr,BCH-USD,1.6489063346429673e-16
2021-10-28,crypto_max_sr,BCH-USD,5.648511330005198e-17
2022-02-25,crypto_max_sr,BCH-USD,5.955455001825558e-16
2022-03-27,crypto_max_sr,BCH-USD,5.668378632715962e-17
2022-04-26,crypto_max_sr,BCH-USD,5.3812318347947556e-17
2022-12-22,crypto_max_sr,BCH-USD,5.941641777495721e-17
2023-01-21,crypto_max_sr,BCH-USD,4.766585866774929e-16
2023-02-20,crypto_max_sr,BCH-USD,7.83015894916949e-16
2023-04-21,crypto_max_sr,BCH-USD,2.876481521516356e-15
2023-05-21,crypto_max_sr,BCH-USD,1.3970660028238654e-16
2023-06-20,crypto_max_sr,BCH-USD,6.324147017523677e-16
2023-07-20,crypto_max_sr,BCH-USD,0.520426318869505
2023-08-19,crypto_max_sr,BCH-USD,0.6199980921185486
2023-09-18,crypto_max_sr,BCH-USD,0.4330426002101816
2023-10-18,crypto_max_sr,BCH-USD,0.4580334851949376
2023-11-17,crypto_max_sr,BCH-USD,0.0683880599877004
2023-12-17,crypto_max_sr,BCH-USD,0.021588741849126875
2021-01-01,crypto_max_sr,BTC-USD,0.5244730035701847
2021-01-31,crypto_max_sr,BTC-USD,0.06251646006962418
2021-03-02,crypto_max_sr,BTC-USD,0.4008593868952215
2021-04-01,crypto_max_sr,BTC-USD,0.5814183955534435
2021-05-01,crypto_max_sr,BTC-USD,0.3799948786424612
2021-05-31,crypto_max_sr,BTC-USD,0.000148159886091389
2021-06-30,crypto_max_sr,BTC-USD,0.0823558395470695
2021-07-30,crypto_max_sr,BTC-USD,0.15622099633918396
2021-08-29,crypto_max_sr,BTC-USD,0.16423906745588884
2021-09-28,crypto_max_sr,BTC-USD,0.050893384450678335
2021-10-28,crypto_max_sr,BTC-USD,0.05756784169162679
2021-11-27,crypto_max_sr,BTC-USD,5.045403092594266e-16
2021-12-27,crypto_max_sr,BTC-USD,1.7429449519700487e-16
2022-05-26,crypto_max_sr,BTC-USD,4.0583105643805795e-15
2022-06-25,crypto_max_sr,BTC-USD,4.800397630723684e-16
2022-09-23,crypto_max_sr,BTC-USD,8.56547889672272e-17
2022-10-23,crypto_max_sr,BTC-USD,2.885770855036765e-16
2023-04-21,crypto_max_sr,BTC-USD,2.4067057460925578e-15
2023-05-21,crypto_max_sr,BTC-USD,3.697290633277005e-16
2023-07-20,crypto_max_sr,BTC-USD,2.855037226059047e-16
2023-10-18,crypto_max_sr,BTC-USD,0.08397997018424733
2023-11-17,crypto_max_sr,BTC-USD,0.48547529604160405
2023-12-17,crypto_max_sr,BTC-USD,0.7516167371050996
2021-01-01,crypto_max_sr,EOS-USD,1.4692300011536694e-15
2021-01-31,crypto_max_sr,EOS-USD,2.5315321016789686e-16
2021-03-02,crypto_max_sr,EOS-USD,1.7450099205727946e-15
2021-04-01,crypto_max_sr,EOS-USD,1.1873442795934186e-15
2021-05-01,crypto_max_sr,EOS-USD,4.891916049760762e-16
2021-06-30,crypto_max_sr,EOS-USD,3.005221158607173e-16
2021-08-29,crypto_max_sr,EOS-USD,3.7599815314718024e-16
2021-10-28,crypto_max_sr,EOS-USD,1.9865559108912914e-16
2021-12-27,crypto_max_sr,EOS-USD,4.342960580193265e-16
2022-02-25,crypto_max_sr,EOS-USD,8.678643692633268e-16
2022-06-25,crypto_max_sr,EOS-USD,6.326954289583275e-16
2022-10-23,crypto_max_sr,EOS-USD,2.3281265277924645e-17
2023-01-21,crypto_max_sr,EOS-USD,7.480269812650438e-17
2023-02-20,crypto_max_sr,EOS-USD,6.560947317294201e-16
2023-04-21,crypto_max_sr,EOS-USD,2.5478895751320606e-15
2023-05-21,crypto_max_sr,EOS-USD,2.513985835870548e-16
2023-09-18,crypto_max_sr,EOS-USD,7.167257567346441e-16
2023-11-17,crypto_max_sr,EOS-USD,8.151586602087077e-15
2023-12-17,crypto_max_sr,EOS-USD,5.131325812651897e-15
2021-01-01,crypto_max_sr,ETC-USD,8.919587405887847e-16
2021-01-31,crypto_max_sr,ETC-USD,1.6889605176195516e-16
2021-05-31,crypto_max_sr,ETC-USD,0.11380794933915472
2021-06-30,crypto_max_sr,ETC-USD,0.14730885369077204
2021-07-30,crypto_max_sr,ETC-USD,0.13633142892109532
2021-08-29,crypto_max_sr,ETC-USD,0.14577039598235733
2021-09-28,crypto_max_sr,ETC-USD,0.10250899125978347
2021-10-28,crypto_max_sr,ETC-USD,0.08628879051758709
2021-11-27,crypto_max_sr,ETC-USD,0.12429761925843687
2021-12-27,crypto_max_sr,ETC-USD,0.14045254228464166
2022-01-26,crypto_max_sr,ETC-USD,0.35856225526369884
2022-02-25,crypto_max_sr,ETC-USD,0.6821878473098837
2022-03-27,crypto_max_sr,ETC-USD,0.9403879032652357
2022-04-26,crypto_max_sr,ETC-USD,0.42684009950886687
2022-09-23,crypto_max_sr,ETC-USD,1.0
2022-10-23,crypto_max_sr,ETC-USD,0.9999999999999999
2022-11-22,crypto_max_sr,ETC-USD,1.0
2022-12-22,crypto_max_sr,ETC-USD,0.9999999999999992
2023-01-21,crypto_max_sr,ETC-USD,0.7249442719637239
2023-02-20,crypto_max_sr,ETC-USD,0.16593324978030102
2023-03-22,crypto_max_sr,ETC-USD,2.942091015256665e-15
2023-06-20,crypto_max_sr,ETC-USD,1.1660890632417806e-16
2023-09-18,crypto_max_sr,ETC-USD,1.6352787947825046e-16
2023-11-17,crypto_max_sr,ETC-USD,6.822837956215501e-15
2023-12-17,crypto_max_sr,ETC-USD,3.4781396849357408e-15
2021-01-01,crypto_max_sr,ETH-USD,0.3344463975334762
2021-01-31,crypto_max_sr,ETH-USD,0.747802553835978
2021-04-01,crypto_max_sr,ETH-USD,0.016238481096661227
2021-05-01,crypto_max_sr,ETH-USD,0.2046358271029488
2021-05-31,crypto_max_sr,ETH-USD,0.4078728099678442
2021-06-30,crypto_max_sr,ETH-USD,0.36431428581782815
2021-07-30,crypto_max_sr,ETH-USD,0.38323760386676614
2021-08-29,crypto_max_sr,ETH-USD,0.10954455113606612
2021-09-28,crypto_max_sr,ETH-USD,0.26754985155460753
2021-10-28,crypto_max_sr,ETH-USD,0.3770300704222014
2021-11-27,crypto_max_sr,ETH-USD,0.45501366063055154
2021-12-27,crypto_max_sr,ETH-USD,0.4127214477609354
2022-01-26,crypto_max_sr,ETH-USD,1.7746462239128134e-16
2022-02-25,crypto_max_sr,ETH-USD,0.08240076642360264
2022-03-27,crypto_max_sr,ETH-USD,0.05649678833844268
2022-04-26,crypto_max_sr,ETH-USD,0.5731599004911326
2022-05-26,crypto_max_sr,ETH-USD,7.993605777301127e-15
2022-06-25,crypto_max_sr,ETH-USD,3.885780586188048e-16
2022-07-25,crypto_max_sr,ETH-USD,1.887379141862766e-15
2022-08-24,crypto_max_sr,ETH-USD,3.984924615598287e-15
2022-09-23,crypto_max_sr,ETH-USD,2.0888162636712837e-16
2022-10-23,crypto_max_sr,ETH-USD,1.0060499712395821e-16
2023-01-21,crypto_max_sr,ETH-USD,7.589864649423975e-17
2023-02-20,crypto_max_sr,ETH-USD,8.530302751178237e-16
2023-04-21,crypto_max_sr,ETH-USD,2.8121970902991214e-15
2023-06-20,crypto_max_sr,ETH-USD,0.42716195800623163
2023-08-19,crypto_max_sr,ETH-USD,3.2357164963677984e-16
2023-09-18,crypto_max_sr,ETH-USD,1.0229282013174901e-16
2023-11-17,crypto_max_sr,ETH-USD,2.4184317899503043e-15
2023-12-17,crypto_max_sr,ETH-USD,2.674261081115062e-15
2021-01-01,crypto_max_sr,LTC-USD,2.9651160212251055e-16
2021-01-31,crypto_max_sr,LTC-USD,4.821142530103039e-16
2021-03-02,crypto_max_sr,LTC-USD,4.0716771617777237e-16
2021-04-01,crypto_max_sr,LTC-USD,3.852583032222346e-16
2021-05-01,crypto_max_sr,LTC-USD,2.0394741688833982e-16
2021-06-30,crypto_max_sr,LTC-USD,4.950210304701573e-16
2021-07-30,crypto_max_sr,LTC-USD,1.454772028059746e-16
2021-08-29,crypto_max_sr,LTC-USD,1.5347961991423282e-16
2021-09-28,crypto_max_sr,LTC-USD,4.414522163072391e-16
2021-11-27,crypto_max_sr,LTC-USD,3.861577026561296e-17
2022-01-26,crypto_max_sr,LTC-USD,8.669733235746456e-17
2022-03-27,crypto_max_sr,LTC-USD,2.5927987402928338e-17
2022-04-26,crypto_max_sr,LTC-USD,2.3302212652409052e-17
2022-12-22,crypto_max_sr,LTC-USD,8.418703201525209e-16
2023-02-20,crypto_max_sr,LTC-USD,3.2335108073601924e-15
2023-03-22,crypto_max_sr,LTC-USD,6.106226635438361e-16
2023-05-21,crypto_max_sr,LTC-USD,0.8642568831103911
2023-06-20,crypto_max_sr,LTC-USD,0.17425495117156414
2023-07-20,crypto_max_sr,LTC-USD,0.016718926814415225
2023-08-19,crypto_max_sr,LTC-USD,1.2846608056622433e-16
2023-09-18,crypto_max_sr,LTC-USD,8.650073786313983e-17
2023-10-18,crypto_max_sr,LTC-USD,2.153021812628126e-17
2023-11-17,crypto_max_sr,LTC-USD,4.395591647358518e-15
2023-12-17,crypto_max_sr,LTC-USD,3.1313483618443227e-15
2021-04-01,crypto_max_sr,TRX-USD,0.08735358041679037
2021-05-01,crypto_max_sr,TRX-USD,0.08189338030285723
2021-08-29,crypto_max_sr,TRX-USD,1.2596608374659764e-16
2021-09-28,crypto_max_sr,TRX-USD,1.505554565837903e-16
2022-01-26,crypto_max_sr,TRX-USD,2.3851895221350694e-16
2022-03-27,crypto_max_sr,TRX-USD,9.333954460780852e-17
2022-05-26,crypto_max_sr,TRX-USD,0.9999999999999967
2022-06-25,crypto_max_sr,TRX-USD,1.0
2022-07-25,crypto_max_sr,TRX-USD,1.0
2022-08-24,crypto_max_sr,TRX-USD,1.0
2022-09-23,crypto_max_sr,TRX-USD,7.632783294297951e-17
2022-10-23,crypto_max_sr,TRX-USD,2.498001805406602e-16
2022-11-22,crypto_max_sr,TRX-USD,2.220446049250313e-16
2022-12-22,crypto_max_sr,TRX-USD,2.914335439641036e-16
2023-01-21,crypto_max_sr,TRX-USD,0.2750557280362747
2023-02-20,crypto_max_sr,TRX-USD,0.834066750219692
2023-03-22,crypto_max_sr,TRX-USD,1.0
2023-04-21,crypto_max_sr,TRX-USD,0.9999999999999898
2023-06-20,crypto_max_sr,TRX-USD,3.3210806414930176e-16
2023-07-20,crypto_max_sr,TRX-USD,3.0253649352820004e-16
2023-08-19,crypto_max_sr,TRX-USD,2.6140620757189223e-16
2023-09-18,crypto_max_sr,TRX-USD,0.44264120673185986
2023-10-18,crypto_max_sr,TRX-USD,0.45798654462081556
2023-11-17,crypto_max_sr,TRX-USD,0.4461366439706711
2023-12-17,crypto_max_sr,TRX-USD,0.22679452104575784
2021-01-31,crypto_max_sr,XLM-USD,0.10030069511773455
2021-05-01,crypto_max_sr,XLM-USD,5.808555939507796e-16
2021-05-31,crypto_max_sr,XLM-USD,1.341894864906554e-16
2021-07-30,crypto_max_sr,XLM-USD,1.433089433904659e-16
2021-10-28,crypto_max_sr,XLM-USD,2.0684387078816638e-16
2021-12-27,crypto_max_sr,XLM-USD,3.9786651187373455e-17
2022-03-27,crypto_max_sr,XLM-USD,1.8365148402173748e-16
2022-04-26,crypto_max_sr,XLM-USD,2.9365341325320077e-16
2022-09-23,crypto_max_sr,XLM-USD,9.742686597941437e-17
2022-10-23,crypto_max_sr,XLM-USD,2.493166087026829e-16
2023-01-21,crypto_max_sr,XLM-USD,2.824442418794266e-16
2023-02-20,crypto_max_sr,XLM-USD,4.500951237039571e-16
2023-04-21,crypto_max_sr,XLM-USD,1.657088248250868e-15
2023-08-19,crypto_max_sr,XLM-USD,2.715604385435768e-16
2023-09-18,crypto_max_sr,XLM-USD,4.737553904760325e-16
2023-10-18,crypto_max_sr,XLM-USD,3.3592302489442496e-16
2023-11-17,crypto_max_sr,XLM-USD,7.6532180090875e-16
2023-12-17,crypto_max_sr,XLM-USD,4.924410113990493e-16
2021-05-01,crypto_max_sr,XRP-USD,0.04131212519747097
2021-05-31,crypto_max_sr,XRP-USD,0.021825835872335768
2021-07-30,crypto_max_sr,XRP-USD,0.0007479443329603424
2021-08-29,crypto_max_sr,XRP-USD,6.107731399874586e-16
2021-09-28,crypto_max_sr,XRP-USD,1.2245258780152164e-15
2021-10-28,crypto_max_sr,XRP-USD,9.701807661434513e-16
2021-11-27,crypto_max_sr,XRP-USD,6.288540220727282e-16
2021-12-27,crypto_max_sr,XRP-USD,0.01463755800374383
2022-01-26,crypto_max_sr,XRP-USD,0.1888322592305466
2022-02-25,crypto_max_sr,XRP-USD,0.23541138626651315
2022-03-27,crypto_max_sr,XRP-USD,0.003115308396321829
2022-04-26,crypto_max_sr,XRP-USD,6.008907975858729e-16
2022-11-22,crypto_max_sr,XRP-USD,6.106226635438361e-16
2022-12-22,crypto_max_sr,XRP-USD,2.0401970345051538e-16
2023-01-21,crypto_max_sr,XRP-USD,1.1003532311598918e-15
2023-02-20,crypto_max_sr,XRP-USD,3.157813268445937e-16
2023-04-21,crypto_max_sr,XRP-USD,9.014157230558812e-16
2023-05-21,crypto_max_sr,XRP-USD,0.13574311688960888
2023-06-20,crypto_max_sr,XRP-USD,0.3985830908222051
2023-07-20,crypto_max_sr,XRP-USD,0.4628547543160806
2023-08-19,crypto_max_sr,XRP-USD,0.38000190788145155
2023-09-18,crypto_max_sr,XRP-USD,0.12431619305795742
