date,combined_min_var,combined_max_sr,equity_min_var,equity_max_sr,crypto_min_var,crypto_max_sr,equity_min_var_sent,equity_max_sr_sent
2021-01-01,,,,,0.01519649701387386,-0.0013385751051517305,,
2021-01-02,,,,,0.08260813330746285,0.07104944041907088,,
2021-01-03,,,,,0.02364988478576695,0.11939368418902421,,
2021-01-04,0.003658393714955921,-0.0031300711511961544,0.003658549036443046,-0.005348366695208104,-0.017934655799692136,0.022833813529017453,0.004058756708011544,-0.005248292127010589
2021-01-05,0.0011483101402705372,0.048680891836292296,0.001148300802162616,0.0058115400185913685,0.05166177270633397,0.07342283174084305,0.0010113724797979028,0.0058623984973139795
2021-01-06,0.006011240094512106,0.08779289780720939,0.00601128929240723,-0.011814923418764674,0.08335921669931701,0.11644738565376125,0.006126174587049153,-0.012010117536504347
2021-01-07,0.006365873702693716,0.041345349900874837,0.00636580758757003,0.021244462913034758,0.07613253748512704,0.027847709185662043,0.006176991340913429,0.021348209695888284
2021-01-08,-0.002333198206181806,0.01584566740108147,-0.0023332336698203833,-0.0003732131135429424,0.03167568717638312,0.02124127018673262,-0.002282972518174082,-0.0004639914594783773
2021-01-09,,,,,-0.005699453880024552,0.02119640604184788,,
2021-01-10,,,,,-0.04548005866577333,-0.041542921330847075,,
2021-01-11,0.0003440968353486901,-0.042846482658930166,0.00034412313635755697,-0.003709385593546151,-0.07608254863656584,-0.09736410445792965,0.0005373352000934201,-0.003490698254964573
2021-01-12,0.0014030165422686733,-0.026130918045223904,0.0014031308280717026,-0.017085378584515705,-0.04210901255484758,-0.03265998825731455,0.0016491504939099685,-0.01693531464320691
2021-01-13,-0.0016743066178546437,0.061628757845388286,-0.0016743262105838224,-0.0009006003494020319,0.09551899305998743,0.09352625015742905,-0.0018450153294663008,-0.0008917346937063728
2021-01-14,0.003853904315806822,0.026616014367895343,0.0038539246037605033,-0.014742227290897473,0.043674392564978855,0.05079427895305811,0.0037044256397594714,-0.014704565403685083
2021-01-15,-0.005257103176692715,-0.04519480281643145,-0.005257208268301883,-0.004875828708119052,-0.05709036711240643,-0.04798313589506445,-0.005503933235053255,-0.0050817682183831245
2021-01-16,,,,,-0.015302656485971445,0.031669073468547505,,
2021-01-17,,,,,-0.010122166239015467,0.004450428707824661,,
2021-01-18,,,,,0.024916440040591722,0.016532342535863886,,
2021-01-19,0.009679550323288339,-0.009569318611684018,0.009679455963125212,0.00969257774168824,-0.013816643260792478,0.023033108893888262,0.009374958582353658,0.009638186837315203
2021-01-20,0.015183197752298566,0.0011460794413021816,0.015183189722489606,0.027530088593468848,-0.01327664824984359,-0.00399073667250489,0.015066935896664229,0.027508992764378102
2021-01-21,-0.009337796756958621,-0.08349805749914119,-0.00933779528867577,-0.0014034700869303952,-0.12900645388093945,-0.15724526152598114,-0.009237239302864535,-0.0011938793325399037
2021-01-22,-0.00046399912099560404,0.042092909955003636,-0.00046399402704754765,-0.005576271369646123,0.06640525930732116,0.0892710326334896,-0.00022095529706902848,-0.005618242975508286
2021-01-23,,,,,-0.02487311657935558,-0.017988161536550272,,
2021-01-24,,,,,0.008024247083107438,0.050627358440211,,
2021-01-25,0.0033285852684488246,0.0007204468000853588,0.003328529592679506,0.001617400450860153,0.0006702506654743728,-0.018882672490783604,0.003220873390518666,0.0016135059333115868
2021-01-26,-0.0018421205621297824,-1.0685069788939862e-05,-0.0018420817499038475,-0.008065215142961208,0.005569966383056835,0.011682853272621767,-0.001670073341650161,-0.008089659531769135
2021-01-27,-0.02170478973917165,-0.053964717879425715,-0.021704871076310136,-0.040375654917030206,-0.06416754586766146,-0.07278411243692705,-0.021910409221764137,-0.04032951057633283
2021-01-28,0.001065868426472727,0.07427348699378433,0.001065898511798108,0.020776790975343518,0.09473538629720457,0.08833731737002502,0.0010553335397613963,0.02065147765592086
2021-01-29,-0.01043112441070816,0.012832412246886568,-0.010431188741071405,-0.006497224800433468,0.032355526834703344,0.026698888785705845,-0.010758181294686855,-0.0064973181654052956
2021-01-30,,,,,0.020270288997913322,0.0036050519353043745,,
2021-01-31,,,,,-0.025971700022207358,-0.045610673913695374,,
2021-02-01,0.000519196666461981,0.01365055695276719,0.0005191787299263854,0.01144894379320974,0.008332923109373606,0.051637457934121826,0.00020982575799593158,0.011476890203798712
2021-02-02,0.006715822412768839,0.044083990913824346,0.006715820550803219,0.02213230449396786,0.049648325212541596,0.09350148371063997,0.006837055088514245,0.02211146145873423
2021-02-03,-0.002312676923233221,0.023420025832461423,-0.002312649841541002,-0.010769377588244831,0.05309103971663138,0.08019526220898782,-0.0024110878838756295,-0.010714681425975023
2021-02-04,0.0023986974236708384,-0.007959685440039907,0.0023987510299089266,-0.004270657089017917,-0.012868457175583152,-0.035724008820770314,0.0024985851462030824,-0.004749929673148584
2021-02-05,0.01474364817198109,0.026900795447879464,0.014743657799960973,0.005406251284147953,0.04078586608722528,0.08729474174800264,0.014714578043943317,0.004832960878078126
2021-02-06,,,,,0.019499867857755888,0.006699840741149412,,
2021-02-07,,,,,-0.006286146624170192,-0.02198741180085364,,
2021-02-08,0.003012398321812771,0.094609960924729,0.0030124003653801863,0.023844769087702312,0.17462879552020025,0.07882058684858116,0.0030418581171430445,0.024777548456793336
2021-02-09,-0.000875729558238156,0.0031875790646122668,-0.0008756712597792607,-0.013820436770450986,0.025666664032063392,0.01259279182665888,-0.0007446209022355994,-0.014163901397521751
2021-02-10,-0.007069171226532771,-0.002816123987505294,-0.00706918076709821,0.004900270761862983,-0.024562389509547533,0.020614421216375058,-0.007160834703534529,0.0055979827456608495
2021-02-11,-0.004894870888347802,0.04370149286391931,-0.004894867148830062,-0.0013423141772291908,0.08877848419347259,0.030721461187478025,-0.004701998815888347,-0.0004062469901898046
2021-02-12,0.004258438553580325,0.0178964738647671,0.004258427082704773,0.0014934749197452963,-0.005678026205783253,0.040900603416120715,0.0042299793536876166,0.001142575991686961
2021-02-13,,,,,0.0072998399739152954,-0.008278415376632133,,
2021-02-14,,,,,0.01718000331540525,-0.014813792624591754,,
2021-02-15,,,,,-0.027789249843172117,-0.014770087515203142,,
2021-02-16,-0.009155213798179247,0.011089802063040574,-0.009155182171608532,-0.002007593283593071,0.023600674743249457,0.0017514358006774737,-0.008870755739431547,-0.0014800967919318606
2021-02-17,0.0067661225928005945,0.021247818347939606,0.006766120319148199,-0.009912084282913486,0.05202954140867622,0.036233480524362066,0.006859061603367611,-0.010380620702956703
2021-02-18,-0.01114467158941156,-0.0031237622293810267,-0.011144777549184906,0.0008062933193492314,-0.0017046300338171714,0.037868748081068854,-0.012000773811154794,0.0006224262186705109
2021-02-19,-0.007279401260909483,0.038737559244738186,-0.007279372927083049,0.002064565410606623,0.08429574818507092,0.018425956194772195,-0.007069851145888362,0.002056761071063712
2021-02-20,,,,,-0.00636303965848971,-0.0014444876427175965,,
2021-02-21,,,,,0.026721082041715923,0.008290514518119255,,
2021-02-22,0.001594486882747748,-0.04015151260037016,0.001594481663296774,-0.011025083867093097,-0.058767359728120715,-0.06947430287881459,0.001332310687640543,-0.012339364305959754
2021-02-23,-0.007150025650950919,-0.0703343607836736,-0.007150024551868956,-0.008343144473204929,-0.11258015130769586,-0.12410506143718032,-0.007313327698354429,-0.008647871394218005
2021-02-24,-0.000894986996307085,0.019462308147980306,-0.0008950228419417019,0.009765682928950758,0.02482341987747925,0.04242506171743289,-0.0012482836260723795,0.010368046882794631
2021-02-25,-0.009047318944895685,-0.051332016095381544,-0.00904731744239911,-0.02655800130870911,-0.05439361109046634,-0.07670925104953812,-0.009081727022849031,-0.02801640449180158
2021-02-26,-0.017419626428975744,0.007095035863424513,-0.01741963443811981,-0.0001304471771793858,-0.014006755853566023,0.002486920769117512,-0.017298697392830284,0.0008155460524285892
2021-02-27,,,,,0.0025524331905505816,0.02324463406554398,,
2021-02-28,,,,,-0.023771566056269015,-0.03296193612060724,,
2021-03-01,0.008936859843945367,0.056699042039635966,0.008936872530831367,0.01722820228806245,0.0916576570031082,0.08949549813198114,0.009048929512166019,0.017146187083279536
2021-03-02,0.004783830768978125,-0.02028446915624432,0.004783801692229417,-0.006510193841262557,-0.02397526070456868,-0.04108485057432467,0.004433370568977678,-0.007338085790583579
2021-03-03,-0.012576419136184024,0.0077730562777516025,-0.012576416739406085,-0.02716097987894012,0.04384814037637896,0.013496810122422022,-0.012782371262303121,-0.027937827866241202
2021-03-04,-0.0038094348051298165,-0.028322342859503497,-0.0038093863335917242,-0.018692715837090725,-0.02172004055230017,-0.06577868730392865,-0.0038413795132903913,-0.019347609409372784
2021-03-05,0.0150373920745078,0.01773175515998997,0.0150373728910342,0.017061408220443254,-0.00015520641336248114,0.03185701492535006,0.015028152880217267,0.01660754582452389
2021-03-06,,,,,0.0013150153408738388,-0.019355388004122998,,
2021-03-07,,,,,0.041829085066735744,0.02005043347183932,,
2021-03-08,-0.003849455649378013,0.0005565510308475154,-0.0038495715419689415,-0.020133191799829465,0.019840523357219978,4.452703672742648e-05,-0.003967426227625628,-0.020522708755404444
2021-03-09,0.006395251252557385,0.035695108862591016,0.006395342823796695,0.011193592846452978,0.04349472496000074,0.06109702412713823,0.006583775319654675,0.011567704894643762
2021-03-10,0.009397726914980448,0.00737255835121241,0.00939766190256815,0.00528638575152001,0.009688517212804913,-0.021497271355938187,0.009109359780896048,0.004972394819483628
2021-03-11,-0.0008812972440929199,0.01801573639066109,-0.0008812523796558973,0.012589250731121392,0.024807360726341713,0.0074670473763155006,-0.0007587886709083068,0.012854080919325286
2021-03-12,0.005277614744427699,-0.011100213604537118,0.005277589570238202,0.013087948810302648,-0.012097578647923131,-0.048901228965467794,0.0052151652179683846,0.012903018041218297
2021-03-13,,,,,0.06826821786158972,0.06434381646123753,,
2021-03-14,,,,,-0.03322823931876062,-0.03668360691394596,,
2021-03-15,0.014398898644452604,-0.04060464622049227,0.014398892167248071,-0.010916834493579644,-0.048653194808063016,-0.03743944303537415,0.014518700418955892,-0.010856128576268127
2021-03-16,0.00543008800851346,0.023204977568774623,0.00543012637755857,0.0008276691928155791,0.02007324551198162,0.12783343692794588,0.005495009091977433,0.0010780800913877287
2021-03-17,-0.007819408717108109,0.020161535068751263,-0.007819394320731211,-0.0009059249945012412,0.03612824069359342,0.08000036029265835,-0.007723636822476054,-0.0011682068883258141
2021-03-18,-0.007521749053904053,-0.016941497253032827,-0.007521793713979476,-0.007441308699418631,-0.01720490667136642,-0.06758678595532566,-0.007467335449659392,-0.007464568744637178
2021-03-19,-0.001303877526326795,0.005248370696187405,-0.0013038722182795543,-0.00569120169940252,0.017827736337367242,0.0339230354387033,-0.0016471247986401942,-0.005443633349758359
2021-03-20,,,,,0.011078875481018838,-0.044226615243011885,,
2021-03-21,,,,,-0.008284931527151044,-0.014073073289309014,,
2021-03-22,0.008977515512541428,-0.02511845315420512,0.008977520214892282,0.008397660049818602,-0.04497121961858058,-0.06080365423047345,0.009019453220200924,0.008428555988457279
2021-03-23,-2.120371551363234e-05,6.237271794942699e-05,-2.117081088346068e-05,-0.011641237024335426,0.0036196440669874538,0.007846401777498626,0.0001168873198386898,-0.011381023872573939
2021-03-24,-0.006008738207920666,-0.024998172159590465,-0.006008782348776559,-0.0008211159447429414,-0.04347328162727422,-0.039254909836149675,-0.006071759932385399,-0.001060410289997686
2021-03-25,0.0018089409355201453,0.00022347764149171516,0.0018089132975931848,0.01140459591346727,-0.014358784233401698,0.00668136966046619,0.0017446453018551814,0.011230684725255706
2021-03-26,0.01672685457856074,0.053056365673387174,0.016726893437967405,0.025358032338496348,0.07929195208383574,0.08774814322047693,0.016840556942711724,0.025345320090786008
2021-03-27,,,,,0.0084024305662332,-0.012375070005690676,,
2021-03-28,,,,,-0.00043550234117898463,0.007244630894173535,,
2021-03-29,0.011359472104733754,0.017236970761155462,0.011359489006287578,0.0035314388948660272,0.0315089077184524,0.01863500764095311,0.011388604179874133,0.0035991070309717753
2021-03-30,-0.009848939526783463,0.010435865781872514,-0.00984895563309124,0.006489398686267711,0.01939127269449523,0.013472807105882488,-0.00987783237738467,0.006474747137293811
2021-03-31,0.0007003058274305516,0.003004296945986904,0.000700321961175163,-0.00019225547404202626,0.048978056555407185,-0.009894502283383653,0.0007265183518349081,-0.00023398027405572454
2021-04-01,0.011604558193810314,0.008033020349866435,0.011604623574256167,0.009885921430253583,-0.003896934272615074,-0.004675442094925465,0.01186412559861269,0.01000080540265824
2021-04-02,,,,,0.018272541933068303,0.012649696235298075,,
2021-04-03,,,,,-0.018603679508957617,-0.015432231019869305,,
2021-04-04,,,,,0.05422302050325491,0.04040755265346783,,
2021-04-05,0.009202885324776696,0.02209051609499189,0.00920292435898985,0.007263680800567227,0.035164997187166584,0.014089559980017947,0.00925396677474772,0.007384393574740671
2021-04-06,-0.0011944022486100043,-0.0030184578088141745,4.34427987633624e-05,0.0009683896985390018,-0.007649409273470619,-0.005681753635574097,0.00015922116260720675,0.001024936415690525
2021-04-07,-0.002137232286571751,-0.020352483258980848,-0.0006983948336095373,-0.004492217712392823,-0.04669805425825371,-0.052567028774152806,-0.0006709005167407703,-0.004376393642130927
2021-04-08,0.0008148551806168342,0.01952259185347389,-0.0007957468645528417,0.0036369915392876055,0.05307918255628048,0.046567737874859017,-0.0009043266121270951,0.003551668443386699
2021-04-09,0.002912459006852934,0.0010166756891103227,0.00366214844243163,0.005266525574758273,-0.011020498717899476,-0.010086164803798543,0.0035199223406461866,0.0051158578789242725
2021-04-10,,,,,0.05096098985109412,0.027509660802756616,,
2021-04-11,,,,,0.0021286409124005486,0.014051434046397568,,
2021-04-12,0.0017779006519750467,0.00690798586586472,0.0010092251432744462,0.004752748246874382,0.004340099269164907,0.01391569426335863,0.0008970008203414849,0.004571002911197964
2021-04-13,0.0031702674605393745,0.02124381479819412,0.0014133058790378153,-0.0017190697691910066,0.07760528193922865,0.07082827280126783,0.0010969146242767241,-0.0017209948897183394
2021-04-14,-0.002614961741233917,-0.0024738309675833296,-0.0020875826089618676,-0.00014483391026371887,-0.006097047611818112,0.003744048439999026,-0.00200507536867869,-0.00020036698647293453
2021-04-15,0.00900058668602291,0.01560360092732547,0.006827872847774863,0.008963979490555798,0.03444306844348582,0.02297967564222875,0.006695439051201086,0.008897703301188038
2021-04-16,0.0021397330911782707,-0.008975304844937372,0.0023300024125200588,-0.00024875291757011974,-0.013406235012841633,-0.03165283893582549,0.0020801767683869326,-0.0006711988698544673
2021-04-17,,,,,-0.015022153244961329,-0.01861518318742817,,
2021-04-18,,,,,-0.07521204523369261,-0.07650345133364225,,
2021-04-19,-0.0026701143120609503,-0.008213764492453828,-0.0015417615805658979,-0.0019971668213436757,-0.025078720858340765,-0.03247982188407885,-0.0017389921612800982,-0.0021369694753750113
2021-04-20,0.006128181912924169,0.00175519386394077,0.005853100015826943,-0.00983711913937852,0.01621244521188169,0.02879066037153408,0.005670517082951072,-0.009635161303321406
2021-04-21,0.004059070819331052,-0.005803638361184868,0.004977498585325047,0.010453903307954095,-0.04958604331651084,-0.047453802377242026,0.00490893014803723,0.010079839722389137
2021-04-22,-0.0017225520527127415,-0.019736146877527307,-0.00023144647792948001,-0.009879295485306876,-0.046709149513040074,-0.04763535484717692,0.00021621379458813513,-0.009503013384841243
2021-04-23,0.002593936556374845,0.008418079221554709,0.002608437100859725,0.011564565320277387,-0.012065909580406691,-0.006271594386899927,0.0026110375770205035,0.011251524416294146
2021-04-24,,,,,-0.03217341422306442,-0.03278571407605308,,
2021-04-25,,,,,-0.019294114388303595,-0.01618967163927444,,
2021-04-26,-0.004439994073213801,0.032406997689474276,-0.0065956375407130435,0.0034432058488247414,0.1204324850834638,0.11687698774145235,-0.006562042074398271,0.003431613898741936
2021-04-27,-0.004277453325657706,0.019879721263238753,-0.005222377525047784,0.0066524556355109605,0.026001840511431323,0.03664713239914599,-0.005302475893335827,0.00644363474699236
2021-04-28,-0.0003984009047221471,0.002772804963409716,-0.00014595236650642208,0.003567048176158587,-0.0051849155714095195,0.003074316897454567,2.956080897882239e-05,0.003572196978359323
2021-04-29,0.006689286780544978,0.002365621552759796,0.006898890007958154,0.010203667858209631,-0.01899058675100759,-0.020933528761126693,0.0070353298947225355,0.010284916548481392
2021-04-30,-0.00029902886504605536,0.01602551614006832,-0.0013991894275387912,-0.006478561345349413,0.08091458716567282,0.06423829002918627,-0.0017715055169348795,-0.006678995986430179
2021-05-01,,,,,0.02012690232643995,0.014235502109636328,,
2021-05-02,,,,,-0.018687538597406118,-0.017476947267964844,,
2021-05-03,0.008325043242016723,0.01274511212097129,0.007808571917905186,0.006139737214333407,0.02465262327958002,0.04714607927238934,0.007461750194522796,0.005516965158866696
2021-05-04,-0.006640788445919318,-0.020842769343325233,-0.005394114628906331,0.0011939083458454502,-0.034471134334246416,-0.0670784481972377,-0.005550715714678934,0.0006877610164109188
2021-05-05,0.004415474172429212,0.029759025026003073,0.0020245968149266293,0.0053388534857096446,0.1123508081284592,0.11734139311863433,0.0019339658659587539,0.0055489451717700665
2021-05-06,0.007313718784683637,0.014105932613114958,0.007109481020645991,0.0035317622538012607,0.0271728838050638,0.028594746102832885,0.007254443151236977,0.0035813282693659934
2021-05-07,0.0007882708138452607,0.0071221113080605514,0.0011153798630611517,0.010072523563711102,0.0034169088626777484,0.004002056714864082,0.001064007601762344,0.010066514007516143
2021-05-08,,,,,0.022846352335842004,0.025106854294785173,,
2021-05-09,,,,,-0.011774381892736045,0.02406536752428732,,
2021-05-10,0.003984880993894956,-0.012432221391837146,0.00512046095992764,-0.002882501202787214,-0.05147239722606353,-0.047974366319085596,0.005134128416181896,-0.0028556428685435407
2021-05-11,-0.007738166857930481,-0.0018771234677685917,-0.008655784607769567,-0.01032727016228582,0.025208153860797364,0.0483096030794659,-0.008609091843332283,-0.010365831147636438
2021-05-12,-0.015408937202855792,-0.03869910631681449,-0.013796507958389884,-0.014735345117755703,-0.14411329987359256,-0.12270918127826404,-0.013836206572635932,-0.014650433406984764
2021-05-13,0.012213385234606437,0.02537880184407694,0.012074105865932917,0.01388120285023433,0.022908776175636945,0.07780911644232981,0.011901262094205835,0.01380186727769995
2021-05-14,0.003100432939509129,0.010358616575283395,0.002982043997406967,0.008738627203725301,0.021477545798387707,0.03561234787483349,0.003040188086267376,0.008859286918699324
2021-05-15,,,,,-0.0586234323550657,-0.021467316549961833,,
2021-05-16,,,,,-0.005533163782836759,0.011106274582814343,,
2021-05-17,-0.002382136129481318,-0.010224697405075825,-0.0014610027779591776,0.004670467354468746,-0.061992912913779605,-0.07961477031055753,-0.0017771013067862799,0.004703268440948328
2021-05-18,-0.004578740774726557,-0.00900214820393833,-0.0046874948307698205,-0.009271630501901303,-0.011490765425901871,0.0016589108011588857,-0.0050498038627892925,-0.009311222796887772
2021-05-19,-0.0030903290464857494,-0.041044457535756265,0.0005553209894947179,0.000475591191784828,-0.1682575921336176,-0.22355046050994615,0.0006934301845051545,0.0007519097322178178
2021-05-20,0.011797743720216235,0.030102845932383864,0.010344804875105015,0.006023959152052242,0.11827046077228652,0.14540747579173763,0.010554649805343338,0.005998581178622502
2021-05-21,-0.002837805735224356,-0.019984699416949043,-0.0014001574064355963,0.001467441496335556,-0.09399153091122865,-0.11696056814412066,-0.001233858094483107,0.0014861573781898576
2021-05-22,,,,,-0.005956693863506219,-0.0325046000246951,,
2021-05-23,,,,,-0.08308491478587832,-0.09039303203414048,,
2021-05-24,0.0007702339396914138,0.03700152451651157,-0.0016122475280174805,0.008247853327092129,0.1468984437840334,0.17189884031147012,-0.0016559848912075217,0.008155265833414986
2021-05-25,-0.005505961099247175,-0.004172245611764572,-0.005592108953152091,-0.005482607486800158,-0.00026421470341778786,0.002909859000752149,-0.005580908034674379,-0.005583891124138997
2021-05-26,0.0015635221661603844,0.013442704539068186,0.0008236910628729982,0.00490519957936129,0.029820431975441597,0.07404510549548318,0.0008444726188122228,0.00494789152501972
2021-05-27,-0.0047159952317197065,-0.00795716297393779,-0.004251271429930015,0.0010276528840298905,-0.029219429474779447,-0.048043969721916685,-0.0041645509520619375,0.001101969022165804
2021-05-28,0.0002535556023350523,-0.01021605266499519,0.0013735100839654614,0.006684545507199959,-0.07342447076847027,-0.08482971546779064,0.0012612532440345564,0.006530142959405467
2021-05-29,,,,,-0.03490366320615002,-0.05071088624974513,,
2021-05-30,,,,,0.034390406473451124,0.06473109186312904,,
2021-05-31,,,,,0.047646483480308414,0.11326085429384326,,
2021-06-01,-0.004794228490671666,-0.0019490314402178868,-0.004721245184183896,0.0009679679991647872,-0.017010609286048126,-0.019016290516073626,-0.00478859480141071,0.0008411318515385552
2021-06-02,0.0009578917830069115,0.004368394483411847,0.0006160200150920295,0.0001514538065943102,0.02412833326063848,0.017306957054028155,0.0005044558729833472,-0.00014620201540757003
2021-06-03,0.004847085572325218,0.010798185290448995,0.004325942507109845,0.0032882857469749673,0.043792698017060816,0.048071437523686374,0.004213576335318835,0.0032867856502156617
2021-06-04,0.005848159561632927,-0.0011679624429503284,0.006059621589488265,0.007858454796944777,-0.05916458858865308,-0.0655720802569917,0.005963384889537176,0.0075675830167515135
2021-06-05,,,,,-0.03590400520506203,-0.02669935004936727,,
2021-06-06,,,,,0.009220997005064131,0.020659611012852745,,
2021-06-07,-0.004426234097453865,-0.007727841907216981,-0.004130904940990644,-0.0006683500593750734,-0.06454932286022337,-0.06282821241762634,-0.004223135433594104,-0.0006599270247399236
2021-06-08,-0.005364617445189105,-0.0005211428772485579,-0.00544070874932793,0.0010521578675472168,-0.001955201635364683,-0.005994111549598444,-0.00535130835806831,0.0010857409836090343
2021-06-09,0.005087142129020124,-0.005155701185386338,0.00494676146568583,-0.014295847172029912,0.1124726505237621,0.03655799961019936,0.00490918249829158,-0.014660245371280628
2021-06-10,0.008194672315707108,-0.00809170748065225,0.008333305617630292,-0.0030959109838671426,-0.018204874301311538,-0.05612010966318589,0.008431212073924922,-0.003184128412313939
2021-06-11,0.0017761732773474452,-0.0020880603468537845,0.001987426380528316,0.0015625201333900386,0.014503751296229994,-0.05033188550414059,0.0019632988282623914,0.0013852056966497256
2021-06-12,,,,,-0.04591572073661552,0.013381121754954721,,
2021-06-13,,,,,0.09782032895014432,0.05659964869387583,,
2021-06-14,0.000319884901125458,-0.0051554099514316,0.00028914479521989554,-0.008191773863809756,0.027932659672342226,0.010139827453165827,0.00018986431318552662,-0.008354121256367156
2021-06-15,-0.0043689767523214015,-0.003378917349397158,-0.004393179528931884,-0.005718257403183551,0.0047668323083390725,0.018649635035015696,-0.004279737948697322,-0.0054623102933279545
2021-06-16,-0.011120829509049855,-0.014754773900370558,-0.010901912209884705,-0.00936609968931725,-0.05118255615780306,-0.08019713539642032,-0.010797203763540219,-0.009388274856746403
2021-06-17,-0.00017290882204496928,-0.01150473478449347,-0.0004125648312426028,-0.012000446558027717,-0.005395685428382061,0.0014212282982801654,-0.0003151184064311562,-0.012224792296061809
2021-06-18,-0.01086899786437799,-0.011991885979932452,-0.010661839357092712,-0.007643118020602266,-0.059327944581232715,-0.05195736982568807,-0.010731723568193121,-0.007478055531381563
2021-06-19,,,,,-0.005145621290949681,-0.021744575120077454,,
2021-06-20,,,,,0.0021877823699678976,0.025720947747288937,,
2021-06-21,0.009588966373775154,0.0011173725862245886,0.0104060784859429,0.019773458289939615,-0.11607503305510705,-0.17605754215001027,0.010413371691982256,0.019963251919096828
2021-06-22,-0.0010272270360165217,-0.0006533026015465084,-0.0008178879650011428,0.002394109845771108,0.023546880174575686,-0.023011436355665087,-0.0007633340320501434,0.00237747339974906
2021-06-23,-0.006990502307011439,0.0072617823362865,-0.007319609191277152,-6.585684078290483e-05,0.03957266920344333,0.0802525841804868,-0.007272002419518362,-6.618502639896897e-05
2021-06-24,0.0058446748167424204,0.014148136595126731,0.005143273861075394,0.010707665472990258,0.032817718115858124,0.04600020816553308,0.0051984413300330545,0.010747319887520798
2021-06-25,0.01088784266239207,-0.007845195160919352,0.011441034804525924,-0.0005715281192693324,-0.08654222323288782,-0.08054062384706702,0.01166102574467492,-0.0007302752209931548
2021-06-26,,,,,0.01709310174890851,0.004044766096993025,,
2021-06-27,,,,,0.07523951516021188,0.07053053925981265,,
2021-06-28,0.002247336452474146,0.002045225230198758,0.0021769179557637117,0.002001869473728127,-0.005869102669903533,0.01977331381375325,0.001975270766586289,0.0017429889654887586
2021-06-29,-0.0028834058674024163,0.017728201385343367,-0.0029735475105987126,0.006077373685530779,0.04142028680391045,0.06699999137636162,-0.002869650407843127,0.005905611912814051
2021-06-30,0.007590875925005581,0.0038821326961815754,0.007603346195931439,0.0033086746830640387,-0.021462093460843393,0.025214313160653982,0.007872150046450966,0.0033960898007264336
2021-07-01,0.00215608441079976,-0.002020949524822061,0.0023159863074329705,0.0046736396504243995,-0.04192646035058067,-0.05449698572259151,0.0021742160830150246,0.004651967948275668
2021-07-02,0.004372688835846856,0.004768249894040623,0.004324690592882839,0.0031881983830284264,0.010856312991043482,0.026419359468116386,0.00441264700189017,0.003235378467818617
2021-07-03,,,,,0.02193442747120551,0.026776256960661105,,
2021-07-04,,,,,0.017952526992407056,0.030418153842293356,,
2021-07-05,,,,,-0.043445194902335345,-0.044470798591098946,,
2021-07-06,-0.0021051080866892405,-0.0011704882031911494,-0.00212990355401747,-0.0023704483970579835,0.014127827203321416,0.02872214400603898,-0.0019218887762641138,-0.0017991695695379738
2021-07-07,0.0024397329985354397,-0.0002118232334811251,0.0024149218503065643,0.001638435874394646,-0.011047741886162513,-0.011808103867425092,0.002508087145846552,0.001754835709405055
2021-07-08,-0.00535537048044646,-0.012732498757984424,-0.005026835669450772,-0.01117019571218719,-0.029975389718393412,-0.06308885090931718,-0.004970597796427334,-0.010847441700507983
2021-07-09,0.006874413492309243,0.018353688599342978,0.006863848491261162,0.018601917558128938,0.027402520553338704,0.014255000673701756,0.006690894107264375,0.01848284010045386
2021-07-10,,,,,-0.008382136102193412,-0.01347810295968779,,
2021-07-11,,,,,0.020790288085607796,0.01186568883864516,,
2021-07-12,0.0020731608593417047,0.006668868803056307,0.0022869249343843196,0.008836040935681362,-0.031346929690452385,-0.03564881499870618,0.0022211079891765245,0.008736320062336484
2021-07-13,-0.002680211889625136,-0.012015678292592027,-0.0025761210946277095,-0.011610770240958574,-0.014237784737427948,-0.04077985747243013,-0.002536867550583259,-0.01148968958275827
2021-07-14,0.004265297428146788,-0.0005495317509958586,0.004153177006167338,-0.0012381640609594041,0.0037053456358829844,0.009886854503054366,0.004104407605795453,-0.0008803999320042979
2021-07-15,0.0011974184283896037,-0.00559740196121983,0.0014904655567985683,-0.004301925697276252,-0.03184092600569509,-0.038426410674411215,0.0015480526898088982,-0.0038917147819589426
2021-07-16,-0.0014782110215483526,-0.014342035540087762,-0.0012781743762096218,-0.014445595334618193,-0.012620579008235324,-0.029710644741581048,-0.0011244898941994658,-0.013778014907310123
2021-07-17,,,,,0.0035073678739777348,0.004051016103012373,,
2021-07-18,,,,,0.008179196174524804,0.005916858769717149,,
2021-07-19,-0.014103247183419525,-0.014728825008863541,-0.013803902486950934,-0.012846701624357195,-0.031715087364075974,-0.04073167823643278,-0.013728762559758901,-0.013158969641410065
2021-07-20,0.004920629902144729,0.013970426845679259,0.0053616419942771835,0.01578211382639215,-0.0339431742774566,-0.039649851351661256,0.005078127429782851,0.01570710341269967
2021-07-21,-0.0013411118814391125,0.013305219664366643,-0.0018310115160054675,0.009812006066916214,0.07751727633050969,0.10376335977962767,-0.0018143724789154944,0.008975685507566793
2021-07-22,-3.288064836884613e-05,0.0026409780620357012,-0.00019264134386874098,0.0024725543284256227,0.007103705507133218,0.014942751181607558,-0.00021756018035248248,0.0024745587475301233
2021-07-23,0.01024393665258867,0.008169742069955497,0.01025218729610051,0.0071668834121018645,0.0380296685973488,0.03612342050491812,0.010325464881440902,0.007552118147301765
2021-07-24,,,,,0.021267958028607967,0.03383378252310399,,
2021-07-25,,,,,0.029472210280042713,-0.0017835791227077452,,
2021-07-26,0.0013666557697423053,0.004168838706011352,0.0013019686052574394,0.0031340204459677206,0.054243879170661626,0.021717575217824768,0.0010532109999634382,0.003025415690627942
2021-07-27,0.001316718139833196,-0.004204030120011311,0.0011664903550374008,-0.005452236776334294,0.05377393984666133,0.02441755947582419,0.0014310590023861904,-0.005117793737387778
2021-07-28,-0.0011067896894697165,0.003135505959508084,-0.001013500914876502,0.003598141099174087,0.014439638217873835,0.0017078024462922183,-0.0008104456382564727,0.0032536378033346408
2021-07-29,-0.0007895844419653476,0.007917903980590191,-0.0009123997334090973,0.00887146401513286,0.0009090041392165306,0.013832910846396887,-0.0013541693831901698,0.008422201500142546
2021-07-30,-0.00245541026195459,0.00039031273929528956,-0.0026475633339212985,-0.0015112384074979638,0.05433501769523158,0.033903326869709406,-0.002756947081681559,-0.0013934321843357318
2021-07-31,,,,,-0.013351012954477576,0.012681489648076485,,
2021-08-01,,,,,-0.038447760154706266,-0.0061215968145761565,,
2021-08-02,-0.0013096540060053845,-0.0013075146000002874,-0.0014878594164734777,-0.0014568983163889947,-0.018014517800793967,0.004923447645809882,-0.0017375705889421298,-0.0015478400960528811
2021-08-03,0.00038628554706610134,0.007623307976812195,0.0007255652099023581,0.010003385261690504,-0.02549093482264394,-0.011780396754360281,0.001008691276453437,0.00953603980400774
2021-08-04,-0.007819752996749117,-0.0022958035571621982,-0.008146715139229956,-0.004444378309808695,0.041733074419706466,0.04951142464660973,-0.008168984390387594,-0.0044758046454678605
2021-08-05,0.004648830879728804,0.006791298188327383,0.0044194505241772165,0.005301124983678523,0.028316540959749205,0.0233624648563656,0.004363019188227412,0.005184784702473373
2021-08-06,-0.0008993329091831663,0.0026593128206614655,-0.0011649805759939946,0.0023806416093277907,0.04654981419204459,0.02110986747249937,-0.0011592825220458217,0.0024105294683100125
2021-08-07,,,,,0.040865657552726024,0.07701064616279207,,
2021-08-08,,,,,-0.01790891044236324,-0.037138986729965,,
2021-08-09,0.0013301632534112719,0.009856999272732182,0.0011305573437888367,0.008870775580962194,0.057524028606503616,0.04484158925884578,0.0011137758007029994,0.008961552970221316
2021-08-10,0.004395443227776135,0.014292749361764365,0.004435960022565912,0.016044755446920852,-0.014281970703651949,0.0362472619352166,0.00442799611494742,0.016252034323641723
2021-08-11,0.004751195922605735,0.007366119017065202,0.004078677987404539,0.006229358891384033,0.004396920664553335,0.03188042932986826,0.004027681385733023,0.006313829845194993
2021-08-12,0.002836484987595067,0.005893589783152824,0.0027592489646339814,0.007016707172472768,-0.02409367803644007,-0.0160713957250449,0.002803062073154553,0.007061682068906242
2021-08-13,0.004339186885615933,0.0031435741629733797,0.003968496586858836,0.0003080001841553085,0.07655761238304097,0.11208535436338479,0.0039979679956054425,0.0003679521715732288
2021-08-14,,,,,-0.012642011310035424,0.005766688850248975,,
2021-08-15,,,,,-0.001011582689060274,0.017681885198574464,,
2021-08-16,0.006495789749631372,-0.0008585768277781384,0.006765260985376356,0.0006231241157993134,-0.02281105875472003,-0.044757091024054015,0.006779027703190674,0.0005974993760062444
2021-08-17,0.002529442329743853,-0.010231512128248918,0.002875324100127024,-0.008875636206404663,-0.029628693631866376,-0.05813059164458937,0.002964797727261692,-0.008957216724392742
2021-08-18,-0.010805281488919278,-0.003542264002784291,-0.010845468525197962,-0.004294963342594437,0.003311688496251478,0.034018517548404965,-0.010870911778007267,-0.004257384978504063
2021-08-19,0.0018032516708801427,-0.0013050997283509005,0.0015665667630224965,-0.0032850537724079046,0.044059677054002246,0.08266142465727541,0.0015565728415811962,-0.003335551517667919
2021-08-20,0.003940712047558995,0.010231809306710131,0.0038354679633083436,0.008857848847693275,0.054746946905973794,0.03145224431793608,0.0038116552723335764,0.008821667516154496
2021-08-21,,,,,-0.009341938026476697,-0.016281202766594886,,
2021-08-22,,,,,0.009611748532014422,0.04015712381767123,,
2021-08-23,-0.0013425113758941914,0.007833475142819936,-0.0014470855244372207,0.008795620476433855,0.005879447063826997,0.03557683717779568,-0.0014028059973541576,0.008872817097434265
2021-08-24,-0.005589095412831564,-9.025662739952137e-05,-0.005243657657548081,0.0030438748527417798,-0.03813036955866108,-0.05522900543493128,-0.005228590052742445,0.0030845985042778816
2021-08-25,-0.0034250305519132754,0.0008869017816221041,-0.003609448103157893,-0.0005411636742930023,0.026246320968551243,0.014091957495127825,-0.0036516239803785567,-0.0006511774606679534
2021-08-26,-0.006449712887709296,-0.00828545071141866,-0.006199872998043882,-0.006376814058898136,-0.041843813673190164,-0.05350838387007396,-0.006264243915916156,-0.006409446804598005
2021-08-27,0.0021654633584024486,0.013271309070495042,0.0017849176788879875,0.011048554767870783,0.046977021867251736,0.09019133682078405,0.0017738208071910316,0.01103285290753979
2021-08-28,,,,,-0.003453359464877216,-0.01397225868396278,,
2021-08-29,,,,,-0.0012262975043671133,-0.0009091162596930388,,
2021-08-30,0.0035339131080384494,0.0008647531105265168,0.0037910654221481686,0.0026113429726906537,-0.035986003679253906,-0.0348563993590749,0.003777530834224732,0.002667643408437649
2021-08-31,0.003888352891591884,-0.0006704987203069281,0.0037177310157835205,-0.0022551990831566494,0.0037495555227291142,0.02093961441290381,0.003755337844520316,-0.0023622115145659176
2021-09-01,0.00026371573964132446,0.007470303236437274,-5.770648456579575e-05,0.005080930836113525,0.03722434772301138,0.05071316078905562,-0.00017096774246032402,0.005051047922916215
2021-09-02,0.0066634470000336695,0.004840454876364053,0.006330817581007753,0.003160376178684354,0.011885384674602598,0.01651298698392432,0.006235903528273002,0.003115451873315178
2021-09-03,-0.0010478134371165674,-0.002737510380113368,-0.001033939386773625,-0.0031273467698470442,0.01411558244847075,0.01235738439963681,-0.0009668681368479062,-0.0031720196328268507
2021-09-04,,,,,-0.0018576887883684765,-0.030504983939323563,,
2021-09-05,,,,,0.03604921143067141,0.033768778590984184,,
2021-09-06,,,,,0.01523184147770177,-0.013634202087199582,,
2021-09-07,-0.015378846261263486,-0.01677682652026112,-0.013727701729631513,-0.008433496309797327,-0.1137154782400237,-0.1281983177189876,-0.013644912045213533,-0.008452066495033933
2021-09-08,0.0050733777381623095,-0.0004425086098119773,0.0042230667310245605,-0.0009133834713387381,-0.010641190375036386,-0.008038574415566605,0.004167314174620323,-0.0008459245409639629
2021-09-09,-0.010999326838537962,-0.006755245371788649,-0.010965204068061795,-0.007459430887999531,0.00641884598908422,0.009661923717666856,-0.010818228510415487,-0.007381026130399479
2021-09-10,-0.007730079293473775,-0.005823821640972009,-0.0073430215510313325,-0.0026652555360093017,-0.032243508688335705,-0.04892738356763915,-0.007275589538675917,-0.0026945859574406075
2021-09-11,,,,,0.009857100542184654,0.06547253816138258,,
2021-09-12,,,,,0.02606849873654723,-0.0010303577515834187,,
2021-09-13,-0.0008609876079510265,-0.004660715297267992,-0.00043120378986495297,-0.003495191763112767,-0.02637349608108754,-0.05463161748652564,-0.0006205427722918589,-0.003524609147742093
2021-09-14,-0.004807294574037597,-0.00950156486847542,-0.005719463371794696,-0.011004353067494298,0.0506105971888386,0.014823425428812728,-0.005708300320913145,-0.0109307868776215
2021-09-15,0.003460168035136673,0.008537629367226594,0.002952382933078353,0.00673785605705487,0.02317293531703131,0.040703986506279176,0.002883978207809607,0.006552995297414837
2021-09-16,-0.004886866222341053,-0.007982972495122765,-0.004609438388194791,-0.00663460168214488,-0.009808323060821163,-0.024178141355810253,-0.004552629786768082,-0.006650317612859566
2021-09-17,-0.008353422873333065,-0.018420807489104105,-0.00782705158166833,-0.018676982337328406,-0.014746344727147545,-0.028445137562865767,-0.007795328707983243,-0.018561857629472395
2021-09-18,,,,,0.020649119386030406,0.012020678011821485,,
2021-09-19,,,,,-0.021208855737310954,-0.03316834013662434,,
2021-09-20,-0.00977892479362166,-0.019761898257543556,-0.009118634234153386,-0.017739984549901878,-0.09482511303649724,-0.09994322477085552,-0.009173930667962718,-0.017534438169142724
2021-09-21,-0.004461183726080818,-0.0068223074467894575,-0.0041316234226973555,-0.0039020063939790312,-0.04914655904125476,-0.04648617237607046,-0.003997323188982734,-0.00384663342772383
2021-09-22,0.0013738127281906483,0.013030481446176828,0.0004444211496097497,0.00721114323975701,0.0736034009686741,0.12325052226427477,0.00045295735287153677,0.007166630710368842
2021-09-23,0.0032564554184631713,0.0066310197743637885,0.0032783178791776675,0.006579259122663039,0.02911666236592755,0.02451189559515539,0.003240230692160134,0.0064525906333089125
2021-09-24,-0.0031945498568927634,-0.007720252367476555,-0.002519516816208315,-0.0052730643113767465,-0.046634482028503454,-0.03808194343580463,-0.002630425909988392,-0.005582076574067778
2021-09-25,,,,,-0.0034511395166867214,0.0036046467377540284,,
2021-09-26,,,,,0.009058795942343214,-0.01717170237442115,,
2021-09-27,-0.003353866440018835,-0.005787556722244959,-0.003418585525877295,-0.003785348968028582,-0.02242887490136733,-0.03270113743369022,-0.0035722666102053964,-0.003850003672733122
2021-09-28,-0.005510044700463414,-0.007252441388339037,-0.005409085965401397,-0.00766500534577889,-0.028949750359147368,-0.04021906988857691,-0.0055431591436577495,-0.007666677067113706
2021-09-29,0.008831751384259142,0.0018789460871183948,0.008481363095132956,-0.0003239440426364533,0.012914834711977005,0.013840663004104114,0.008354409413238286,-0.00021840746824549888
2021-09-30,-0.00922039607145334,-0.012187019196324785,-0.009546290134138758,-0.0141985824756094,0.052662781088433405,0.03342731709363115,-0.009538695662601099,-0.014199644270167797
2021-10-01,0.01385093933876758,0.009717281611597762,0.013321105327646177,0.003608459406999528,0.09785670095314992,0.08243036576819883,0.013056202636872821,0.0036528255187822196
2021-10-02,,,,,-0.008260992540154218,0.007565903341778725,,
2021-10-03,,,,,0.009947461181920669,0.0036152218282581674,,
2021-10-04,0.0011173466697445846,-0.007431930843186078,0.0011173597606449167,-0.008566489919395476,0.017514756545180272,-0.020681878685610826,0.0009771221466904827,-0.008264636903194322
2021-10-05,0.001737046143179309,0.007207585440554458,0.0017370217819834928,0.00814209975401378,0.04803374146354486,0.028752190598683128,0.0019302826273283925,0.00810002589315806
2021-10-06,0.0031260940020499525,0.008917570669434476,0.0031261247400256875,0.007353860402877234,0.0721300399868318,0.004005429880246544,0.0028307580397475916,0.007058881512411819
2021-10-07,0.008379088931574182,0.0038576141791011286,0.008379032953751033,0.005096343433523302,-0.02636158351925503,0.014996121563221608,0.008599393500713383,0.004927483835781238
2021-10-08,-0.004529544280854296,-0.00042239759505638603,-0.004529553672043268,-0.0006712424885914422,0.0023888564998420653,-0.012994255281259954,-0.004360770044032565,-0.0003250070505636148
2021-10-09,,,,,0.01837398175405053,0.013143206221941902,,
2021-10-10,,,,,-0.004394661235688747,-0.03382763004880134,,
2021-10-11,-0.008355512179125786,-0.003475815111881955,-0.008355497539757166,-0.004479935135730576,0.047712045486155194,0.007466228820723542,-0.008511468070684173,-0.004798676661581922
2021-10-12,-0.0006449469785923924,0.010623320016460325,-0.0006449917771194384,0.012282471467993246,-0.02510963678127291,-0.02205581291472948,-0.0009703344112908093,0.012115117742662296
2021-10-13,0.001152488350401661,0.011462953287942284,0.0011524752896746229,0.009753379271759566,0.024531495494192906,0.030213724185007236,0.0008825008628573375,0.009543547918924934
2021-10-14,0.009659235029737296,0.02021273669797527,0.00965926695126998,0.02168321494283708,-0.0016024213299844655,0.010338667984083286,0.009546357091923497,0.021394674865613045
2021-10-15,-0.0009047323737658921,-0.0023859062110893276,-0.0009047812981010594,-0.0028266056617406218,0.07289854553924784,0.020809387703364008,-0.0006610310422075448,-0.0025930364702959354
2021-10-16,,,,,-0.011553219904676611,-0.01291234949343143,,
2021-10-17,,,,,0.010246193995704478,-0.005735467144219893,,
2021-10-18,-0.0014063429648226565,0.0051947512804604076,-0.0014063339178811698,0.006395250058614227,0.007041504220353083,-0.01527575655884089,-0.0014812223160209509,0.006174017207684616
2021-10-19,0.013274426679590747,0.0004607709255344038,0.013274434077189538,0.00035724557661238784,0.03474125567481955,0.007729552277872219,0.01328557479628938,0.0003895698801004365
2021-10-20,0.010045639823269352,0.003769652629880221,0.010045658383314508,0.001684231769086266,0.027164127329193658,0.04559196646142914,0.010051657541651115,0.0016759037431393088
2021-10-21,0.005447365031472204,-0.004345961347871476,0.0054473251408658245,-0.0021648918594693433,-0.05626943349944914,-0.022705473647662455,0.005374714351070198,-0.0025950336711843317
2021-10-22,0.0032558996370258162,0.01148765928071283,0.0032557297807518744,0.011545095089771678,-0.023413184029873357,-0.0036320582833531626,0.0031622676790013455,0.011734213494819004
2021-10-23,,,,,0.011383620144957267,0.020175564692794322,,
2021-10-24,,,,,-0.007915173331181245,-0.01900743726455522,,
2021-10-25,0.004253617191879681,0.009354271673827195,0.004253618707950398,0.011355903008728966,0.033860393621847715,0.016494338661921175,0.004358663645510685,0.01119347143169608
2021-10-26,-0.00025333348255421117,0.0077056317942286925,-0.0002533690960763271,0.01231595620101143,-0.041241494013633896,-0.011328408070492778,-0.0003993608000492905,0.011851274780139674
2021-10-27,-0.010763550369606741,-0.023664068930201773,-0.01076356034283488,-0.018264404181525754,-0.03341282092744112,-0.08589689372437005,-0.01081033001408131,-0.018457150570586375
2021-10-28,0.01619916404664235,0.02311282123669689,0.016199169693282753,0.020355854040685274,0.03670999867369069,0.06138147948537008,0.01611803622668107,0.02020349043430086
2021-10-29,-0.0021230031144805583,0.004198099189877334,-0.0021230056678139307,0.004258911750975457,0.02581236048196421,0.02081131704097887,-0.0021552954916692554,0.003986389116511397
2021-10-30,,,,,-0.006470431584135182,-0.022337526866127475,,
2021-10-31,,,,,-0.008594159574315655,0.000519563187108504,,
2021-11-01,0.005399061391386028,0.005756611817358235,0.005399068065178513,0.005092889403709881,-0.005247715442034969,-0.0015845814659326807,0.005358961767406641,0.005254536856884392
2021-11-02,0.004192554881610957,0.010526417382090635,0.004192566312658479,0.010210561568231549,0.03522969209981519,0.032183299911830165,0.004186898138448073,0.010066183545760636
2021-11-03,-2.8963870175277544e-05,-0.004153237906706811,-2.890970489632179e-05,-0.005155339588955792,-0.0016686230878779687,0.024653935314833095,0.0001593780540430691,-0.004810418153447899
2021-11-04,0.001089621636932952,0.00443464860453311,0.0010895694917923992,0.007650242286844281,-0.024764388474286744,-0.028132384279827755,0.0012374076639517252,0.008274981553694724
2021-11-05,-0.012836910988502478,-0.019427670544748456,-0.012836844082442046,-0.02001756414054695,-0.005033525708853556,-0.005065552238259936,-0.01336042144940984,-0.020118307821693552
2021-11-06,,,,,0.006746849636047102,0.0076348576808020745,,
2021-11-07,,,,,0.02823254227868273,0.015274666990880167,,
2021-11-08,0.001657900459473342,0.012498263285096168,0.0016579195576649065,0.01199623793835275,0.06619043824934548,0.04784313685955265,0.00203555745006742,0.012441529456535708
2021-11-09,0.0008537189098364186,-2.5449554157610394e-05,0.0008536913776970559,-0.0028250047508674514,-0.005103264979336025,0.03380244226136306,0.0007772202037872689,-0.0030311889079878158
2021-11-10,0.0006354276500877339,-0.008520769950099866,0.0006354353569173506,-0.006931387340435115,-0.03167071101246047,-0.051517592558523846,0.0006675408310905396,-0.007195425810934919
2021-11-11,0.002534401069922027,0.007918808560643933,0.0025343712553014346,0.008533787577608868,-0.0010269804845140418,0.004084807507585616,0.002514783100341111,0.008632442470027459
2021-11-12,0.002199702260600005,0.002246434736592819,0.0021997109884495875,0.003113880418323022,-0.012545743400994137,-0.01690051850517137,0.002199123275520206,0.0032285534385778285
2021-11-13,,,,,0.004826868180334751,0.0019997493919005497,,
2021-11-14,,,,,0.014464417479197083,-0.004315368859105591,,
2021-11-15,-0.002743949287298923,0.0014124359208604902,-0.002743907847282894,0.0014677571054151318,-0.028372590725602324,-0.0153293357023346,-0.002723653583224149,0.0012797355130095699
2021-11-16,-0.005000563091744063,-0.006640257684852939,-0.005000527567097226,-0.002896603488711713,-0.054154121301351284,-0.07027774209357798,-0.0047242954521410216,-0.002555467079502008
2021-11-17,-0.0033270946043444556,-0.006028301096208468,-0.0033271249711761502,-0.008122322424600406,0.003233376040888333,0.006695606109275455,-0.003657988048232272,-0.008919747956787086
2021-11-18,-0.0018140550403836703,0.007253732067170892,-0.001814033381201443,0.010029274163666339,-0.05626916234971077,-0.05549809183870747,-0.0016931971031032972,0.010316873077949828
2021-11-19,-0.008305640674682644,-0.009547937963802655,-0.008305629977259019,-0.0100429235544953,0.021713042237075427,0.05383181757903684,-0.008282887948554732,-0.009768583670920504
2021-11-20,,,,,0.027303352569241924,0.026485029163128893,,
2021-11-21,,,,,-0.01743443427003684,-0.034164635319247856,,
2021-11-22,0.004038621541571494,0.0008688013859080314,0.004038694053418845,0.0028515796621389087,-0.04122791690153335,-0.03819201705848259,0.004218308874660816,0.002894079849475416
2021-11-23,0.006423517211068038,0.01108665079760632,0.006423535307774718,0.011131215210693338,0.02098226314105097,0.019250366354254082,0.0064236725898274595,0.011111852490771375
2021-11-24,-0.0009720226079952661,0.005080649435889289,-0.0009720284945870923,0.0055814786074867805,-0.023051228694742392,-0.029683741408736898,-0.00101185059426854,0.0054377620537362035
2021-11-25,,,,,0.01586249143348609,-0.006166003764164661,,
2021-11-26,-0.014667456739959752,-0.031065432930599685,-0.01466750990139126,-0.028099232361839397,-0.06514404211077367,-0.06392476677950355,-0.014662284930175778,-0.028042042019898704
2021-11-27,,,,,0.02272214600333317,0.013274410002603609,,
2021-11-28,,,,,0.04375588238877534,0.03642397324710413,,
2021-11-29,-0.0010571151615560049,0.011704297518795015,-0.0010571238198254507,0.011062182233520554,0.009583100448988259,0.020499636880009574,-0.0012701263741116704,0.010957524524395983
2021-11-30,-0.021637601605288923,-0.016159807934870266,-0.02163759801989934,-0.01604317369262901,-0.014571290249327035,0.006818472136502282,-0.021484309913197493,-0.016060421485187465
2021-12-01,-0.012845129011260826,-0.010352893247559435,-0.012845084377875186,-0.010424965617447692,0.0035517349782243778,-0.007559808424733927,-0.01276781527864988,-0.010605101196214915
2021-12-02,0.014217445921144753,0.027973622676973703,0.01421720668673083,0.02540913626190496,-0.007680784144835968,0.03591468071960634,0.014674248543533424,0.025514578472819443
2021-12-03,0.008799515894051438,-0.009795996999988295,0.008799546963015431,-0.006575435116277175,-0.052855463660488,-0.07401818683372437,0.008965516688629476,-0.006390492631214706
2021-12-04,,,,,-0.0822814264657456,-0.06276285295807073,,
2021-12-05,,,,,0.0019161405868133269,-0.005734945880796976,,
2021-12-06,0.010959800795686123,0.00841841575203096,0.010959930440898252,0.007200928138701335,0.025023134386514,0.033817971223718706,0.01075603880510274,0.007484642671752312
2021-12-07,0.003148661292955432,0.01925262114808587,0.00314860833837325,0.020817290219222993,0.0008476067685382355,-0.016511360275150683,0.0031288853388848734,0.020490072795555068
2021-12-08,0.0008536695249554514,-0.000817949605708174,0.0008536535797350133,-0.0014373701174409535,-0.0031865233549522426,0.021554949733612824,0.000986558132018881,-0.0012809334304457372
2021-12-09,-0.0024285722949834243,-0.009845784162650409,-0.002428538691238173,-0.007524987729558441,-0.056996965578675465,-0.07500476341744869,-0.002699770663428733,-0.00748559342129096
2021-12-10,0.007813122406281533,0.004243912214825299,0.007813097205938244,0.005450594361389191,-0.011333777087222814,-0.05270305322216851,0.007659610185664529,0.0056822053598968815
2021-12-11,,,,,0.048129183961404205,0.07515881906087675,,
2021-12-12,,,,,0.014005410656130675,0.003199576245753607,,
2021-12-13,0.0052950747949396275,-0.0079877756305842,0.005295185437911013,-0.005153965758212475,-0.068137768451274,-0.08879620771008254,0.005107551385078346,-0.0049365566839879894
2021-12-14,-0.0003683754600966719,0.0009188027344719028,-0.00036823641661387673,0.001154813961205673,-0.002643369803562817,-0.004702819215852785,-0.00041301847845804285,0.001020688712936175
2021-12-15,0.01289229745594812,0.021954616203439616,0.012892296878846443,0.018778676091903448,0.05007081194462547,0.0696050607881924,0.012775516433543781,0.018572489538042917
2021-12-16,0.010343361489567632,-0.0008325896410673155,0.010343065676730098,0.00110166103980676,-0.02649310350866772,-0.032251844078218225,0.01087615118818996,0.0013582181205172143
2021-12-17,-0.012480109541495268,-0.01540609011086081,-0.012480038553623675,-0.01405528890732244,-0.03006707508035132,-0.019494071619630793,-0.012324427450017758,-0.014190803635333567
2021-12-18,,,,,0.014200912477517657,0.019890066900864548,,
2021-12-19,,,,,-0.0028129962683257374,-0.004393143912916483,,
2021-12-20,0.001541694069070014,-0.003150678804856453,0.001541660090543322,-0.004687246869323242,0.003310936858761852,-0.002110623196322824,0.0019515045732834938,-0.004497499076210979
2021-12-21,0.003091067761488941,0.008717721937976026,0.0030910371783178753,0.008387583414731245,0.04343905618325095,0.0275403809231939,0.00324181773509232,0.008268396733141574
2021-12-22,0.006672151337540009,0.009869974443278213,0.006672093491705818,0.009519892620697858,-0.004357267191279728,0.01246959164735676,0.00655732469613971,0.009475106306860076
2021-12-23,0.0016962433396508132,0.002455908723459724,0.001696185686807734,-0.0002959968984077828,0.04730720957145775,0.06711087370148586,0.0016897896610345519,-0.0004050152558725989
2021-12-24,,,,,-0.0018009917031903064,-0.030378830556096314,,
2021-12-25,,,,,-0.00539951529023963,0.025756642319554077,,
2021-12-26,,,,,0.007268877026888184,-0.0026221548583604697,,
2021-12-27,0.010638797892603816,0.02018677053602279,0.010638673635610945,0.019647306471200134,-0.0017906732653809616,0.012710796908731111,0.010493932753063559,0.01963564543698985
2021-12-28,0.004360484959025567,-0.0038991306756301636,0.004360442912441122,-0.0022539649525985346,-0.06072650661269237,-0.06675771250981707,0.0043407767465024425,-0.002119543440927945
2021-12-29,0.0013000645560485092,0.0003291989569684657,0.0013000769639186691,0.0017161577412823559,-0.025018412212595452,-0.044937618630405574,0.001194620380496138,0.0017175560931186923
2021-12-30,0.0005784609881061872,-0.0030243438445808042,0.0005784443030081081,-0.003751984879850863,0.01602513907702449,0.021767292857039534,0.0006910871801112617,-0.003716211840656366
2021-12-31,-0.0010544073812200538,-0.0008253076755814989,-0.0010544524061992721,-4.3051171221634396e-05,-0.019144803538320546,-0.02157242762781077,-0.0012473563644935445,0.00010154576243785325
2022-01-01,,,,,0.030576522355985007,0.035167706142162566,,
2022-01-02,,,,,-0.006887403938908266,0.009036646214974482,,
2022-01-03,0.0020974668781042786,-0.009368298512708144,0.0020974792918967144,-0.00843900257371116,-0.01953035856458034,-0.028080099839968477,0.0022128729631386568,-0.007785856012164171
2022-01-04,-0.0005494100336287421,0.0008393315841551687,-0.0005493912994153317,0.0007746949685772506,-0.011901781888347908,-0.001992686732093602,-0.0006924874571518226,0.0007155465046494876
2022-01-05,-0.001745882233941435,-0.008972004720636483,-0.0017456642274372627,-0.007771631894880817,-0.050985997498043036,-0.06093533117740802,-0.0018605579189728827,-0.00833386182321533
2022-01-06,-0.003977375138814979,0.003202575865478049,-0.003977357265922821,0.0024002415631174095,-0.00774162177119541,-0.0017224635739174524,-0.0038953257268934337,0.0028589662417156207
2022-01-07,0.004320717596097685,-0.015525985280132154,0.004320767859741038,-0.014604296285434425,-0.03772748664219491,-0.05599166824594837,0.004234464994892603,-0.014295061155812309
2022-01-08,,,,,0.003362759080947707,-0.02672064263805832,,
2022-01-09,,,,,0.0036855554414421477,0.005659746528611025,,
2022-01-10,-0.001104950634494637,0.0030849370377792605,-0.0011048230970583197,0.0036243470001301042,-0.0034927793356809987,-0.03299436310767901,-0.0009137735913723363,0.0037094920962847623
2022-01-11,0.0038250134901476264,0.008415264010263773,0.0038249513091553294,0.007433021392898052,0.02291056397095759,0.04886485048566658,0.0039003195733701922,0.007685388327081615
2022-01-12,0.0011933238835801733,0.010366367032045798,0.0011933366421707711,0.008589532658270841,0.03101489798636905,0.06822445286784794,0.0010504410394771354,0.008414343863116002
2022-01-13,-0.002185460646569385,-0.013789067592215754,-0.002185381576098739,-0.0136610196640727,-0.03175285662456427,-0.04324522960022804,-0.0023689168372784024,-0.01397917952988538
2022-01-14,-0.0025066969610904105,0.0002485645810189126,-0.002506664839889909,-0.0009298909291626514,0.013196646614286201,0.03626580199185875,-0.0023773152462237108,-0.00047269505315299755
2022-01-15,,,,,0.0018873469223409842,0.008452460168046816,,
2022-01-16,,,,,0.0016879488889933473,0.036810020292813966,,
2022-01-17,,,,,-0.014481103955106149,0.03461754412665786,,
2022-01-18,-0.009154140018664872,-0.01215863532906704,-0.009154132449553678,-0.012325952493333465,-7.281825613223839e-05,-0.03362160128576277,-0.009321540122703234,-0.012437823005509618
2022-01-19,-0.0004616998928603554,-0.0125486085329309,-0.00046171007882352686,-0.0116270505967329,-0.017421132670633287,-0.05112754945823058,-0.0006580266874798581,-0.011770936921045265
2022-01-20,-0.011034171406175412,-0.01790975455465444,-0.011034157509567821,-0.017166442564344984,-0.026824658442347684,-0.05007680247941552,-0.011119051138792444,-0.017326239810742265
2022-01-21,-0.0045116050016503085,-0.01257808444981466,-0.004511582509504169,-0.011079710949410636,-0.10393336421085203,-0.12483677420173686,-0.004539287395890315,-0.011222851898380966
2022-01-22,,,,,-0.03954875438130831,-0.05660512744340365,,
2022-01-23,,,,,0.036186821082552466,0.050962417432239025,,
2022-01-24,-0.005013675509981838,-0.0015308730240711646,-0.005013713768746191,-0.0004764827044437629,0.008226804799646017,-0.04278065469871852,-0.004994115119781112,-0.000521874540519764
2022-01-25,-0.0049841182333959415,-0.0002887552022397215,-0.004984096890371181,-0.0004941381741076722,0.007096174633978867,-0.0071546464042034396,-0.004970254921325355,-0.0005041218858484118
2022-01-26,-0.01599901276818192,-0.008981065836667497,-0.01599905040006838,-0.009711569511515698,-0.0017251566106450131,0.02242555062069149,-0.015803536760934225,-0.009458510100744324
2022-01-27,0.0001890487684258306,-0.0022364270470865305,0.00018892434454050342,-0.0017753689323878725,0.0066216861130143365,-0.0204445236968736,6.492953157576245e-05,-0.0018771836370176992
2022-01-28,0.01603467733560412,0.03251557940156386,0.016034606572686207,0.03271026937122603,0.017098930838780745,0.017609759796719488,0.016100586279754536,0.03245526668012607
2022-01-29,,,,,0.009341547811448405,0.007131978471494518,,
2022-01-30,,,,,-0.0062068312507740035,-0.017942536752257206,,
2022-01-31,0.010867898168580716,0.006969861333885484,0.010867847046815406,0.007563508936255687,0.014897121850293984,0.021508187665974624,0.011020112320169142,0.008037604829601617
2022-02-01,-0.003662656671824485,0.0055162621244848,-0.0036627814033179783,0.005414369881576504,0.007539409637959219,0.03420143857723306,-0.0034599435466556596,0.005531166927060848
2022-02-02,0.01079105300601618,0.027228820285764545,0.010791093825267481,0.028052695074588418,-0.046451836948822746,-0.03996117793519909,0.010932811117340622,0.027988586289147944
2022-02-03,-0.006321063423852861,-0.007305836021192465,-0.006321041020470217,-0.008876445996998793,0.006054357519546085,0.035720910355923896,-0.006092010699516943,-0.008938278929698553
2022-02-04,-0.0035541744561036715,-0.0019235429746159033,-0.0035541371175304383,-0.0030127834763612957,0.11579795941843812,0.07184477416097311,-0.0036501284259310767,-0.0029257468887763536
2022-02-05,,,,,-0.0016030914845720518,-0.0031352833835763057,,
2022-02-06,,,,,0.0232076730465698,0.017130918008693333,,
2022-02-07,-0.0009983671034002944,0.006724144797139965,-0.0009984297443067286,0.005173785600522279,0.034014917749040544,0.09364778644686367,-0.0011032940100890105,0.005231423519065755
2022-02-08,-0.0011496424627919766,0.001976668825625439,-0.001149670327177028,0.002820488867459511,0.0057308036077100295,-0.0014845806947616398,-0.0010436575369480098,0.002844012444325597
2022-02-09,0.006180724500319861,0.019925429414697295,0.0061807429254251605,0.02000855328614663,0.005237591158063943,0.02394051562260922,0.006099218956099555,0.020074068025931157
2022-02-10,-0.016675524264166658,-0.01731186285349802,-0.01667551140651647,-0.018036314636175145,-0.017954230881170177,-0.018299525377114365,-0.017230538344230512,-0.01802173457909685
2022-02-11,-0.0031349712929029903,-0.006312903467588786,-0.0031349657762602583,-0.006570493862204951,-0.02757354056637798,-0.062460980796664976,-0.002779834921637448,-0.006667155210881989
2022-02-12,,,,,-0.004322073069216956,-0.0054688368650844185,,
2022-02-13,,,,,-0.0014087500366999689,0.003815720675630511,,
2022-02-14,-0.007758319823931022,-0.007469467835128285,-0.007758380680824997,-0.006611498173793304,0.009088394772254682,-0.01410417262355893,-0.00789182687297935,-0.006571561555918641
2022-02-15,0.0025300855805103746,0.0022471825900205293,0.0025300223365077863,0.0025480691856454496,0.04690918245199645,0.06019223174065358,0.0021772111517709336,0.0027346589002915844
2022-02-16,-0.0016983481242237599,0.0014085387461078478,-0.0016983519042112448,0.0020342533502086422,-0.013946463103753214,-0.024656931956491098,-0.001679113580377284,0.002049149469692602
2022-02-17,-0.00691369872384459,-0.015741547236796077,-0.00691373776867291,-0.015093814408987351,-0.07737978774316769,-0.07560011667038509,-0.007014762971194255,-0.015186352955196368
2022-02-18,-0.0054880727068385435,-0.008753667892650929,-0.005488188083071738,-0.008777406197065985,-0.012783658756291654,-0.00978210143708608,-0.005409485059301587,-0.008848001223522547
2022-02-19,,,,,0.0022303877558978715,0.005547971982786018,,
2022-02-20,,,,,-0.04278120073724922,-0.05638534692674203,,
2022-02-21,,,,,-0.03654273181750586,-0.08546852360822321,,
2022-02-22,-0.004089007203825027,-0.006259337217549621,-0.004089008000937032,-0.007749211439943293,0.03274652740540757,0.04519901420412226,-0.003774473637308675,-0.007750577934713716
2022-02-23,-0.0034901195791729456,0.011443341887071173,-0.0034900435602170767,0.01064245776744468,-0.025745033436113864,-0.01811922955985966,-0.0037012491171780305,0.010502651182470344
2022-02-24,-0.000674092351450916,0.00010524143820818957,-0.0006740422050767294,0.0011104851703092793,0.026489805947685654,-0.008638120481420326,-0.0005744529186567085,0.0012017912744305052
2022-02-25,0.025530019464631834,0.03504655526117523,0.025530030013957518,0.03482557262538606,0.022998939789759656,0.06687815955451729,0.02585386534902657,0.03479718981174177
2022-02-26,,,,,-0.0027813970538428374,0.015845030418033684,,
2022-02-27,,,,,-0.035682342018983695,-0.04953465849244765,,
2022-02-28,-0.004983074325800972,-0.002140870787709779,-0.004983040112201646,-0.003923534180555387,0.14541183928864612,0.09733884988815843,-0.004782691800618976,-0.0038476585839556164
2022-03-01,-0.003784426763938818,0.0027812120409833794,-0.0037843681669377646,0.0019734357361591843,0.026888524570001016,0.006800480702137325,-0.0038383146528782348,0.0018890335903629712
2022-03-02,0.013989288430587074,0.019762802950365796,0.013989268709953323,0.020967227237861683,-0.00970630272500928,-0.022892448557817698,0.013910567784160499,0.02097417175775354
2022-03-03,0.009204216335728828,0.007470324612875257,0.009204278406124679,0.006731336281391904,-0.033519811421935615,0.007476673448990842,0.009604535067073226,0.0066324127351066135
2022-03-04,0.006347772556955708,0.008535314599582722,0.0063479935510910475,0.010110292783556239,-0.07806935036049169,-0.07821044004956036,0.006291274283029167,0.01011685364962717
2022-03-05,,,,,0.0067193806468304265,0.021696510756091955,,
2022-03-06,,,,,-0.024887994408395297,-0.04249081048012541,,
2022-03-07,-0.009384714445672565,-0.009377003453939096,-0.009384679312476187,-0.009318584228285739,-0.009316643885282645,-0.013645720122447618,-0.009704303434997499,-0.009198514115752404
2022-03-08,-0.014769319714204766,-0.020515290827099672,-0.01476926406405389,-0.01978476456595871,0.01774025999083318,0.015316117423147525,-0.01473174193093621,-0.019818336305635155
2022-03-09,0.005046420214044602,0.010133219595303875,0.00504629132529515,0.009786056789774001,0.08378639716414905,0.0558919849835479,0.00517258670567744,0.009720116042285194
2022-03-10,0.0013377847383604469,0.006973777450858641,0.001337868983388738,0.007958627601096127,-0.06063095404577135,-0.047126684826595336,0.0013097895847584411,0.007750200246258596
2022-03-11,-0.0057572931121773665,-0.007043156648805322,-0.00575724919861369,-0.0069560122387617536,-0.016291319622939397,0.014568776351066123,-0.005785273326873497,-0.0071474505659658485
2022-03-12,,,,,0.002810649293818469,-0.009201747793199629,,
2022-03-13,,,,,-0.027101257933814907,-0.032713129908267385,,
2022-03-14,-0.004711552394259276,-0.009694768211446846,-0.004711509981323225,-0.010980120136168742,0.0480080837903738,0.020351578700043352,-0.004627580153771458,-0.011170024901441917
2022-03-15,0.007905294455668834,0.007915823015530562,0.007905180546303363,0.008451227688066689,-0.008268101563720931,-0.0028941579190157204,0.007908798743188538,0.007976005940902203
2022-03-16,0.006640720914944998,0.0072888472247543915,0.006640563216340382,0.006745331419675365,0.045887144813449035,0.05207062365455685,0.006730744488938806,0.006900931651276806
2022-03-17,0.011254421468446496,0.018845302567141196,0.011254470909909765,0.01866367680393158,-0.00467993171076464,-0.0035026423910931213,0.011364483645320831,0.018879530195379714
2022-03-18,0.003696412580048804,0.00783987538561971,0.0036963752165296024,0.008072751375376639,0.02075088474298737,0.0284538099378924,0.0037244771996690924,0.007990835859493384
2022-03-19,,,,,0.009317830622209266,0.1479065394859736,,
2022-03-20,,,,,-0.02234684871232307,0.07963999935511543,,
2022-03-21,0.002305333170383736,0.013511307604413467,0.002305468706983285,0.013838502676652467,-0.004117262624553244,0.014775499307862094,0.002210638463344586,0.013563400591441734
2022-03-22,0.00460239053125083,0.0057896831044982845,0.004602337243583064,0.0021419967983332807,0.03118001416322437,0.13559691142608224,0.004620487831217414,0.002238462952568869
2022-03-23,-0.010108157289357243,-0.0003235374964947542,-0.010108065580204044,-3.3441731261427924e-05,0.012610091153007832,-0.00830689572959704,-0.0101343011330802,-0.00024872424253354785
2022-03-24,0.006641127121904766,0.018989566792721034,0.006641088745636592,0.018794092940080175,0.02489864622114802,0.05196455171228385,0.006655018524218979,0.018678409425265517
2022-03-25,0.008828352810632935,0.010253689626891466,0.008828354935038205,0.010214331947839772,0.008821397620525803,-0.009921903223712683,0.008719642533419758,0.010148065708135876
2022-03-26,,,,,0.0034295830938651036,-0.01037684886250023,,
2022-03-27,,,,,0.05212631225612733,0.020363392160260584,,
2022-03-28,0.005729586692364202,0.002912603216567145,0.005729549490732132,0.0032425074733244802,0.006567887358349902,-0.014128876756994976,0.0058071793723561095,0.003684381839219522
2022-03-29,0.012912311584206792,0.011271712207604215,0.012912320160065152,0.010481525273415197,0.0071661546110000154,0.04060786194355793,0.013000666303457758,0.011149389493160982
2022-03-30,0.00044715698327266374,0.0010989683720129854,0.00044720014062728507,0.000766244773036012,-0.00849173503219056,0.006903315184913969,0.0004729158855481149,0.0006526955640624013
2022-03-31,-0.009297163331841397,-0.012181625121439816,-0.009297143505500254,-0.011440028686377819,-0.03238210822970233,-0.04750651674462921,-0.009439518485713687,-0.01158610462899299
2022-04-01,0.008473547347118218,0.009575169370563612,0.00847361008318599,0.009713562729666293,0.016315115388267704,0.0004656653583778311,0.008488235322716324,0.009865480483576322
2022-04-02,,,,,-0.008917040798352437,-0.032609431978337176,,
2022-04-03,,,,,0.01274537998923742,0.02663756765468398,,
2022-04-04,0.0033644334380660895,-0.0038404090137690496,0.0033849278395012934,-0.0037104143279061423,0.003640395949819892,0.002832045958429717,0.003418948512486644,-0.0037783394382122633
2022-04-05,-0.0049344138393293685,-0.0025225133834053436,-0.004916227551309324,-0.0021845833050826726,-0.022879072809008156,-0.049271814405402174,-0.004916961349671821,-0.0019777242648164766
2022-04-06,0.010738283108626172,0.01637909205028075,0.010776876965257767,0.01774222979314921,-0.051568493922400205,-0.13323025101747538,0.011062230025141544,0.01802857680502574
2022-04-07,0.003168606366077026,0.015493846802115482,0.0031882115311249568,0.013426810428754812,0.006876459247305192,0.12489176485608718,0.0034330155086394268,0.01368199021436253
2022-04-08,0.006852289589946896,0.005749423845293892,0.006862564736885761,0.006285194227284105,-0.02795577079433977,-0.06627180238006052,0.007149002444048318,0.00647180705486796
2022-04-09,,,,,0.011693070951357869,0.03596522282044512,,
2022-04-10,,,,,-0.013427680050824412,-0.033630394331570244,,
2022-04-11,-0.01393409045829242,-0.02727351443912593,-0.013879977350735935,-0.02608436707184808,-0.06363225953812462,-0.08482985266404261,-0.013923257531752803,-0.02608122671517611
2022-04-12,0.002769081524341887,0.003332018939006829,0.00273490433998239,0.0028414982170359834,0.01531508389286131,0.028884522420215455,0.0026548441722430856,0.002671329297565932
2022-04-13,0.006582383579192408,-0.009043268081956699,0.006556073140444556,-0.008387492370451046,0.025906300465151876,0.012559992547586591,0.006384301680935924,-0.008866397993058644
2022-04-14,0.0015953045210657813,0.006571432858149382,0.0015929779848066247,0.006680865326687118,-0.029908006531745985,-0.03759458948669487,0.0015699527329853067,0.0069764833962573615
2022-04-15,,,,,0.015473675726454434,0.007605528926588113,,
2022-04-16,,,,,-0.00318050428605676,0.022320611278539664,,
2022-04-17,,,,,-0.01750254235617567,-0.040316553455160824,,
2022-04-18,-0.0043248767512340976,0.0010516570910595294,-0.004368509849565979,0.0012810635899827472,0.027929174608607457,0.007580475757936091,-0.004299577561421052,0.0010076708718228947
2022-04-19,0.009296252522936326,-0.003704825138453966,0.009273553477969255,-0.004053782278050633,0.01657109675337855,0.02432092526700797,0.009032491570776853,-0.004364303188552825
2022-04-20,0.002962728612708713,0.0055491191107429234,0.0029171635929285634,0.005500238380491981,-0.0030930744047080816,-0.032451850546477666,0.0031146478100267487,0.005494227581992432
2022-04-21,-0.010095388659209125,-0.015707945438969993,-0.010117178661119773,-0.016018330509119466,-0.020471984048854135,-0.04336611462338143,-0.010169427240761785,-0.0156086363286745
2022-04-22,-0.01555578685515564,-0.0251515528699257,-0.015575456857429698,-0.026070432769120667,-0.01942003883371627,0.01674817926255685,-0.0157746511424162,-0.02604248905465064
2022-04-23,,,,,-0.006381172616523596,-0.026193989977738343,,
2022-04-24,,,,,-0.0004416040475622316,-0.025996671312174292,,
2022-04-25,-0.0013024606553957824,-0.00677389320646553,-0.001303045339413874,-0.0066733730072470855,0.02505785005530892,0.0020535512256195498,-0.0013005275099808487,-0.006565260310950955
2022-04-26,-0.016529237709620836,-0.010152262217739868,-0.016465667096933482,-0.009311779332235015,-0.05785826787162363,-0.07656057941018822,-0.016168828820963904,-0.00909403183326359
2022-04-27,-0.0032146094090955485,0.003149431275331513,-0.003221919616529254,0.0025816934899995665,0.029478882606909007,0.02516728547923523,-0.003164874305128565,0.0027346679454179246
2022-04-28,0.015311669978721259,0.016928566334317652,0.015328207595935612,0.01785153060916008,0.013575224570606007,0.007900297248025483,0.015346523557953377,0.017402140907798798
2022-04-29,-0.03172486482646945,-0.05442531571938468,-0.03171664521382862,-0.053820209097605695,-0.029265573899293854,-0.05075740879606278,-0.03181627413903219,-0.05378428956543088
2022-04-30,,,,,-0.023179313474195672,-0.06481252373212029,,
2022-05-01,,,,,0.019997911964443785,0.04962979179384472,,
2022-05-02,0.0025526637515908487,-0.0049443834194838445,0.0025840545147385752,-0.00426920986014883,0.0015657861708791023,0.002472241142292799,0.0026916721791074216,-0.004160914708785306
2022-05-03,0.002501247420747184,0.0054015074555434145,0.0025479320043675434,0.005885443029975787,-0.020215120218891713,-0.024466314524920842,0.002541337421052195,0.006012640898044317
2022-05-04,0.024430882479848322,0.019398673910252486,0.024430866441853157,0.01939867818756468,0.05159985662423751,0.09350638158561327,0.0244410058286952,0.019968408865686547
2022-05-05,-0.014690735340609528,-0.019537863755399044,-0.014690787450423294,-0.019537868340177636,-0.07867402068901796,-0.07057913653154868,-0.01449525202299657,-0.019222821226613975
2022-05-06,-0.005711408389919775,0.002924440732141177,-0.005711462233735749,0.0029244440287599562,-0.014606061408683924,-0.016678935174851375,-0.005297861987283901,0.0038292867727898645
2022-05-07,,,,,-0.01495435527063638,-0.028596022896528347,,
2022-05-08,,,,,-0.040636848764922684,-0.032759104469258324,,
2022-05-09,-0.013951723251630285,-0.05351645509371826,-0.013951756896661704,-0.053516431978616406,-0.11046369999353146,-0.11800622907571617,-0.014030139528828029,-0.05457249686213588
2022-05-10,-0.007575521083947068,-0.0029635211210063826,-0.00757547958216567,-0.0029635279314349817,0.023961258480509343,0.04138384508891075,-0.007663722248134807,-0.0027322287852414575
2022-05-11,0.006480742151693287,-0.0012079396147879008,0.0064807442851471326,-0.0012079379016322594,-0.06725839173272165,-0.1393475399998832,0.006400684879307179,-0.0008226452708735595
2022-05-12,0.007388901799371181,0.005463511533559161,0.0073888565752107055,0.005463513323776919,0.0038497067986085114,-0.04848543123863756,0.007065192007751594,0.005415464510665122
2022-05-13,0.009730465522349794,0.018862069088679354,0.009730554660945379,0.018862063294849032,0.008102229834508154,0.05028902544764395,0.009748582360928435,0.01938592042776557
2022-05-14,,,,,0.027939733537411415,0.025321139487530855,,
2022-05-15,,,,,0.039993257135678924,0.04470802865651832,,
2022-05-16,0.0060746125554059964,0.007914440468697942,0.006074575441767807,0.00791443682422821,-0.04606900155712879,-0.0577960965599919,0.006172244939595116,0.008562269870005629
2022-05-17,-0.003551888750448918,0.007074132203216258,-0.003552100561111984,0.007074134835517845,0.01885078523519002,0.03825859593993183,-0.004059990581808398,0.007107130190439211
2022-05-18,-0.024851847999143896,-0.031172412144620253,-0.024851986614995526,-0.03117242094679738,-0.05605711989808217,-0.08588851501380464,-0.02517682389157261,-0.031206803696822643
2022-05-19,-0.005185548119483263,-1.1390716233318144e-05,-0.005185562700724812,-1.139867875830881e-05,0.055503044282406495,0.05376250485083663,-0.005434184769668804,-9.154731555294855e-05
2022-05-20,0.003479261167752587,0.0005196256722144482,0.0034793410825406166,0.0005196294124245931,-0.036734890846488066,-0.030606495584019216,0.0033718870821190573,0.0006282491880274524
2022-05-21,,,,,0.007927413013061104,0.006983503417002535,,
2022-05-22,,,,,0.030289794482822655,0.03672401242116036,,
2022-05-23,0.016711225795312198,0.012983894105741791,0.016711284624738504,0.012983895197769242,-0.04039123144227663,-0.006704253232794638,0.016923865813811487,0.013594728400527483
2022-05-24,0.00984739835532428,0.0024164294875179196,0.009847312546176977,0.002416428816476884,0.019130468401079792,0.050429665892219616,0.009937792189978346,0.002480511511032605
2022-05-25,0.005491754736785981,0.013287131586338959,0.005491737969421729,0.01328713100765971,-0.0031435767133879437,-0.019798615071034382,0.005376606942107465,0.013278692100189591
2022-05-26,0.005447327853361877,0.009282146124938388,0.005447388172346372,0.009282143973179457,-0.012201669266781175,-0.026704473324139253,0.0055977891402777934,0.009496341918327695
2022-05-27,0.010692854793425723,0.017522886331920035,0.010692923574497052,0.01752288097349577,-0.021771381480976904,-0.021221265696014163,0.010811003354472918,0.017516643174931953
2022-05-28,,,,,0.006717048110328142,0.007851378748278279,,
2022-05-29,,,,,0.017773967377327688,-0.009205508854367073,,
2022-05-30,,,,,0.0717058148003706,0.034183344412602415,,
2022-05-31,-0.009204119526233321,-0.01587778411455092,-0.009204100866528486,-0.015877784585672176,0.0032870886877853366,0.011193991785470625,-0.009265526436031518,-0.01594475057295667
2022-06-01,-0.0046154808713301035,-0.0001589629934972814,-0.004615498134578527,-0.00015896908799651168,-0.05550817193378533,-0.008516339710220084,-0.0046389240949104545,0.00043221298695146545
2022-06-02,0.006377063079048192,0.0070376217831596075,0.006377124279496049,0.007037624158298318,0.02063889666525242,0.008924915904946148,0.006407789023858032,0.006722309750330661
2022-06-03,-0.005166435497226887,0.002828343607084072,-0.005102354517161249,0.0028283412246163974,-0.026567291501681863,-0.03651199348035529,-0.005269355101273708,0.003136645670647733
2022-06-04,,,,,0.002482520112363356,-0.009575553603478225,,
2022-06-05,,,,,0.0038921296740146525,0.013177089958018567,,
2022-06-06,-0.004286186209334046,-0.0031897059887217327,-0.004743108787223861,-0.0031897062817110963,0.04291328056077978,0.0034263556344138295,-0.004524031053698017,-0.003208919694767891
2022-06-07,0.007494642555582822,0.01448583349381318,0.007782734790132199,0.014485830044794467,-0.005449635542039245,0.0037697449969034,0.007676924064053346,0.014669013095311548
2022-06-08,-0.009748417374694087,-0.007122759054044633,-0.009457857702779252,-0.007122757543276366,-0.028425804501068297,-0.016777864091887907,-0.009554498288183916,-0.007204371235526829
2022-06-09,-0.02250666509138131,-0.024797318692627354,-0.022718570006124744,-0.024797320024612764,-0.002380614243507067,0.004204042995810298,-0.022774937298154996,-0.024877753197223972
2022-06-10,-0.00934196820141571,-0.013054925556320107,-0.009544808228141738,-0.01305492705564404,-0.03294486771563217,-0.025093907437285626,-0.009425455748291027,-0.012952844010495825
2022-06-11,,,,,-0.026597399781997925,-0.03796357082751874,,
2022-06-12,,,,,-0.048044326200225765,0.006267465900107158,,
2022-06-13,-0.033454325918912786,-0.04268244493373822,-0.032410349263032226,-0.04268244509796611,-0.16047739796086746,-0.1652512386031416,-0.03272870235400181,-0.04347360875244394
2022-06-14,-0.013795144352020373,-0.008429013858926518,-0.013683845921469744,-0.008429010095013232,-0.02747487107598673,-0.1255290935154463,-0.013844571594820347,-0.008144151411738682
2022-06-15,0.002948162285512778,-0.004622738196313738,0.0028526914277130283,-0.004622740089989784,0.031292117482767785,0.12811457007507188,0.0024326815959991375,-0.005368332256571941
2022-06-16,-0.008751326895946626,-0.02376873183605354,-0.008138111961622653,-0.02376872982220848,-0.09229538346610107,-0.061064917002143164,-0.00832279270168166,-0.025671764551178977
2022-06-17,-0.003870336765067522,-0.022192642320551067,-0.004092395438891142,-0.022192636159758545,0.005582880599942058,0.013267871448294447,-0.004893128421085874,-0.023556801040168395
2022-06-18,,,,,-0.05927268847490469,0.017520138991894498,,
2022-06-19,,,,,0.07128141057460459,0.009388895965017062,,
2022-06-20,,,,,0.0012124864337716727,-0.0055776674732928855,,
2022-06-21,0.02238145064081383,0.03593412900584041,0.022334496291043355,0.035934128068816455,0.012689561521908832,0.060406880992289545,0.022103224859917427,0.036021576194011
2022-06-22,0.0030901864418434372,-0.005465483351275097,0.0033238140962070116,-0.005465480391245693,-0.03382315519827576,-0.02653983468457457,0.002914022939093576,-0.0076917626895459165
2022-06-23,0.013574649106241999,-0.0006144766579508521,0.013064712626404271,-0.0006144726500105104,0.048991985809164806,0.00985353309190984,0.013155531180038083,-0.002052289863155995
2022-06-24,0.013805902208987201,0.019455805845557984,0.014160949566100126,0.019455803360429062,0.010478885555846544,0.0337897082016812,0.014163195139202644,0.019486425749545226
2022-06-25,,,,,0.007066296840556194,-0.014976910332770252,,
2022-06-26,,,,,-0.017406689155232736,0.0007701480956911683,,
2022-06-27,-0.003074303963330029,0.011853387735142612,-0.00291916092297779,0.01185338701716786,-0.004382900934204211,0.03244874600312862,-0.0024890709993544767,0.012297443962104292
2022-06-28,-0.008702984548772436,0.0020373562336793347,-0.008727124985497447,0.002037357012612456,-0.02059934738111242,-0.015416255334360359,-0.008214969310926037,0.0031668034222683376
2022-06-29,0.000516162346018879,-0.007214898154006445,0.0005550968143020931,-0.007214897227610224,-0.0106727254895512,-0.01829249718225481,0.0003523004457983848,-0.00833692113037133
2022-06-30,-0.007437135806536125,-0.006868659446696348,-0.007502594832736863,-0.006868658532857559,-0.012864133304699486,-0.0011568339800731842,-0.007077271444760466,-0.006899131967559968
2022-07-01,0.015564853321485274,0.01091515448272489,0.015833670968593026,0.010915155473082852,-0.02011129254248726,0.0029186762025199303,0.016043343127579695,0.011321817547628009
2022-07-02,,,,,-0.0016803570691753165,-0.0027408509429554875,,
2022-07-03,,,,,0.00694867395538054,0.02285158485610706,,
2022-07-04,,,,,0.041557671279904965,0.01497448992215852,,
2022-07-05,-0.003961725466999385,-0.020110419589185517,-0.003837268084608441,-0.02011041075456357,0.0012971745910533266,0.014218133416779894,-0.00453356487590692,-0.021526076414864856
2022-07-06,0.001484069371380701,-0.0037269938371469477,0.001484065592364977,-0.0037269944729055866,0.0122750064547502,-0.00891580802644505,0.001530111091287432,-0.003689323405543855
2022-07-07,0.0026034031241227995,0.003745279511754658,0.0026033965633061183,0.003745279659067514,0.04535665939714575,0.01565420115157374,0.0025530109719667238,0.003587456456078882
2022-07-08,-0.002888215568592439,0.0005973203815257522,-0.0028882290633493297,0.0005973205880361773,0.004565230261577403,0.005506639248160405,-0.002904447013347302,0.0006477685913750081
2022-07-09,,,,,-0.002673827067955268,0.011749922495481355,,
2022-07-10,,,,,-0.033359746705480725,-0.031303255677289255,,
2022-07-11,-0.0001409086624773571,6.075926034372582e-05,-0.0001408952235961644,6.0758531607209056e-05,-0.04279029024597293,-0.0432983270860596,-5.8214298668721904e-05,0.0001663267699259524
2022-07-12,-0.005739445919109753,-0.008802336037118132,-0.005739456412977108,-0.008802336082746704,-0.02597761808384385,-0.0011434093422714696,-0.005715766769042257,-0.008668890139048983
2022-07-13,-0.0013484906933934162,-0.0023520159730371086,-0.0013485114563639021,-0.002352016221143261,0.04161119896242723,0.024735456794090577,-0.0013491430988685183,-0.0023996962915153208
2022-07-14,-0.0045305919605424065,-0.002775737191231981,-0.004530602096361328,-0.002775737503193185,0.016052937479842766,0.009646287784761893,-0.004583910415179947,-0.00268140119253407
2022-07-15,0.010754833263127175,0.016520573794439154,0.0107548376781708,0.016520574007746695,0.010876037529845665,0.0028258556827358786,0.010719615010438933,0.016490964031352362
2022-07-16,,,,,0.01908694229897354,0.02722492942493433,,
2022-07-17,,,,,-0.019792356854565374,-0.021336190558892493,,
2022-07-18,-0.012101622640446844,-0.012777767315597795,-0.012101645113495159,-0.012777766731820652,0.07030526180346258,0.02448568763032626,-0.01217626958983171,-0.012951590365738824
2022-07-19,0.013830807035722868,0.010954959841891352,0.013830827477404443,0.010954960361518974,0.032144156587411765,0.0009264959728163773,0.013752890222100496,0.010750278580243898
2022-07-20,-0.006256224683869418,-0.008861192155836983,-0.006256251301736373,-0.008861191183434017,-0.009916638633061385,-0.022229544954451983,-0.006398505944047568,-0.008982509530683148
2022-07-21,0.004061092586299471,-0.0034836710400296183,0.004061083857052809,-0.0034836713329328937,-0.001001910073745765,0.006315993647637817,0.004048480796860002,-0.0034032298378470537
2022-07-22,-0.00040648190949869563,0.002451741221012514,-0.00040647103354759595,0.002451741263719505,-0.01837898706194177,-0.014375485976497793,-0.0003538511820645035,0.0025644709986678248
2022-07-23,,,,,-0.009023070509124233,-0.0014168035950877875,,
2022-07-24,,,,,0.005039044460478593,-0.00022398808957520746,,
2022-07-25,-0.003442954404078193,0.017767551433850004,-0.003442925989748773,0.01776755190657099,-0.05318713701897623,-0.04614309156342895,-0.003534934500179659,0.01761067412452992
2022-07-26,-0.004614109885152049,0.0008140173082091078,-0.004613968636448228,0.000814017077736979,0.0006630077561739335,0.023240140888373336,-0.00444265455663927,0.0009612116412303025
2022-07-27,0.00582020340147164,0.0026781442265555915,0.0058200986857727755,0.0026781444596985877,0.0732879516321015,0.05090373027344789,0.005691759263161896,0.0026144809749483384
2022-07-28,0.007131712244052329,0.002253249012728889,0.007131705158274772,0.0022532495074397913,0.03456097153804073,0.01588878544627536,0.007151508251707538,0.0023138978005131892
2022-07-29,0.0024549588213496412,-0.003247232352848038,0.0024549392715440235,-0.003247231947998786,-0.002754325150974383,-0.006680486349147195,0.002354678761315482,-0.003627964894690689
2022-07-30,,,,,-0.005329741972640141,-0.002121517694833964,,
2022-07-31,,,,,-0.011163676865889725,-0.0028924973298035833,,
2022-08-01,-0.004834035847528024,-0.014329497182097554,-0.004834050241524899,-0.014329497633414612,0.002414833937523312,0.014417661538122354,-0.004816308375909733,-0.01432834510374258
2022-08-02,-0.005320223315408,-0.003966782065280089,-0.0053202446233065635,-0.003966781772904822,-0.016164617450097965,-0.022362928308254596,-0.005306254013609372,-0.003961920458457585
2022-08-03,0.013571308400936937,-0.0037523091745219755,0.013571303501525796,-0.0037523092707696846,-0.006231043769472209,-0.008014934069561235,0.013595371546490506,-0.003473835623771677
2022-08-04,-0.007960174256858443,-0.01562674291565635,-0.007960177849836714,-0.01562672493083205,-0.003726805435420554,0.01649838185355955,-0.007998985072631758,-0.01613724845144593
2022-08-05,-0.0041312540528169435,0.002688528071464379,-0.004131237115887696,0.0026885208695683034,0.02551018198424792,0.012822057626368157,-0.004127811730684997,0.002899628745194441
2022-08-06,,,,,-0.012107180797690135,-0.005098293284917665,,
2022-08-07,,,,,0.007799524226132896,0.002317474610091805,,
2022-08-08,0.004431107360695165,0.007430763778061121,0.004431123403634473,0.007430766118422576,0.022829042201559808,0.006850215755796004,0.004603284043370742,0.007625159402826969
2022-08-09,0.0020848711626490863,0.014421458451906942,0.002084858075067821,0.014421457072864236,-0.02626899452002669,-0.023334737866770615,0.0023377333189200473,0.014401603307217604
2022-08-10,0.011385856613787066,0.0031550757442706393,0.011385862568327042,0.0031550728934551645,0.03231319839505241,0.026988305763879505,0.011310550131594297,0.0032041036203808095
2022-08-11,-0.0010966122327736544,0.011973908435395517,-0.0010966229570335858,0.011973890524846193,0.00035014895164039533,0.00012798699448726922,-0.0011605511198150916,0.0123049104797588
2022-08-12,0.014539405474104566,0.006440448049266816,0.014539407741184725,0.0064404592412199615,0.014871192809973155,0.0017062042548748532,0.01430591537800427,0.0063344765097987366
2022-08-13,,,,,-0.0010297912392804487,-0.007764251531841991,,
2022-08-14,,,,,-0.001782607605937901,0.007095445962613091,,
2022-08-15,0.01095045396874943,-0.0062316992551890655,0.010950459316420726,-0.00623169022403265,-0.01042528183866147,-0.02079548071484941,0.01121147592196398,-0.006411707043152666
2022-08-16,0.012801619542448267,0.0010598045263298889,0.012801608463147967,0.0010598084690645298,-0.005706370906567601,0.011314861723397547,0.012304006074234444,0.00090140375901537
2022-08-17,-0.0061701521761459086,-0.0014609335795820763,-0.006170130686852057,-0.001460933925920169,-0.02259781776770293,-0.02147283946144567,-0.0059642842252808055,-0.0015432880520250794
2022-08-18,-0.00239872283024038,0.010176859022304752,-0.0023987193674696425,0.010176851861427333,-0.006623078551653536,-0.011375135031468794,-0.0023771804786417708,0.010234446567510457
2022-08-19,-0.004710568729133452,0.01989319477204092,-0.004710538826783999,0.019893191831235234,-0.08942592128770849,-0.04983470035393124,-0.004379619465809023,0.020160703989193902
2022-08-20,,,,,0.016640474426526792,0.026637786102449115,,
2022-08-21,,,,,0.014210826339558015,0.0029487941744384357,,
2022-08-22,-0.01381244800015502,-0.014560224885597278,-0.013812461720056485,-0.014560226096727033,-0.006307999533761143,-0.00641073123934632,-0.013720981148214248,-0.014577934643627794
2022-08-23,-0.0047787683436900765,0.012986488924907155,-0.004778795996441796,0.012986464532501981,0.007051411530230065,0.010646739052612644,-0.004776989025469001,0.013272518786785875
2022-08-24,0.0003683677105856693,0.0020421452366614816,0.00036836246561370336,0.002042140856306551,-0.009540592676149741,-0.021204997459799327,0.00035157778994430766,0.0020388358842520185
2022-08-25,0.006050693240338035,0.004451129704660083,0.006050697679574513,0.0044511290155266475,0.009708956271320075,0.010007327310188037,0.005907220170314146,0.0044759262428374184
2022-08-26,-0.018700598001631773,-0.013797032123957116,-0.018700564120169193,-0.013797033426963852,-0.061351479609688286,-0.058837938333828554,-0.018826545694773645,-0.013852395340857583
2022-08-27,,,,,-0.0038236426231931533,0.02030883869960727,,
2022-08-28,,,,,-0.021541076690703966,-0.02271858540835175,,
2022-08-29,-0.003861923973367613,0.005603641417039209,-0.003861953461931288,0.0056036293499969764,0.033834736972490606,0.030746144050941233,-0.0037425000477160275,0.005567440246236326
2022-08-30,-0.008308260225698055,-0.017278557375136235,-0.00830824322770102,-0.017278549676170565,-0.014458851997765842,0.021069783537932908,-0.008151415639438922,-0.01730251712811449
2022-08-31,-0.0026303637909127504,-0.010132377279307379,-0.002630373714934753,-0.01013237727853141,0.005465260694248748,-0.019923992468344566,-0.0025429103738591665,-0.010199355263464492
2022-09-01,0.011512902216967142,0.007619846938298534,0.011512926873719236,0.0076198662893055226,0.002442627805669308,-0.0024760459126030032,0.01179913770440565,0.007390389407108238
2022-09-02,-0.009257574174504776,-0.0032160311036636916,-0.009257576411462545,-0.0032160300359086657,-0.008393109257703295,-0.010387346569569989,-0.009209045187980418,-0.0030668374720911953
2022-09-03,,,,,-0.0034988411772018235,0.00829166215336347,,
2022-09-04,,,,,0.00749886528272195,0.006464717582825461,,
2022-09-05,,,,,-0.008761334104678806,-0.008894834443921706,,
2022-09-06,-0.002401523697723646,-0.0038294094088072547,-0.002401547569319729,-0.003829408794945028,-0.04597452926060871,-0.034786773506253726,-0.0024116358999384715,-0.003953634351061836
2022-09-07,0.016429378724797765,0.0018265631770953527,0.016429386346333917,0.0018265590232419237,0.02253476791916321,0.017345513711815426,0.016427413978411395,0.0016431918048317145
2022-09-08,0.0026247390488195257,0.0029501654033083583,0.002624712561357422,0.002950165156409804,-0.0005475382619793556,-0.009560146485464313,0.0026068234561701835,0.0029085251859875053
2022-09-09,0.009405561874673332,0.011786760695861608,0.009405564143474167,0.01178676014029977,0.09038291424318184,0.03573523740846649,0.009379995165561717,0.011888276872306383
2022-09-10,,,,,0.01528946690358484,0.019758443555117154,,
2022-09-11,,,,,0.00120265010428637,-0.008829541393357376,,
2022-09-12,0.008632326560136485,0.010221485934908993,0.008632313792272708,0.01022149562089442,0.020481998552300276,-0.0042903199409329825,0.008606878785723792,0.010289884593748987
2022-09-13,-0.030019955364559786,-0.023647570334811647,-0.030019992038326997,-0.02364756639177643,-0.08152584110620004,-0.04272751511817783,-0.030012293154623153,-0.023617698734314553
2022-09-14,0.006135716500136601,0.018202454696134258,0.006135756304126005,0.01820245322311024,-0.0002535904606314499,0.008380256669178767,0.006211071072853772,0.01831049374526399
2022-09-15,-0.010206221505454312,-0.009105587817753575,-0.010206249882576157,-0.00910558673165934,-0.021996758497898512,-0.005762263502000551,-0.010187357932487031,-0.009254668662390551
2022-09-16,0.0007473358203784373,-0.003276518910663141,0.0007473571079527792,-0.003276522535436714,0.0029550675459031153,0.0006367045549157172,0.0007408263072358227,-0.0034130223813834465
2022-09-17,,,,,0.017572807374151234,0.016250098918455184,,
2022-09-18,,,,,-0.03238173954479453,-0.022668900596807515,,
2022-09-19,0.0034821472577317492,0.0007547349198209186,0.003482152959201029,0.0007547338511452221,0.0029952495099425133,-0.00888694316851722,0.003472850985913274,0.0007716907102064019
2022-09-20,-0.013348204974171989,-0.007824183925392404,-0.013348193542547066,-0.007824181744548462,-0.02812946800122233,-0.009728975325037735,-0.013253585419553083,-0.007804120477477725
2022-09-21,-0.012884507241283642,-0.013833187842158501,-0.012884518704564193,-0.013833188576767687,-0.016186293235424507,-0.009272323901975516,-0.01277332643235148,-0.013859935424293708
2022-09-22,0.0033330845748278833,0.0030768936090427557,0.003333091055583717,0.003076893541318885,0.04028384796322249,0.018008632976894496,0.0033097047025535714,0.002972681652977197
2022-09-23,-0.01682399596542047,-0.02759951938700011,-0.01682403001191896,-0.027599520575576904,-0.002152365203576709,0.009999796840097552,-0.01693647990346904,-0.027917070156518002
2022-09-24,,,,,-0.015504575222027969,-0.006731812387183798,,
2022-09-25,,,,,-0.0052506450591847924,-0.013922913810476617,,
2022-09-26,-0.010560204139221327,-0.017779195805349063,-0.010560220717759349,-0.017779199841938625,0.012377215789630865,0.0041582596382170375,-0.010550912839121261,-0.017788013019565257
2022-09-27,-0.005733559004624305,-0.000712588561706837,-0.005733610952563204,-0.0007125817394233989,-0.004878876215322331,-0.010526778122594399,-0.005769908677210318,-0.0006427397274097402
2022-09-28,0.022418642062130366,0.028060471258506917,0.022418655341772405,0.028060470941277102,0.011508020128125117,-0.016841291317696964,0.02237878163984945,0.02821799636714409
2022-09-29,-0.01608315515907496,-0.013154544590683393,-0.01608316528109356,-0.013154542070412027,0.014273674529589152,0.004981862392405176,-0.016037699654043655,-0.012991078117880545
2022-09-30,-0.01676555661139334,-0.029443092781093305,-0.016765539082365746,-0.02944309871599883,-0.004724944397324321,-0.002951363882658823,-0.016809781781542705,-0.029258847307150167
2022-10-01,,,,,-0.0071732434626997675,-0.006454573158777065,,
2022-10-02,,,,,-0.006748161706380689,-0.022395315271052665,,
2022-10-03,0.026768804460282458,0.038049470528910355,0.02676879548676644,0.03804947156466391,0.022391791990486923,0.019875575361258512,0.02674483990429458,0.03818472175011108
2022-10-04,0.020365521166874068,0.029577214487933,0.020365542232501664,0.029577212776983792,0.028570824910194505,0.017330183060149787,0.020382087126587328,0.029621783183435287
2022-10-05,-0.0039769100580724455,0.0095411159897025,-0.0039769335615437995,0.00954113552856784,-0.004592320328480972,-0.011163940853987867,-0.0040422579165879284,0.009570009668796505
2022-10-06,-0.008315024579409363,-0.002435034491735914,-0.008315046755274344,-0.0024350332346932406,-0.004186780854906782,0.006745464888963103,-0.00817656251942824,-0.0021956527353963876
2022-10-07,-0.013138882848472592,-0.011157424554494737,-0.01313889734336606,-0.011157422954184353,-0.013952732411697989,-0.01192588131003947,-0.01316069381110566,-0.01115005596943475
2022-10-08,,,,,-0.00668368788628055,-0.019067830132506902,,
2022-10-09,,,,,0.0033697178894775844,0.0005099378453117293,,
2022-10-10,0.002209408162176555,-0.016806419416823946,0.002209403861205211,-0.01680641899332487,-0.00808090133479999,-0.10205848229109571,0.001961619459796218,-0.016971130949831482
2022-10-11,0.015492736939125357,0.0074947409635766115,0.01549272588931145,0.0074947437204721315,-0.010184556447874969,-0.020476771027723176,0.015143318102904296,0.007328933790182674
2022-10-12,-0.004027870702760516,-0.0039913691053913725,-0.004027906368945567,-0.0039913705069625546,0.004418194934688336,0.0037441434700016276,-0.0039983305001160315,-0.0038943559601627166
2022-10-13,0.018791970353359964,0.03780517491802997,0.018791952036829637,0.03780516696008448,0.0026507523562184373,-0.034230440417682424,0.018729185094205052,0.03787426821314825
2022-10-14,-0.01156582683532614,-0.010653319074162854,-0.011565840485513361,-0.01065331246458892,0.011408567786902305,0.006974740512235568,-0.011671672930449956,-0.010773960457266694
2022-10-15,,,,,-0.01611571960469194,-0.016660345728548916,,
2022-10-16,,,,,0.006460450996744905,0.015459436316509489,,
2022-10-17,0.012214680480574398,0.00997491945517734,0.012214704344919971,0.009974920620267756,0.014214816204962864,0.031285805671106955,0.012217827459363837,0.009968919973027878
2022-10-18,0.01053905705987332,0.004725873731845348,0.010539060695860088,0.0047258675584609154,-0.010079429772083917,-0.018451990594859143,0.010729328448832945,0.004754310229290067
2022-10-19,-0.007938060604731699,0.0022557804670108265,-0.007938089874620188,0.002255782120988987,-0.008875875469637192,-0.045227685308007484,-0.007791333426319745,0.0024052980984795836
2022-10-20,-0.002871232116570863,0.0004784559477967002,-0.0028712367499629287,0.0004784519634737866,-0.00031670552827646416,-0.030131002764380303,-0.0028756523756975783,0.0005115525620404041
2022-10-21,0.020002949764582934,0.028711947377789215,0.02000294593615096,0.028711937950325762,0.0009263363605738033,0.01698762208838734,0.0198676051379806,0.028716029134251007
2022-10-22,,,,,0.0011236765490972892,0.05401079859508373,,
2022-10-23,,,,,0.013719750567431896,0.007369990463987686,,
2022-10-24,0.017946704459861545,0.013003660619997576,0.017946696902628012,0.013003670392865858,-0.010312271761706683,-0.03186247028200074,0.017797670245716202,0.01286700932104598
2022-10-25,0.008646781904406832,-0.00013170074027606983,0.008646798637406148,-0.00013171237206781672,0.031496167468860775,0.09178607503555881,0.008817110976645006,-6.708242471726135e-05
2022-10-26,0.012025523757495965,0.015984686159159246,0.012025529690461341,0.01598468780727124,0.02778954746271748,0.030491111371853362,0.011817432970280138,0.015975549616597674
2022-10-27,0.0016302134253993125,0.0022384392955139883,0.0016302117765849898,0.0022384433458913534,-0.017900077328170724,-0.027118506618596175,0.0016382151353175605,0.002198258168934555
2022-10-28,0.02328198532084564,-0.017150522224843204,0.023282059520388195,-0.017150519545419046,0.013244614232713635,0.02831226633160423,0.02301944412912661,-0.016938307970066364
2022-10-29,,,,,0.010461065309104314,0.01421138603880979,,
2022-10-30,,,,,-0.011294460026254002,-0.051687954963192236,,
2022-10-31,-0.007295870900654782,-0.002318904622033706,-0.007295854069872393,-0.0023189060911633884,-0.003588919988113449,-0.010367958739022966,-0.0073709664710464905,-0.0022445890521601577
2022-11-01,-3.075418131300828e-05,0.006732427088332734,-3.074265185722412e-05,0.006732425202941486,-0.0029529194441707536,-0.009403623757315408,-6.462214119090892e-05,0.006772106427536474
2022-11-02,-0.01117728177594261,-0.017639173046754417,-0.011232085399292251,-0.017639172417260686,-0.01726494784409209,-0.046426443079214084,-0.011064372274718574,-0.01757711080588773
2022-11-03,-0.0048532063171304474,0.002012308173270653,-0.004946446835135029,0.0020123061984565808,0.00290661585245986,0.04639275621103355,-0.004896907511021976,0.0019033328143403029
2022-11-04,0.014589030917917235,0.010880772610938718,0.014324999669381938,0.01088077236647998,0.041480678575175574,0.07440238210982235,0.01408263728473685,0.010866938198181988
2022-11-05,,,,,0.003404185278469857,0.026803739625887994,,
2022-11-06,,,,,-0.0155429289646566,-0.061264345986149944,,
2022-11-07,0.013667227346541706,0.02228622671719411,0.013799325307120892,0.022286227705966406,-0.012806799198919173,0.008036656813394267,0.013900271627645134,0.022325039493659056
2022-11-08,0.01052499796254133,0.020543500049667224,0.01101019565912123,0.020543501743375776,-0.08543751114782966,-0.1276219488749902,0.011015532644734264,0.02075422790901875
2022-11-09,-0.012653240987625044,-0.02553372838426834,-0.01184560437468024,-0.025533725231704094,-0.12518179368444404,-0.16049494344988402,-0.011772813863371374,-0.025265491841500724
2022-11-10,0.022680152099684516,0.012840575071622288,0.021874892579477875,0.01284057495009381,0.09761629875077611,0.196971911696335,0.021569150545015056,0.012762122486847015
2022-11-11,-0.00510703977564822,0.0059345938205888835,-0.004826197644447455,0.005934590638038763,-0.03165058108759361,-0.022368374082366155,-0.005018782832598652,0.005662768171257872
2022-11-12,,,,,-0.014701996634851968,-0.04639075699459463,,
2022-11-13,,,,,-0.04241051159499432,-0.02517110538213355,,
2022-11-14,-0.002135715418606804,0.002273512014025609,-0.0023731028598168577,0.0022735121623176984,0.0056394160046943495,0.021568766870459617,-0.002167897798805331,0.002312695999203393
2022-11-15,0.006991719060867757,0.0030152380585040097,0.006878637632165608,0.003015237781470435,0.014381980855129905,0.008133317591649602,0.006732148826730724,0.002958956374026547
2022-11-16,-0.0006605084652812802,-0.005530477492310731,-0.0006365751192349929,-0.005530476890936149,-0.011533911015497235,-0.030023623396823088,-0.0005622134801604906,-0.0054192514611927185
2022-11-17,0.004476684603063787,0.005521252961747023,0.004530519004235206,0.005521253390179761,-0.0003617661111308618,-0.01416742429018658,0.0046572818472246265,0.005572106364907834
2022-11-18,0.008357416317645618,0.0010810868760817022,0.008402987106257155,0.0010810887882602952,0.004564697869686773,-0.00496217497622897,0.008409872254540658,0.001149244034236898
2022-11-19,,,,,0.01045361959370829,-0.0022918204568016403,,
2022-11-20,,,,,-0.03036298575582638,-0.06828497812593295,,
2022-11-21,0.0035982024117531338,-0.0007075496212998621,0.003789911198892611,-0.0007075479716286772,-0.011380751781815957,-0.008340457176574402,0.0037973981551109445,-0.0005956481340817549
2022-11-22,0.009210463948195092,0.014681094508979226,0.009101465867183512,0.014681092734050428,0.00846699875102037,0.02254250902148948,0.00907204193158814,0.014522457681629242
2022-11-23,-0.0009655434427116232,-0.009051292503188653,-0.0011301486219978604,-0.009051292862296638,0.024313265809994856,0.10426339725678725,-0.0011489794187014772,-0.009038651597085253
2022-11-24,,,,,0.00908284599940339,-0.007122601754297981,,
2022-11-25,0.000758677681026977,-0.0007289423724164556,0.0007645536257984862,-0.0007289420819808385,-0.0023658225458654722,-0.006097788843771758,0.0007950578178884957,-0.0006869522602067871
2022-11-26,,,,,-0.003345822124372853,-0.010662635021684425,,
2022-11-27,,,,,0.00286158094222967,-0.0025026601020584605,,
2022-11-28,-0.009818578374299586,-0.014781932270810986,-0.009814730476489763,-0.014781930188388116,-0.009661084666304474,-0.024878204316564522,-0.009617952692637686,-0.014649086946786434
2022-11-29,0.0029347259133977563,0.003126429151502086,0.0029731465025725316,0.003126428527853123,0.010392045870312908,0.009850656054265508,0.0028514497128340676,0.0030618727454748158
2022-11-30,0.01713702095379331,0.013948701604292324,0.01721382526897219,0.013948702498348616,0.035892972052521975,0.03944387135074525,0.01718971428549973,0.014000149393841
2022-12-01,0.0019471506204810293,-0.0022748935590806594,0.002077153847855015,-0.0022748930374324144,-0.010432289963060644,-0.027637935886688857,0.002003746820118179,-0.0022414245634632952
2022-12-02,0.002869584754531386,-0.0006978737128258465,0.0028696838833073106,-0.0006978738005552151,0.006229253291517967,0.006479436125589766,0.0028244011245475162,-0.0007677280224451068
2022-12-03,,,,,-0.012159311844158471,-0.031515329056052824,,
2022-12-04,,,,,0.004187872474789887,0.014542010566793719,,
2022-12-05,-0.008131218772323704,-0.00781327453522387,-0.008131296247290549,-0.007813274448843211,-0.004415130310304277,-0.003643265189060997,-0.008167629350843692,-0.007976747858946021
2022-12-06,-0.010952244336011118,-0.013189810893611858,-0.010952456715292531,-0.013189810887703551,0.0067313037973809895,0.005735792131690959,-0.010905212350258806,-0.013335208222864499
2022-12-07,0.0032688988953677592,0.006234946465752079,0.0032690182653043664,0.0062349465208105075,-0.012527518368612855,-0.04324358018132725,0.003297308895597777,0.006167603165134206
2022-12-08,0.004295538648143958,0.002132835920363967,0.004295506037145204,0.0021328359909502364,0.02419676793449426,0.024848901391609137,0.004307252145577342,0.0021679206324339284
2022-12-09,-0.016469497292178333,-0.0179341807810781,-0.016469553111693527,-0.0179341807969048,-0.00215215057776804,-0.0013950850387053424,-0.016480979062615767,-0.017876223656964375
2022-12-10,,,,,0.0008976901800506347,-0.0004741128789141935,,
2022-12-11,,,,,-0.007235768634448079,-0.011616441250740695,,
2022-12-12,0.006093096591564371,0.006033095022338053,0.00609307798274066,0.006033094767719553,2.2111378977067615e-05,-0.01952656551962261,0.006138726019243294,0.0061862865656916784
2022-12-13,0.003817391862549476,0.004480451232511066,0.0038173387241636817,0.004480451558592585,0.026693341633567354,0.03818825014103513,0.0038382235781590523,0.004525649863431689
2022-12-14,0.00015172175758871787,0.002612435148906462,0.00015162749660246135,0.0026124354141829013,0.010594205610857256,-0.02416185772806757,0.00012788421552724816,0.002514419381802776
2022-12-15,-0.015557670901745375,-0.0150302490484891,-0.015557657481874501,-0.015030249178523936,-0.01391250503474777,-0.0343648259891033,-0.015468613656042622,-0.014979328693588095
2022-12-16,-0.005757698284910354,-0.0026121464816418203,-0.005757586265211406,-0.002612146266554414,-0.0451716947550064,-0.12209162228254594,-0.005831029462610693,-0.002671131467834014
2022-12-17,,,,,0.020287046126061165,0.016665018036335254,,
2022-12-18,,,,,-0.009538067307461592,-0.013907374087478455,,
2022-12-19,-0.0013166610299149728,-3.0172769525721108e-05,-0.0013165733696590012,-3.0172803716936613e-05,-0.012265072767343937,-0.05038847474358712,-0.0012589187569681107,-7.822763280113045e-06
2022-12-20,0.0011939799856840714,0.0016077651978641367,0.001193996794289844,0.001607765331676378,0.027064321867105445,0.05188837019268691,0.0012172254104533306,0.0016781283891098885
2022-12-21,0.011542244074284207,0.011478067579387408,0.011542159355029044,0.011478067554499696,-0.00410473131953772,0.04211147726598007,0.011549747344950116,0.011519616847740118
2022-12-22,-0.004844109246981403,-0.006595554209371849,-0.0048440504627987055,-0.0065955541354024184,0.005788505006962676,-0.007907032466754477,-0.004891281156663048,-0.0067375899291131445
2022-12-23,0.004686262111718475,0.008387841074827334,0.004686206170154718,0.008387841013425601,-0.011007200700126238,-0.005822311241030499,0.004775030420119941,0.0085708328556445
2022-12-24,,,,,0.005645650854236779,0.003924943583662575,,
2022-12-25,,,,,0.0003466736941713026,-0.01635645804618807,,
2022-12-26,,,,,0.0007126603035455285,0.004246180940797685,,
2022-12-27,0.0012203163296046638,0.003447702421818916,0.0012203346762713501,0.003447702461300252,-0.01039612340301709,-0.025345429379162742,0.0012536218392478753,0.0035099347248256393
2022-12-28,-0.010242184725858276,-0.012220505360802334,-0.010242175525113478,-0.012220505281207567,-0.005453374220316105,-0.046101650398290416,-0.010267035704123339,-0.012312062183736684
2022-12-29,0.006436808381106068,0.002428761959833798,0.006436759185548328,0.0024287618870319745,0.00216296418865981,0.04099513472890966,0.006421170161275683,0.0024587947149075943
2022-12-30,0.00010345298074889893,0.0024604265127921333,0.00010347144178323854,0.00246042656067388,0.001374925824930977,-0.012325463812564798,8.769162707027975e-05,0.0025281682861748415
2022-12-31,,,,,-0.0009754139005079874,0.009889568115576414,,
2023-01-01,,,,,0.005180370668420301,0.004943423735810816,,
2023-01-02,,,,,0.004783390759753867,0.021612916450348952,,
2023-01-03,-0.00030288400286296974,-0.008451694056306995,-0.0003026961293706811,-0.00845169396002122,-0.002743525376980236,-0.01359992812331533,-0.0003859974669494112,-0.00866275945282997
2023-01-04,0.008671323562818408,0.0066638280694061676,0.008737816689714557,0.0066638267952318616,0.005657994656563304,0.20719556337595044,0.008570428854082436,0.006597892318233963
2023-01-05,0.0018827635920458923,0.015929870647198845,0.0019318437228271965,0.015929871911441913,-0.009052974458564922,-0.0506232196475853,0.002135100248771945,0.016006932404947546
2023-01-06,0.01483264061560855,0.012769885093226675,0.014936302617050895,0.012769883965449702,-0.005041889553226205,0.12214984105590092,0.015112449380303155,0.012819669778059567
2023-01-07,,,,,-0.0036544893134180857,-0.019883416365192075,,
2023-01-08,,,,,0.019041848040001846,0.014308122750075243,,
2023-01-09,-0.01680182377681323,-0.029952514126540097,-0.01686779919789382,-0.02995251126886596,0.009868472743453434,-0.008355099863224604,-0.017107543526844016,-0.029667203219701562
2023-01-10,0.002180847830942111,0.006155613259737027,0.0021698203696321446,0.006155611639775911,0.009672523807345582,0.004772475647558224,0.0022305255929536967,0.0062216259560366645
2023-01-11,0.002826012673991055,0.003772219086248869,0.00273904436103655,0.003772219607845009,0.029294431670246795,0.013503899719821624,0.0026188316305767166,0.0038304302464838096
2023-01-12,-0.0024210997533922075,0.009901005632480173,-0.0024663873880731144,0.009901010065345908,0.03505025307789531,0.01935201069791994,-0.002402694437480776,0.010046226965912584
2023-01-13,0.0026056970263054918,0.002219733158351583,0.0024642577608387922,0.0022197319372736285,0.05331183923941922,0.033113460193509046,0.0025221129614967815,0.0021484141447876207
2023-01-14,,,,,0.04421763134151273,0.04267744552268504,,
2023-01-15,,,,,0.0005715331975799338,-0.0033023741575615244,,
2023-01-16,,,,,0.008575501077167032,-0.026533619927421752,,
2023-01-17,-0.00681553760080241,-0.01228198681171528,-0.006783683054704212,-0.01228198683050164,-0.004911796706186308,-0.0005457074243952979,-0.006682716378069905,-0.012159981416042619
2023-01-18,-0.017280922498294268,-0.015262393412394944,-0.01721824605950778,-0.015262391676477695,-0.031391624411765406,-0.06532354288795908,-0.017313510497741724,-0.015265660892154288
2023-01-19,-0.0013085896961429753,0.009792292174892353,-0.0013770014574010232,0.009792295944838127,0.01934301491008449,0.015519927034928247,-0.001296218350015975,0.00980377916088487
2023-01-20,0.008731540502301122,0.005902265274367975,0.008663864463057445,0.005902267188309515,0.06255754381462926,0.08507978373645946,0.008494311571970064,0.00609159084113135
2023-01-21,,,,,-0.005051455586074254,-0.0270615056452448,,
2023-01-22,,,,,-0.001795501803782128,0.023978743826087324,,
2023-01-23,0.0027145222696167716,-0.0022495734632851793,0.0026702643951233133,-0.002249573083125596,0.01337403567671268,0.01236654176440228,0.00244513807008291,-0.0022986322988841528
2023-01-24,-0.0029588612612153164,-0.009530192109939165,-0.002804094572137826,-0.009530195237374141,-0.025423971627850615,-0.061214082458658656,-0.002886739721880513,-0.009440096249222974
2023-01-25,-0.0016700066232711612,-0.0008387072160790744,-0.0017030200349058906,-0.0008387054024146575,0.023840073285857015,0.030083668197710075,-0.0017854200626402383,-0.0008735834678280998
2023-01-26,-0.00032174592823512973,0.0011891217260040867,-0.00029326316477547494,0.001189127983826586,-0.0028635244230539626,0.0036079110145517657,-0.00025860606600718137,0.0017762699950364625
2023-01-27,-0.006010373859955138,-0.014030262083494961,-0.006096480775274764,-0.014030262692360185,0.014120934483190909,0.008565136708956712,-0.006372089682157809,-0.014045734297603791
2023-01-28,,,,,-0.004508616581102009,-0.011173551820377391,,
2023-01-29,,,,,0.023116679146965614,0.03805936520760261,,
2023-01-30,-0.003610258969574243,-0.002770156963044749,-0.0035551757370456544,-0.0027701605093022877,-0.032782049010544885,-0.05169134211563877,-0.003649146140603207,-0.003084922979766707
2023-01-31,0.0075902568660531685,0.01385576394425893,0.007633397785952037,0.01385576507024312,0.007235335553018423,0.011648850147786027,0.007675286875918204,0.01391807145266201
2023-02-01,-0.01586290162190005,-0.007474577191198899,-0.015900966203261705,-0.007474576493867241,0.021091266223740576,0.0263617362247289,-0.015434789874900599,-0.007570094320750798
2023-02-02,-0.012537964108816604,-0.030079410198215816,-0.012590381015360648,-0.030079412767955144,-0.0021240493956152825,0.002506922591634832,-0.012748320047605961,-0.03002523437515739
2023-02-03,-0.009778777883407771,-0.0036831101186845334,-0.009921591121167098,-0.0036831097810238627,0.0019082909804777977,0.02812594783080339,-0.009859109640622301,-0.0037035806808965524
2023-02-04,,,,,-0.004852758259107767,0.018258442877788588,,
2023-02-05,,,,,-0.007366577649538203,-0.0272779229004232,,
2023-02-06,-0.001907330476957214,-0.0028724952011064953,-0.001906948178422384,-0.0028724951467025443,-0.010851585432027949,-0.027187367947460055,-0.0017974932780760006,-0.00239344532242844
2023-02-07,0.008920470835787299,0.012761789869138724,0.008770245119358647,0.012761790095154345,0.030242302833678764,0.045863838952544644,0.008737954991568566,0.013139841702709288
2023-02-08,-0.007159294241711025,0.002322197323083097,-0.0073146355911938065,0.0023221971733453062,-0.0006700304982269257,-0.014059242864241735,-0.007328392659743685,0.00239027251268942
2023-02-09,-0.001427907904333374,-0.004359932290351503,-0.0010568156575791164,-0.004359932032684475,-0.05527846970664676,-0.07251172891761519,-0.0010478476097487614,-0.00421304752056323
2023-02-10,0.011973765584068577,0.016982614307239977,0.011929131889930217,0.01698261474867088,0.000545262122692001,0.007925091725522497,0.011996561569839526,0.017197578835593346
2023-02-11,,,,,0.009048599043750636,0.018001324185217202,,
2023-02-12,,,,,-0.0019251400878329964,-0.014893174707115547,,
2023-02-13,0.008227657036394878,0.009447066759619614,0.008108055757394561,0.009447066589587477,0.012482043706980512,-0.005043581391642205,0.008076640233784436,0.009259125826230284
2023-02-14,-0.006474075963036529,0.001724514442250435,-0.006666699239062235,0.0017245139280852035,0.018294028476737795,0.02387202676085153,-0.006621991968983703,0.0014830263063554134
2023-02-15,0.00044535125528573875,-0.011743725498242137,0.00010812079468487859,-0.011743725033564533,0.07968251600407422,0.05860669974626267,3.1810292985907686e-05,-0.011856006117512707
2023-02-16,-0.013304468316476923,-0.008073256700518575,-0.013000980248597784,-0.008073256626538754,-0.04005263176560206,-0.04982516718526988,-0.013008905302976343,-0.008155267895583046
2023-02-17,0.01420489107225821,0.009570404999356722,0.013839641820251092,0.009570404244760342,0.04576038544872687,0.05053630883998599,0.013912032854544157,0.009744029064680507
2023-02-18,,,,,-0.00021544466665957327,0.005916311087836279,,
2023-02-19,,,,,-0.00568828673292722,-0.004417113836179471,,
2023-02-20,,,,,0.02124571384415703,0.023492924425315406,,
2023-02-21,-0.005213164255794661,-0.010250503064945774,-0.005053371364214678,-0.0102505027778126,-0.023742402209735485,-0.03133557553493628,-0.0050712195411910105,-0.010038926610788814
2023-02-22,-0.00444930439601048,-0.0035148404946199504,-0.004423908908165139,-0.0035148406128528865,-0.006007070789831523,-0.0027494376431644882,-0.004425855004775074,-0.0035802401805967482
2023-02-23,0.0026495210224778227,0.004734959943797574,0.0026742249659296117,0.004734959833224307,-0.004733903755380845,-0.0006891938507817561,0.0027130233647496755,0.004876830077963835
2023-02-24,-0.00699372427301326,-0.005723850185392383,-0.006888010024109093,-0.0057238500787911645,-0.028618845441352438,-0.028502912835901728,-0.006863096396903248,-0.0057442144396278785
2023-02-25,,,,,-0.0006752932156013705,-0.0011207474001859894,,
2023-02-26,,,,,0.020108224090082723,0.023990895764581778,,
2023-02-27,-0.0002824023723332914,-0.0007723584571950862,-0.0002610004135108089,-0.0007723585305815768,-0.001645001995352318,-0.0021603629592750577,-0.00027655307113826067,-0.0009047846813144878
2023-02-28,-0.010498746149439577,-0.013479709052502155,-0.010484449175571313,-0.013479709025201268,-0.011522887426015482,-0.009149696190580325,-0.01056311787641566,-0.013858603056686571
2023-03-01,0.00038462876559976965,0.0060886076216432865,0.000280656832275434,0.006088607438780694,0.017722239364382247,0.014800870233401705,0.0003201504304822044,0.005973406053082553
2023-03-02,0.0063289763444090204,0.00753117391121539,0.006451872276443427,0.007531173669147606,-0.00553297200341308,-0.004198427440977345,0.0064062430160368045,0.007297933713784372
2023-03-03,0.003793735238204647,0.006155193727539611,0.0040623359841495356,0.006155193812439688,-0.042439361493184724,-0.035496671581349025,0.00406603431706534,0.006064218469324214
2023-03-04,,,,,-0.0032587999857049557,-0.009349937594842752,,
2023-03-05,,,,,0.005768668504309329,0.005702360592902184,,
2023-03-06,0.009141564760988694,0.019020654836864288,0.009115909220749297,0.019020654722793292,0.0007734411890999114,0.000872091867496201,0.009195041435090092,0.019440150476935508
2023-03-07,-0.011275448985287956,-0.004795307547200472,-0.011275438444722048,-0.004795305015708858,-0.012573578728645467,-0.017820823878516724,-0.011318778045758805,-0.004783389173090597
2023-03-08,-0.00646809399641567,-0.01953619971274438,-0.006468093322875044,-0.019536203703479842,-0.01940117746013493,-0.02101117850124243,-0.006531212230450476,-0.019543368455522216
2023-03-09,-0.011624113600797055,-0.009004666544869646,-0.011624116692421672,-0.009004663373305187,-0.08026170076698813,-0.09775780196017879,-0.011631446807208833,-0.009002543909847584
2023-03-10,-0.002853463898078901,-0.0023129467969672224,-0.0028534926500579333,-0.002312941128713696,-0.012542476496450981,-0.011061893921663027,-0.002798782648353174,-0.0023013884884999824
2023-03-11,,,,,0.026430502525762505,0.025592113201016366,,
2023-03-12,,,,,0.08170859046221166,0.09096961566148537,,
2023-03-13,0.006674033045300203,-0.01481264062009415,0.0066740907510386095,-0.01481264011429057,0.06913903861374222,0.039534523739616675,0.006669469821145292,-0.01480922948260817
2023-03-14,0.006680850060470865,0.014953489350301274,0.0066808448023190576,0.014953490093397897,0.012437996673570154,0.00428270385214547,0.0066736696007681316,0.014962413998579395
2023-03-15,0.004475407049416454,-0.007467902291397091,0.004475452199664211,-0.007467897590994684,-0.020145623172147447,-0.03751671264648387,0.004469465579758952,-0.007417060160118619
2023-03-16,0.001384909900255923,-0.00177587035828985,0.0013849037526854429,-0.0017758720918547382,0.016264373552735484,0.0037508863652941787,0.0013671031855263267,-0.0017744995157740013
2023-03-17,-0.013209549543501911,-0.027020975080731806,-0.013209484931663535,-0.027020975485367076,0.07009532674023905,0.04463630615191379,-0.013382883673353762,-0.027034907154892672
2023-03-18,,,,,-0.021650383640199913,-0.02007908474162642,,
2023-03-19,,,,,0.028578926574589027,0.014416404778655058,,
2023-03-20,0.013456593474385032,0.020542566751843107,0.013456562437032478,0.020542565904486415,-0.016149645657058107,-0.03299162664423777,0.013516066988659859,0.020536603782132047
2023-03-21,-0.0014413778728787326,0.006116553646182711,-0.001441381756269458,0.006116552868751365,0.022018859364464204,0.03860340461463164,-0.0014426432031770288,0.006081776921816407
2023-03-22,-0.014856861363876718,-0.014262511829555244,-0.014856885968577684,-0.014262510851621333,-0.05976120874374959,-0.10877755166543766,-0.014908404640325165,-0.014252784940839647
2023-03-23,0.005761558702144141,-0.0016171429589926334,0.005761615813180067,-0.001617142967011512,0.05704333678623516,0.08998752097750644,0.005754447284198847,-0.0016086413611622065
2023-03-24,0.01637661225867327,0.0057928278725810824,0.01637660522179464,0.005792829177152201,-0.02900857640902366,-0.02788724682776964,0.01639159760597592,0.005794429236002819
2023-03-25,,,,,0.0016709673567794415,0.004413414874033755,,
2023-03-26,,,,,0.014297715925456962,0.007736687449051488,,
2023-03-27,0.005130643923862665,0.016715284557308953,0.005130612360398993,0.01671528593667064,-0.02286772505144344,-0.009904134227396902,0.0050905931113157474,0.016709740909088163
2023-03-28,-0.0007472537679838823,-0.0035473910929529786,-0.0007472551681980205,-0.0035473922344929285,0.006678768989485659,0.009987387448830173,-0.0007292319284354226,-0.0035561484623634473
2023-03-29,0.006705738923408055,0.00032579885552029623,0.0067057145956536356,0.00032579767839042637,0.025638593067927627,0.001962224168099743,0.006684141047729151,0.00031140047636712097
2023-03-30,0.004686848403765195,0.007547210510886644,0.004686851158890112,0.007547210519366867,-0.004220101905341921,0.007444674741592979,0.004690066461133926,0.007547717019644953
2023-03-31,0.006915241506966302,0.006681286369574419,0.006915262224088023,0.006681284279779567,0.014537939378117577,0.012280124823089116,0.006879027201683485,0.00668355372906198
2023-04-01,,,,,0.005447317687412019,0.018684475571800606,,
2023-04-02,,,,,-0.013183338533890749,-0.02288978697928455,,
2023-04-03,0.010543919427576829,0.02594518433607221,0.01054389502839643,0.02594518818313802,-0.006569195052203242,0.006874721367533791,0.010614902570508546,0.025921093468210903
2023-04-04,0.0057720505748632325,-0.006354988964344666,0.0057720302306128925,-0.0063549821557902595,0.008673538481821693,0.0003345685821408173,0.005817516546972397,-0.006341841114616336
2023-04-05,0.014889166999506806,0.020337513030134036,0.014889220355554424,0.020337502612270613,0.002060627469619659,0.004955689869292402,0.014979811924462174,0.020404722015955706
2023-04-06,0.00035512610735970526,-0.003306123932778887,0.00035517458371896166,-0.0033061221077675144,-0.003048355017986275,-0.00016646004733463301,0.0003770872768874364,-0.0033877459673540508
2023-04-07,,,,,-0.002567617209681681,0.00022701851756453935,,
2023-04-08,,,,,0.0007184652690396566,0.000604944792589523,,
2023-04-09,,,,,0.011467658818785354,0.007543159882891038,,
2023-04-10,-0.0012965748824565505,-0.002235675061556598,-0.001296573560506378,-0.0022356670590957823,0.03310120154463573,0.010262265981658771,-0.0013227234772713757,-0.0022833193683589282
2023-04-11,-0.000712076412370986,0.0003792147285540441,-0.0007120476959419692,0.0003792114144680616,0.007358264349346319,-0.013425230022953849,-0.0006973633032308031,0.00044205554971519546
2023-04-12,0.0010118905106309224,0.0030450018547433077,0.0010118351837414543,0.0030450058772237137,-0.009853670850644472,-0.021164485206505892,0.0010210622581149327,0.003019630200822077
2023-04-13,0.009127387600575014,0.012003667955486002,0.009127328338877269,0.012003664983225358,0.007040075904464237,0.004352149183021044,0.009120730882064717,0.011983310087360394
2023-04-14,-0.004388336726559859,-0.0006481900433928596,-0.004388317788856978,-0.0006481843344987891,0.007186341501819177,0.01453085039220238,-0.004391438751255556,-0.0006664626080000643
2023-04-15,,,,,-0.004888477088875744,-0.0038787819360805286,,
2023-04-16,,,,,0.003034140363427155,0.00834836220653061,,
2023-04-17,0.0004968310880286219,9.014452409529945e-05,0.0004969074467441087,9.01498444800565e-05,-0.022334792641951193,-0.011539824760441216,0.00044207132280244134,-3.498338245214172e-05
2023-04-18,-0.0021752085591828247,0.0050537500481754455,-0.0021752149372781682,0.005053753124572183,0.025858657796695033,0.014866843976229881,-0.002246907672074963,0.0051159362396212115
2023-04-19,-0.0004778903010033091,-0.0014409483708975785,-0.0004778978351315174,-0.0014409473856805766,-0.0376523183022859,-0.013675467968597144,-0.0004418505158016568,-0.0014752220428519008
2023-04-20,-0.005249794539718754,0.0013207632495947504,-0.005249748886335402,0.0013207655826313692,-0.015038406990864124,-0.006621217245374938,-0.0051182246935265185,0.0012368870674202403
2023-04-21,0.00571012838213434,0.011886785353829388,0.005710128519543249,0.01188677689046217,-0.023732795635970697,-0.006298362200305173,0.005663597623230971,0.011870922157083541
2023-04-22,,,,,0.018778078134411177,0.016522725582044814,,
2023-04-23,,,,,-0.001761987771781474,0.009110851112867831,,
2023-04-24,0.0014773588131024979,0.006689054489935695,0.001477352187900083,0.006689053678291163,-0.0047215236020738995,-0.00805364927840206,0.0015733704086084948,0.006775071820890153
2023-04-25,-0.0002691291298004271,-0.006067703429507954,-0.0002692090180507768,-0.006067702967960175,0.015952876360429694,-0.004188163310319265,-0.0002618938166506541,-0.006090329531132041
2023-04-26,-0.01929173930866822,-0.02128123315882374,-0.01929165132497181,-0.021281236590557213,-0.0017353937920508472,-0.010324455411787085,-0.01927649759330762,-0.02119237501329296
2023-04-27,0.00492041683325063,0.009256912706689581,0.004920647198186394,0.0092569213628068,0.02601463105576358,0.00937360622372631,0.004808858696422748,0.009244677153009287
2023-04-28,0.003765053290342961,-0.0008369177563368324,0.0037649841057479693,-0.0008369101431746169,0.002553307655359681,0.01392230600423204,0.003762796161022537,-0.0007722446074232389
2023-04-29,,,,,0.005606576407413998,0.019397308253100796,,
2023-04-30,,,,,-0.0034892896726263054,-0.009720025830082888,,
2023-05-01,0.0009238345792416323,-0.0045033753047656125,0.0009238141899377078,-0.004503355237712354,-0.01834859688928399,0.017240124160491067,0.0009501182989573286,-0.004772361925660646
2023-05-02,-0.007421902006136388,-0.006034339189420391,-0.007421968315068717,-0.00603432421029244,0.016924046958751972,0.010831533062713698,-0.0074102861554057745,-0.006299752977191788
2023-05-03,-0.008792034770574674,-0.006509540506963554,-0.008791987080034341,-0.006509530842254488,0.00685789217643293,-1.4417840420422788e-05,-0.008875221203379606,-0.006630099867718451
2023-05-04,0.00037519218792425157,-0.011895382313534387,0.0003752348651337848,-0.01189538607656087,-0.002201582892900222,0.0030182139761025417,0.00041781953600976673,-0.01189667389688246
2023-05-05,0.010506911389168257,0.007290634182406403,0.01050694671315532,0.007290630188565717,0.02290849981537682,0.022302503401109685,0.010531081549832202,0.007322667733907355
2023-05-06,,,,,-0.016869007398348207,-0.009520705496124637,,
2023-05-07,,,,,-0.014747392529958683,-0.014005951819712249,,
2023-05-08,-0.00016749042252682615,0.004273165359667958,-0.00016749992552041334,0.004273168237169539,-0.02163913774789535,-0.013022452311322121,-0.00020278932768378027,0.004373297226629348
2023-05-09,-0.004832685386695382,-0.004004029146209154,-0.004832703911489993,-0.004004030972774847,0.002618032651456989,0.009380640204090763,-0.0048431195324266825,-0.003832625339715688
2023-05-10,-0.0004653547228144826,-0.00326989628781446,-0.00046534891129611916,-0.003269894202227562,0.0009591786591371838,0.004733552310503699,-0.0004573094115034232,-0.003681266993727597
2023-05-11,-0.0012491868644682132,-0.0016073277115019333,-0.001249200088866244,-0.001607328381486809,-0.022612674684917487,-0.024536099162453785,-0.001325949659432995,-0.001546939022084393
2023-05-12,0.0015499501764521754,-0.004399285929675357,0.0015499536070265841,-0.004399286402483611,0.003178340584541518,0.020545027511741466,0.0015435356300516185,-0.004517586655528551
2023-05-13,,,,,0.000855659304581927,0.00411024133515219,,
2023-05-14,,,,,0.003518622680289343,0.0003027268179879529,,
2023-05-15,-0.0032000547684031184,0.008025421470054885,-0.00320003358850623,0.008025418017122686,0.010218021639781633,0.012117968683322084,-0.003174885590831835,0.008899863803699424
2023-05-16,-0.014599075885319822,-0.0051019966727513,-0.014599103046034442,-0.00510199550664648,-0.0018290981303901045,0.004512967183376823,-0.014673375482585578,-0.005206283098595216
2023-05-17,-0.001240896997434984,0.0026100176661321265,-0.0012408747699620014,0.002610013022419652,0.010870686266599715,0.006987024339012981,-0.0012544958218358843,0.0033377536116668124
2023-05-18,-3.052468547339885e-05,-0.0013432757725889,-3.0428232402029357e-05,-0.001343278285372126,-0.016507045515913626,-0.010921583090038519,-0.0001436326182818221,-0.0011434790895043512
2023-05-19,0.0007533553722874436,0.0072034975746240685,0.0007533617415178347,0.0072035015853863914,0.0035434755310749175,0.005677627425379983,0.0008606470159416991,0.007083490652445986
2023-05-20,,,,,0.015696693094520636,0.02794481626188403,,
2023-05-21,,,,,0.017829927057038175,-0.004201808997893201,,
2023-05-22,-0.005758782798295054,-0.005483196560335179,-0.00575877439736433,-0.0054831956779647206,0.027573907742947337,-0.011280734541449254,-0.005699036249930426,-0.0051444456484011055
2023-05-23,-0.00387543693352577,-0.016471156081535702,-0.0038754345345739195,-0.01647115504570672,0.006637819041552317,0.007647462621207287,-0.003874944371812753,-0.016835696923615917
2023-05-24,-0.006568210903629888,-0.0009242333869883335,-0.006568229037150647,-0.0009242322542395708,-0.023690696367413725,-0.05656712229631261,-0.00658643138881181,-0.0011286362456244786
2023-05-25,-0.01253366171750724,-0.006274436978938368,-0.012533622313381248,-0.0062744367768731175,0.0011671397446712491,0.006070214325983141,-0.012572023255199842,-0.005848084341732467
2023-05-26,-0.0006704121628122252,-0.0021234075142352368,-0.0006704134596140525,-0.002123409948934763,-0.008103570060784238,0.01126939492102496,-0.0007728940868960419,-0.0016271114638402816
2023-05-27,,,,,0.016543461206311266,0.014587473262481419,,
2023-05-28,,,,,0.015603334130564563,0.03162084670530006,,
2023-05-29,,,,,-0.013962806760020213,-0.0023030849417292687,,
2023-05-30,-0.003814480491795622,-0.011289754183026057,-0.003814481711437427,-0.011289756413019849,0.00261653399157144,0.02022318723112624,-0.003834793891505616,-0.011013498770617185
2023-05-31,0.00722018630866145,0.0035638190932431387,0.007220171918557462,0.003563821465962136,-0.013504125873410206,-0.01791277156503341,0.007252178209820893,0.003145403127621053
2023-06-01,-0.0051914630244931075,0.01207730028049622,-0.005191467043832351,0.012077301689245729,-0.009581342509837651,0.030131716572641305,-0.005317593215462688,0.012779061696936747
2023-06-02,0.012167855787897221,0.014124689879161377,0.012167890666966373,0.014124688482717718,0.07506728590129091,0.018128344453942954,0.012292696290516266,0.01399188816064586
2023-06-03,,,,,-0.009151107074179664,0.003652119044221259,,
2023-06-04,,,,,-0.0027592885624056224,-0.011006300461816613,,
2023-06-05,0.0033906271800074076,-0.002549389408218076,0.0033906031241023077,-0.0025493878788405725,-0.04177125656005806,-0.0656324242463822,0.0034552605817329534,-0.0030464840494917197
2023-06-06,-0.006726608447698797,-0.006360842043694497,-0.006726634050152339,-0.009788504869458375,0.016746033501645875,0.03570387252110209,-0.006718455701603934,-0.009701345020499998
2023-06-07,0.0002735442343791296,-0.008199059345528012,0.0002735678062803215,-0.007330799807673377,-0.023424274414968214,-0.022471609763886298,0.0002966984318577029,-0.007312389044746264
2023-06-08,0.0065809917617346446,0.011192361960012115,0.0065810637305875755,0.011321482400861201,0.00806748242328435,-0.002429421001158217,0.006572268031791376,0.01129215540403961
2023-06-09,0.0003246515975073337,0.005093400860635704,0.0003247552205078888,0.003449028427980075,-0.045619997939613785,0.01093830701546671,0.00027745792953766835,0.0034460598078507325
2023-06-10,,,,,-0.03282543170673435,-0.12256622916064494,,
2023-06-11,,,,,0.007235396845300603,0.00735787666095792,,
2023-06-12,-0.0025156410498846375,-0.0010169105474151265,-0.0025155923095101047,-0.0015243971704178587,0.007271035566061121,-0.0005058678481379938,-0.0025349942288458603,-0.0014991396300477306
2023-06-13,0.005928219108124248,0.005439108682742771,0.0059281495070824496,0.007186872728155643,0.007954021001742454,-0.002617061075411086,0.005937227712561421,0.0072204813054253456
2023-06-14,0.002017702418909622,-0.009649133013369626,0.002017742120711131,-0.0036807195176152127,-0.019794573914389484,-0.0581749286945724,0.001954595348570311,-0.0036861254279711413
2023-06-15,0.009750237230403032,0.00483859524714533,0.009750231251855512,0.005074124033830977,0.0029057511056403158,0.01607359875414318,0.009738180115572622,0.005062966980192034
2023-06-16,0.0007505059327941634,0.0013472311312951075,0.0007504143023112394,0.0023336546936617605,0.005254660633703759,0.01642115777506326,0.0007487372862903211,0.0023704524442068626
2023-06-17,,,,,0.013686660482394825,0.010965534760847145,,
2023-06-18,,,,,-0.015463478735419176,0.00518918145703077,,
2023-06-19,,,,,0.004549703795469275,0.004350711618717187,,
2023-06-20,-0.007506236817739138,-0.0014010842858877917,-0.007506185966032228,-0.0013233357077612746,0.022525962781859504,0.019461240173457323,-0.0075393605446149,-0.0013663077195035568
2023-06-21,-0.0010948343913719215,0.006677360336526722,-0.001094717649568427,0.005682828548321879,0.03567835834078291,0.04039774607883091,-0.001155602382351678,0.005671804760835073
2023-06-22,0.008040363350241456,0.009025851951591952,0.008040372134635845,0.010360480000152425,-0.005392121172886434,-0.006746147856600471,0.00802551760176976,0.010292323470227805
2023-06-23,-0.005312768298574632,-0.0015785267193050255,-0.005312767015486877,-0.0023267263703995473,0.019908088513751615,0.016228834635015805,-0.005292568837858408,-0.0023833691115097383
2023-06-24,,,,,-0.009592235826212759,-0.01401866808808895,,
2023-06-25,,,,,0.008890657038095542,0.0051384728749012815,,
2023-06-26,0.0008825015520155109,-0.009296871677985838,0.00088246777920735,-0.008390569087988386,0.003609617265933245,-0.02010266448079058,0.0009417272640355856,-0.008370920780741494
2023-06-27,0.002991808648118075,0.005950772843105357,0.0029916345994866447,0.006045302305432829,0.0128146945889152,0.012145210489001237,0.0031094659465566643,0.006080389651422816
2023-06-28,-0.003959500702793346,-0.0011626662922734475,-0.003959446474219057,0.0019303234211160288,-0.012176277546593724,-0.03906825271019354,-0.003950943010741495,0.0019794977561576415
2023-06-29,-0.00104048745585398,0.0071435831743384874,-0.0010405248158072726,0.005914729078825476,0.010474168840404996,0.01740472961972308,-0.0009640400208751097,0.005908573106569473
2023-06-30,0.006676048950457927,0.018046232329716923,0.00667618307147849,0.019901262514865306,0.018868418084665852,0.06617281565013255,0.006627901523839424,0.01992358597872417
2023-07-01,,,,,0.009400463281472817,-0.003846486543052663,,
2023-07-02,,,,,-0.010764759150160506,0.021822861824662677,,
2023-07-03,0.004297146300932782,-0.007657213919521102,0.004297121733493689,-0.009110866976072664,0.016850585165900305,-0.001537019683857394,0.004288462735124106,-0.009129099775996134
2023-07-04,,,,,-0.00641222995494921,-0.009126737310746934,,
2023-07-05,0.00188066580283007,-0.0030047319281079317,0.001880690703870086,-0.0015829001482950873,-0.003118903675384964,-0.016920445755791925,0.0018343195676670337,-0.001562887941682635
2023-07-06,-0.008211733442812268,-0.01476950894905303,-0.008211790145845268,-0.01335017641852352,-0.005678698590324022,-0.03788568111916474,-0.008205468458977934,-0.01333720890495094
2023-07-07,-0.01303192567124538,-0.00199866332510813,-0.013830001281356476,-0.002692242203715926,0.01872317725976789,0.014086232365819538,-0.013870652129100963,-0.003164509503874537
2023-07-08,,,,,0.0112809226155871,-0.00021066756119495736,,
2023-07-09,,,,,-0.023064692142078905,-0.007151192095707555,,
2023-07-10,0.00044160836668693376,0.015224392074796356,0.0005138722279101562,0.01359865424927066,0.0029693488233468674,0.014617264080580065,0.0005916545574364807,0.013525347893655252
2023-07-11,0.008572890381378675,0.00017699518803218392,0.009094763147121146,0.0006462101517314904,-0.0005770973590157653,-0.0020280789669417966,0.009021853001879186,0.0003889953365584475
2023-07-12,-0.0024544731385759432,0.0024895011995100507,-0.0026566491042095634,0.001245064147381512,0.0017606778086447763,-0.006192364329135716,-0.0027966544446181847,0.0009419430229527228
2023-07-13,0.0025792720478005782,0.01644246080408867,0.001589593649988639,0.002902078034614877,0.06026016259459013,0.3321505411718199,0.0014602993109696376,0.0025632311202412757
2023-07-14,0.0027510860064207236,-0.007785391630472901,0.0033895752687979302,-0.0032367758529846424,-0.028647597952325538,-0.07290024672680986,0.0034246057611698414,-0.0029600652406973453
2023-07-15,,,,,0.00662358769724114,-0.005738580271373889,,
2023-07-16,,,,,-0.00840364671463008,0.013647664038187507,,
2023-07-17,-0.005269591119558063,-0.0005702303759635238,-0.005170462834477667,0.00226217806890863,-0.0003014558006197287,-0.007905479378978376,-0.0053302496253781395,0.0018485646194494956
2023-07-18,0.0004223344214300128,0.004739773897152386,0.0005060235703831997,0.003311090393943114,-0.0034065017803921703,0.017118032331210998,0.0006267101505719604,0.003292726774680306
2023-07-19,0.008393361789964025,-0.004954384828288429,0.008258904093191044,-0.006686448325247247,0.009532230868497388,0.020362487556144306,0.008151453117459422,-0.006544311384462918
2023-07-20,0.015520397695148886,0.008888256540627436,0.015645770834173456,0.010224404217024854,0.002255406765073895,-0.015632912026273187,0.015769113286287745,0.010559020937927387
2023-07-21,0.005848110838566772,-0.0017628339747862748,0.0059047016159544,-0.002290118097409103,0.00017961181184269966,-0.007663805332510438,0.006049865791832272,-0.0018420792497412187
2023-07-22,,,,,0.02638189759172909,-0.03859431546341053,,
2023-07-23,,,,,-0.00044859590363895564,0.026274428774746037,,
2023-07-24,0.0004032937488029601,-0.007426967053669806,0.0010183967763232678,-0.0033080091986761027,-0.02493313173980469,-0.046259986860622646,0.0008764028562296456,-0.0035516931369094086
2023-07-25,-0.0027539225470638346,0.030020861559943865,-0.002831839655245964,0.03301647919407934,0.003977852121324417,0.0021849038014868263,-0.0029144463103321213,0.03209888800691395
2023-07-26,0.0035697215651698103,-0.010257565861691872,0.003553761142652054,-0.012529952331199294,0.005202010367233843,0.013761149174272274,0.0034093467195649785,-0.012352888926392535
2023-07-27,-0.00717333567141222,-0.00023010664922414026,-0.007492246779729716,-0.0006933704067407601,0.0001994774089684519,0.004601664791941233,-0.007344129463418677,-0.0010546001991778827
2023-07-28,0.0031844157230698925,-0.0001880484655130541,0.002467576888762987,0.0007264985563661867,0.023333198156352986,-0.006638090872481167,0.00257805885896637,0.0009003973650601007
2023-07-29,,,,,-0.015193212894763126,0.001276616303094391,,
2023-07-30,,,,,-0.02778262799350505,0.018142105270245516,,
2023-07-31,-0.00449883611311848,-0.0013058389002590916,-0.004025971261176204,5.5945163919237905e-05,-0.018108742093853113,-0.014241175797615004,-0.003957181077610404,0.00011584047575653507
2023-08-01,-0.005470429140577868,-0.009270808131857372,-0.005743098976590619,-0.00927232594918804,0.01019689455260721,-0.0011256334985777702,-0.005830215947325033,-0.00935158269309035
2023-08-02,-0.008737545754846343,-0.014431336438953401,-0.008521650095322637,-0.010714194909907172,-0.02423579482618123,-0.04917081491165881,-0.008524914062676794,-0.010360937541649632
2023-08-03,-0.007083487708580866,0.0007091052091475395,-0.00749401253614805,0.0026438351838182937,0.006057746797224586,-0.02318106829920494,-0.007433024732614913,0.0025909517138384534
2023-08-04,-0.006872308245061389,0.0009094220736104979,-0.006823786090919382,0.001479562600168902,-0.00461720186337401,-0.015959588469743692,-0.006768552821535598,0.0013020188504354055
2023-08-05,,,,,0.005751953958493332,-0.006057377768435113,,
2023-08-06,,,,,-0.004762752810064985,-0.013579806140831294,,
2023-08-07,0.011663673264142332,0.014468059533534795,0.012002110203867464,0.013638396145751219,0.0005473592341267322,0.03460138742559435,0.011942953791287653,0.013699548671118361
2023-08-08,-0.003065515151343181,-0.0030794485913282817,-0.003246509463152434,-0.005734844294652387,0.0066840478038241525,0.019854103002037903,-0.0032077962954058475,-0.00596808372697214
2023-08-09,0.002284977890732123,-0.010032993820880486,0.0022502496453102932,-0.011134604574700696,-0.002852324007223739,-0.002271883967261663,0.002220143575251422,-0.011413297845183865
2023-08-10,-0.0016832527622846333,0.0012528650519598372,-0.0019293575918277407,0.003029625238827406,0.003483336234126186,-0.021486715041564578,-0.0018810044993888293,0.00331753546932739
2023-08-11,0.00597769271666299,0.005233778770568118,0.006127069703615469,0.005526788711305443,-0.0012197209238019515,-0.007614319954225806,0.006097343715341135,0.005379452348289154
2023-08-12,,,,,0.002807886569516361,-0.004223584923598641,,
2023-08-13,,,,,-0.004440321385542107,-0.0016276921181351718,,
2023-08-14,-0.0005054497902650316,0.015418631608770536,-0.0005358622502708768,0.016433830584392253,0.004255113074373493,0.010126652991449844,-0.0005801704318698101,0.01650937276644753
2023-08-15,-0.006312750573999385,-0.010151952956287999,-0.006124853899052556,-0.008499703357028817,-0.012817922620157107,-0.0221593480775957,-0.006138803293031508,-0.008627472995344334
2023-08-16,-0.0031736808539223615,-0.008215339060350978,-0.002675696194624013,-0.004096693195887223,-0.020131625136834586,-0.06406294123964426,-0.002597582152870191,-0.004077566721098991
2023-08-17,-0.005400295780267374,-0.021797015918126682,-0.005015476381318481,-0.011461563066326244,-0.039268152287419304,-0.12478420451745476,-0.005115221771988763,-0.011813082270226608
2023-08-18,0.0037544120934829297,0.003952878997973511,0.0037024340286856217,0.0037812460994295794,-0.0047526828882849415,0.0067774032389695165,0.0037900080395702183,0.003878794404823745
2023-08-19,,,,,0.010354051853591006,0.00910773285896512,,
2023-08-20,,,,,0.01749860796756639,0.02103274677798576,,
2023-08-21,-0.0035387046651584268,0.008188296805550008,-0.0032142791995215525,0.012133316096922572,-0.007628054900510462,-0.019890931343141342,-0.0032294645276460376,0.012259406422422622
2023-08-22,-0.00571638763326309,-0.011622509962835623,-0.005866937115693528,-0.01221208691500499,0.0015069116167101544,-0.007074627040131715,-0.005802865452332045,-0.011997502498722307
2023-08-23,0.01080959818874274,0.025063427729014508,0.01048100527764023,0.024660893874479537,0.024192932255802754,0.03649092227037755,0.010349100003279764,0.024413345728932626
2023-08-24,-0.009173825906316817,-0.016290718609741694,-0.009210814172238959,-0.01636809133413831,-0.012455935760243364,-0.005677966754068471,-0.009123122391244024,-0.016430194750053136
2023-08-25,0.002867273917944409,0.0034968496218169285,0.002813149335336683,0.0027321050970259856,0.004216884328086017,-0.0019403021943367842,0.0028783529633444075,0.00275810466171051
2023-08-26,,,,,0.0014572318610919614,-0.008141287787098533,,
2023-08-27,,,,,0.0017681141673259436,0.02589857780409935,,
2023-08-28,0.002545663595010045,0.006494449733375149,0.002893840667326169,0.009054726450519014,-0.009433102305379087,-0.02422308209590157,0.002927995269357398,0.009404706462369102
2023-08-29,0.005552239567477476,0.020599702215298863,0.005314080346011041,0.014915416004004837,0.029293282921821037,0.1221513516727984,0.005299327514089352,0.014989861009113179
2023-08-30,0.0011415101960100343,-0.004235635054870188,0.0017069260667019839,-0.0017007341074014135,-0.019838202992440622,-0.031142471267596554,0.0017085068731229665,-0.001880408450089678
2023-08-31,-0.004901496375029451,-0.006126211693158946,-0.005304741905834948,-0.003213154898573698,-0.007486339698891179,-0.036772606665016486,-0.005262990775241179,-0.003025610941599141
2023-09-01,0.000830225979468445,-0.0018108592621435497,0.0011001702077022785,0.0007181189922598329,-0.007058833427237046,-0.03293626018726299,0.0009179423179764552,0.0005042522890932997
2023-09-02,,,,,0.009047418190245978,-0.013286695431304653,,
2023-09-03,,,,,0.0013992430190940797,0.00834649269834125,,
2023-09-04,,,,,0.00128178732607273,-0.0061380454683064994,,
2023-09-05,-0.009280126709413593,-0.012093373029855813,-0.009538296060914312,-0.012082939230882068,-0.0005288587090194665,-0.007169253859625172,-0.009443788927375036,-0.012002285979183493
2023-09-06,-0.0019603693763705103,-0.009119926104628997,-0.002514657948586365,-0.009548486116603062,0.0119524094428755,0.0017083089492106703,-0.0024637679878760947,-0.009845189575765766
2023-09-07,0.005730031125137653,-0.0023644270625070487,0.005751468010432111,-0.002734236147246784,0.00793371243664813,0.00214145814913528,0.00558349103416637,-0.0032885576858895597
2023-09-08,0.0035264689413342506,-0.0006117010208217083,0.0036249967107983344,-0.0007771827632116371,-0.0036249222330299027,-0.0007655299691342604,0.0034701405795650826,-0.0011419614332467258
2023-09-09,,,,,6.965371586786038e-05,-0.0007422615871191723,,
2023-09-10,,,,,-0.007683967053250937,-0.012672357834210642,,
2023-09-11,0.0033931658497757095,0.004084062173725098,0.0036531566938338375,0.006490641066243264,-0.01573817099229211,-0.039593863939663035,0.003932104075427516,0.006607419666028289
2023-09-12,-0.0008177817817764097,0.0056988657479290885,-0.0018393479612747593,0.00373244926803092,0.036994464634436716,0.055378759669400444,-0.0020859809356226786,0.003550494208754809
2023-09-13,0.000514311553767211,-0.006299754726980685,0.0003756592686554874,-0.006952616148661494,0.008452006940944804,0.005676218442180529,0.0005924992092347207,-0.00658025805197969
2023-09-14,0.009656549133797692,0.012796281398297532,0.008825393311522094,0.012152534690319865,0.024461466515258743,0.02937599830394797,0.008856420307590882,0.012075723892074368
2023-09-15,-0.008615113446069267,-0.009334441269181764,-0.00890744977404194,-0.011742300389929914,0.0036215081248340366,0.03668825829573271,-0.00896707797696768,-0.012083255490545718
2023-09-16,,,,,-0.004618660812148594,-0.006659910407975791,,
2023-09-17,,,,,-0.001534952482642398,-0.020770588969725647,,
2023-09-18,0.0012718422651545236,0.006705187112313842,0.0011167757281519365,0.005608445833853469,0.008107574492706205,0.021907079628591175,0.0009051808287910311,0.005621363987316413
2023-09-19,0.00025013930418476974,-0.004490147839845201,0.00011377832835124795,-0.005610911333716288,0.010851361628077144,0.00887621635709273,0.00033750041094614464,-0.005655342247844112
2023-09-20,0.0018261469910758046,-0.011169824985571791,0.001667741937108661,-0.01187316168791781,-0.0017501664898007538,-0.005766862027017255,0.0016211033407572265,-0.012333289311026193
2023-09-21,-0.013694499241746587,-0.016096766558955068,-0.013901780727321697,-0.015496906989709777,-0.018574691633166038,-0.024628857995550528,-0.014088842304979267,-0.015876259505523155
2023-09-22,-0.0014030304399630616,-0.0036663034046357274,-0.0014574833635342358,-0.0039333844131431185,0.0023104479698485406,0.0011603144243161718,-0.0014138470366233202,-0.0038050654597776776
2023-09-23,,,,,0.0018398705246476042,0.0010069894419732907,,
2023-09-24,,,,,-0.005181138534136264,-0.008557802306578684,,
2023-09-25,-0.0012052385102592636,0.004947963681115164,-0.0016656018866567552,0.004514402504417966,0.007641031097756321,0.01777016909831824,-0.001594842341473845,0.004804276462914019
2023-09-26,-0.006100288926985132,-0.009352356033857895,-0.006388507025065899,-0.010100849800988135,-0.0010004707691866964,0.007339834733458303,-0.0064613117877713394,-0.010217602427415557
2023-09-27,-0.006263986836830918,0.004751201522940886,-0.006572707358913664,0.003740700818412298,0.007450352998844513,0.0330093105569921,-0.006555756278263463,0.004167759970359164
2023-09-28,0.0022013336432299578,0.010744942503107714,0.0021263098287454462,0.00964151059264024,0.019484224029554235,0.028841380399150456,0.002293812922830752,0.009878578119675362
2023-09-29,-0.0038072747579109235,-0.01023207130357202,-0.004510472167039754,-0.011190183717018635,0.014653911272523044,0.00826286679621994,-0.0040739011475468805,-0.010810562537800923
2023-09-30,,,,,-0.0021358032844530895,-0.005510209435060764,,
2023-10-01,,,,,0.025062386762265812,0.023767670206125458,,
2023-10-02,-0.007646833945509264,-0.001781578598269051,-0.007257951348471187,-0.0015813758772544907,-0.023300233254892857,-0.007288507727775208,-0.007257320710863989,-0.00121496217484941
2023-10-03,-0.006477328591932249,-0.011271140073060425,-0.00752546787609208,-0.011610209225084845,0.02052929127496123,-0.006238781459318483,-0.007491458180588602,-0.011969929086528044
2023-10-04,0.004940243674543811,0.0050019148891597455,0.005721400972584708,0.00489257394181059,-0.00642644498128346,-0.004098695791598397,0.005834032974427291,0.005217009215462841
2023-10-05,-0.011874455986522026,0.0037393641910016405,-0.01156640226178298,0.004313515405734557,-0.010469444798494095,-0.009700750534600835,-0.011587839876260234,0.004382205138279561
2023-10-06,0.003687134971039162,0.018643534201683205,0.003988470612198783,0.01949258232492579,0.00129798646248338,-0.004945868234754495,0.00393933622876657,0.01937144235485888
2023-10-07,,,,,0.0061279063959959025,0.002092908683031955,,
2023-10-08,,,,,-0.0011977562712675892,-0.0056630046771651435,,
2023-10-09,0.00411051283161157,-0.006750893893874674,0.004732376704389288,-0.005160194141271373,-0.017360397970346685,-0.031027238845315837,0.004768933060516214,-0.005044788917397968
2023-10-10,0.010269555412515048,0.005151390742057081,0.010338134644819433,0.00652448744817724,-0.0023721137170072196,-0.012815961995908778,0.010297893334047752,0.0064243034344235
2023-10-11,0.000427695037998649,0.0167917588881057,0.0006029442506062773,0.01658063209763517,-0.00951022493365552,-0.0003120598731099248,0.0005056738972810523,0.016577661519581316
2023-10-12,-0.004547469591046839,-0.007586518746028762,-0.004350597981225206,-0.007984082907894185,-0.009693342464737019,-0.007525052652682298,-0.004324489984067673,-0.007857952972103973
2023-10-13,0.002898809476946606,-0.013693256630405689,0.002839907335089923,-0.014882753242061331,0.0058743711497598675,0.010502750337066274,0.002880257896234822,-0.014778477570172248
2023-10-14,,,,,-0.002905016116249624,-0.007130698265711235,,
2023-10-15,,,,,0.015783146066605327,0.009780566709978086,,
2023-10-16,0.006099112152720104,0.005690186145713924,0.005616010305874868,0.0026290989931856837,0.035801325973101775,0.04671652975515258,0.005620889416762096,0.002674021653689846
2023-10-17,0.0054672743572846665,-0.005767359715019394,0.0056936165755053746,-0.005044376684477508,-0.00381244408403596,-0.011978456902196935,0.005720865378867796,-0.00513718575368724
2023-10-18,-0.005775476446782263,-0.02221792191979229,-0.006223684629140898,-0.0236937213037674,0.0029306849842540674,0.003812754507438955,-0.006151439617684538,-0.023655794423906196
2023-10-19,-0.004653206417292068,-0.006887410154057913,-0.005071490902753058,-0.00740391410149285,0.010733114704463767,0.005685747887203333,-0.005067023648326795,-0.007446941741603138
2023-10-20,-2.355605389512948e-05,-0.0018178401372273912,-0.00016791212397937133,-0.0042078322365457855,0.01925651362825318,0.03329708963295024,-0.00017799663888499087,-0.004090228759046657
2023-10-21,,,,,0.008683424494581326,0.010606607964098371,,
2023-10-22,,,,,-0.006610644115232051,-0.006091835113282318,,
2023-10-23,-0.004158825757703212,0.011704461631665636,-0.004704522221254641,0.009402189503212387,0.05543784076857103,0.050274114602796065,-0.0047653053455966096,0.009370643836925036
2023-10-24,0.014376908738342128,0.035606541118400246,0.0145030813003311,0.03832818527204144,0.011134709885046825,-0.013098838973940596,0.01439588541660321,0.03793396525091408
2023-10-25,-0.00180052281450056,-0.018760844012198113,-0.002334785570813602,-0.019860958431051904,0.014604347766979874,0.011555846630751855,-0.0023084032180965886,-0.019753009865639826
2023-10-26,-0.0030180991737983817,-0.01630508730495947,-0.0031221659073280643,-0.015637633229414315,-0.008242270348584508,-0.015964365572159325,-0.0031191778972026276,-0.015463989742761669
2023-10-27,-0.017909500208786545,-0.019486362792205062,-0.018302964043571658,-0.018790102474834713,0.0018332578091377735,-0.011580706239152454,-0.018430810328632235,-0.018805183657692896
2023-10-28,,,,,0.006581866306324634,0.014434699532882352,,
2023-10-29,,,,,0.008913549880222431,0.006339826604465315,,
2023-10-30,0.00729513026289233,0.020082726602877233,0.006817114125176108,0.020914048865234763,0.004012255533863139,0.0030080652602165903,0.006908412582584329,0.020721824767746675
2023-10-31,0.005879865675030553,-0.01029203335826522,0.005671741221037989,-0.010634795693002661,0.01145844638804333,0.005598286233152724,0.005590617426796825,-0.010621720043469379
2023-11-01,0.004834031342411887,0.0024625525020903,0.004291011016274712,0.0025579876567615304,0.027698475078635494,0.016780067848799696,0.0042476760197096034,0.00270249701980956
2023-11-02,0.013656376293640317,0.008115469752640518,0.014468292528153041,0.010128592788227555,-0.011485802436944451,-0.0234181928676518,0.014447641862707378,0.010153466319924758
2023-11-03,0.001177113434620334,0.013426579030519118,0.0013593944604594272,0.013256225901344553,-0.014015197068540375,-0.005369972703024699,0.0013691811169696186,0.013407101195728336
2023-11-04,,,,,0.0070163397255604155,0.008072803135939353,,
2023-11-05,,,,,0.0022141918130256684,-0.002003740142024498,,
2023-11-06,0.0012458382159761911,0.017461493238778325,0.0012261304743212554,0.016265931421373978,-0.00307177106954901,0.006564847940234118,0.0012341335019882059,0.01646467825836553
2023-11-07,0.0013462929602431257,0.0014074299577897988,0.0014600071652861608,0.0013250461096796567,-0.001309418900725939,-0.0017761458129277356,0.0014941680442733568,0.0013511733181441564
2023-11-08,-0.00092850664112918,0.010246130387282044,-0.0009704099303075367,0.009932628729058417,0.012922326442727661,0.011872787663289988,-0.0009386522309564771,0.01012426345750927
2023-11-09,-0.00956530978649183,-0.005369379619094691,-0.009641743952241318,-0.004093167862345885,0.015183139401300559,-0.0063181691752790484,-0.009682260509438571,-0.003998623627446513
2023-11-10,0.00534132291403548,0.016773955645383948,0.004889511364172715,0.017616804248417436,0.04996910203088089,0.0357006757738187,0.004908441690871267,0.01777809946296348
2023-11-11,,,,,0.007523036430029475,0.0005877387161236137,,
2023-11-12,,,,,0.0013055017912066214,0.0016338781754720786,,
2023-11-13,0.0032086479501380336,0.003900266831665883,0.003327403838094418,0.004862618787859168,-0.01300298322223228,-0.01004651308276469,0.0033232635692954835,0.004832561193961526
2023-11-14,0.006147143481208092,0.009931539999407227,0.006582713892123193,0.01164497173330051,-0.03744797091101155,-0.029026081170171053,0.006692467166414414,0.011804822339001408
2023-11-15,0.0033276007479978724,-0.0033349023379659884,0.003239038965686599,-0.00562207181029863,0.03819552732083874,0.026413437186582973,0.0032604405165028126,-0.0057629179508220125
2023-11-16,-0.014841297010383961,-0.000541129091225945,-0.014818510293894502,-0.00035223013953204193,-0.028733736020074264,-0.018911967963175264,-0.014844769050451737,0.00011901056862716026
2023-11-17,0.00018249862083869871,0.0002202114953295238,8.603688928685665e-05,0.0016767091956015913,0.012358613018552924,0.010078478261123755,6.998161321321207e-05,0.0017427139675157115
2023-11-18,,,,,-0.0035307801808308575,-0.0035505432767155526,,
2023-11-19,,,,,0.012894896601842828,0.0136625710988795,,
2023-11-20,0.0037691111014619473,0.005519588443522831,0.003962103055647823,0.0074594272105980765,-0.010936597015379872,-0.010258051910667483,0.003935549344407652,0.007484835571237577
2023-11-21,0.002850325078051113,-0.006253371221989444,0.0031977240209140083,-0.003084530016713584,-0.04639294081746648,-0.045888812532423405,0.0032291735954906356,-0.003106824400558279
2023-11-22,-0.0003564171417568278,-0.005835127461867235,-0.0007128304251588548,-0.009066761916406521,0.048697362580653894,0.04727253235920751,-0.0007178961028415022,-0.009105542204665983
2023-11-23,,,,,0.0025923461751811705,0.002248764480274543,,
2023-11-24,0.004508742087430277,-0.0012918455217348721,0.004367702641893995,-0.0015626631564275054,0.019060260707258476,0.01750331087027059,0.00439477746695533,-0.0016510979268088792
2023-11-25,,,,,0.021501231541694373,0.01871274510103768,,
2023-11-26,,,,,-0.00860999490873067,-0.008185631503342986,,
2023-11-27,3.1459193264346184e-06,0.001031494525142677,0.0003723769619607371,0.0023048247359663786,-0.03090711944090911,-0.02778014831414764,0.00038775659091967393,0.0023533998075479312
2023-11-28,-0.00015249198838411727,-0.005417859252528888,-0.00021135656243116913,-0.005760493120364038,0.012204332307992822,0.011664155454421262,-0.00020518994942681683,-0.005834712533757893
2023-11-29,-0.0017258389157068334,-7.998669811874705e-05,-0.001774617262788034,-0.00014686744489603138,0.002900398514431344,0.0024700471117244036,-0.0018272052446337284,-9.217056729869381e-05
2023-11-30,0.008945434351947786,0.004080292976330366,0.008976243100450459,0.005071248816851365,-0.001972454594855071,-0.002518141742850989,0.008963017364189522,0.0050796759876365494
2023-12-01,0.003811330925740489,0.003464440342811036,0.0038359674563587546,0.002353530659180389,0.010552558986570888,0.012229231355987033,0.0038138388943111503,0.0023722232927730017
2023-12-02,,,,,0.010206770647241514,0.011255381328521646,,
2023-12-03,,,,,0.005398235062985935,0.0062067217514435785,,
2023-12-04,0.0028648649719099587,-0.0009023986452388506,0.002822741363694065,-0.007605959085539241,0.027235230900687357,0.03357865587124137,0.0028295285234877145,-0.007833785878661646
2023-12-05,0.0036014819004068057,0.004594819851570841,0.003026109709373706,-0.002659163254693268,0.02269447420373623,0.023479568906974852,0.003023538183787482,-0.0025656910956330468
2023-12-06,-0.0022963333889346287,-0.00830284626709671,-0.0026169473699255963,-0.006323761860528135,0.0022559056545942125,-0.0006114397774101948,-0.002638818717226297,-0.006349424766974186
2023-12-07,0.0005502423433544481,0.0034453300797728063,0.0008341487041526648,0.004013520995747375,-0.007788243516873065,-0.006789096598172545,0.0008975171148957054,0.0041293037996671484
2023-12-08,-0.0009649478139862121,0.01235391255742849,-0.0017107313164800386,0.010053844248885883,0.02213447778080402,0.02229342907025773,-0.0017451286456912538,0.01004955979504643
2023-12-09,,,,,-0.004931805497758587,-0.005242639989781437,,
2023-12-10,,,,,0.006241950995269654,0.004907074886820579,,
2023-12-11,0.005170871550937081,-0.014148449864534438,0.006538459393859337,-0.0030026237931762376,-0.04714683855527238,-0.05039604465002822,0.006556926867037063,-0.0029749420221129516
2023-12-12,0.004064125822754661,0.013622954790631457,0.00400076497757587,0.016078954394218397,0.0015566767001677605,0.002198763799065101,0.004055883882985045,0.01600129392484685
2023-12-13,0.014829283269151824,0.003186659946371288,0.01485102607972871,-0.0005010190393891995,0.019896978704733337,0.020780448370014432,0.014884976945156841,-0.00044309197761746604
2023-12-14,-0.003254910846392925,-0.003440741797967702,-0.003550237348711253,-0.004927871431843685,0.009968757302003537,0.009255955067659189,-0.0035380240308721467,-0.005048034959136613
2023-12-15,-0.005345632431732892,0.003618943632565624,-0.004549720936713296,0.009879200482236967,-0.0339996852519846,-0.03395178322712414,-0.0045419434004359905,0.00986269375009392
2023-12-16,,,,,0.009686673160194312,0.0096377703542802,,
2023-12-17,,,,,-0.012727979224896524,-0.017346504024201986,,
2023-12-18,0.003870320945467145,0.012465286506130463,0.003841399946880759,0.008684904267290447,0.0070555511421546944,0.02040163977091414,0.0037977397716997922,0.008792292854045933
2023-12-19,0.0031542463978914575,0.006854742929961267,0.0034582621269366293,0.010221316905320747,-0.006586833334037011,-0.007243908320800401,0.0034474548657485384,0.01012184441261559
2023-12-20,-0.012279196192549571,-0.012312769807057566,-0.013306503132743983,-0.021090646739114736,0.02489162078511815,0.029776251352227737,-0.013322366847164502,-0.021129114200062544
2023-12-21,0.007527871815042205,0.019931475545112907,0.007451340957128099,0.021923707699616594,0.013297307456002452,0.00843094900257791,0.007467168341204472,0.02182535644498706
2023-12-22,0.006173870744587742,0.00022401451812550542,0.006286465412547446,-0.0013101901152442275,0.0068001807611078454,0.0037134403117479787,0.006241821982176036,-0.0013218207641941088
2023-12-23,,,,,0.004992273483904252,-0.0013575267328368083,,
2023-12-24,,,,,-0.010129087816908454,-0.013624685952098906,,
2023-12-25,,,,,0.0036472595477909505,0.010002145598992693,,
2023-12-26,0.002531313583398965,0.000595922987516654,0.0032743123523173373,0.005960386253864873,-0.02546088870718321,-0.025496453661588685,0.00333378986813995,0.005968630067676973
2023-12-27,0.003783971373970633,0.014686950009031405,0.00338502242431229,0.0036265902674415106,0.026064968420352656,0.02474332380856899,0.003401554757458654,0.0036088881747482616
2023-12-28,0.0016198164559316482,-0.0016550622325648232,0.001874975995900914,0.001493545878115773,-0.007754880256364988,-0.013819579714737459,0.0019367709908903455,0.001509925119952483
2023-12-29,-2.713526013718671e-05,-0.005939332903823486,6.913348970435955e-05,-0.0031286450008707173,-0.006289600144490584,-0.009783206370692618,2.6197725937941294e-05,-0.003100521325052865
2023-12-30,,,,,0.0016540593132342264,0.003069119012761235,,
2023-12-31,,,,,0.00876951997031522,0.004599756566050253,,
