trading_date,Comm,Consumer,Energy,Financials,Healthcare,Industrials,Materials,RealEstate,Tech,Utilities
2020-01-02,,,,,,,,,,
2020-01-03,0.08718,-0.06894547619047618,0.19246166666666667,0.10718533333333333,0.21549047619047618,0.08408,0.10974999999999999,0.007240000000000002,0.06159097435897435,0.12738
2020-01-06,0.05423,-0.17423333333333332,-0.04618972727272727,0.05045500000000001,0.083755,-0.12488000000000002,-0.028300000000000002,-0.038419999999999996,0.0784682142857143,0.05634
2020-01-07,0.10428583333333333,0.10678931372549019,0.08543969696969696,0.284306,0.32717999999999997,0.04411722222222222,-0.055811999999999994,0.08879999999999999,-0.013116666666666665,0.009050000000000002
2020-01-08,0.17558,0.1472385,0.04761,0.11242,0.10863733333333334,0.024045714285714285,0.07636,0.0,0.007282142857142857,0.12738
2020-01-09,0.154382,0.05741,-0.018874999999999986,0.28060999999999997,0.1542911111111111,0.012205714285714283,-0.03983999999999999,-0.040319999999999995,0.0699545,0.16784000000000002
2020-01-10,0.16018,0.28345626984126987,0.08280800000000002,0.2615293333333334,0.09542666666666667,0.033716666666666666,0.025453333333333335,0.0,0.09154333333333334,0.059199999999999996
2020-01-13,0.028676666666666663,0.004144000000000004,0.07396200000000001,0.13161499999999998,0.24778000000000003,0.05552999999999999,-0.08571999999999999,-0.08412,0.24549266666666664,0.12489666666666666
2020-01-14,0.0006191666666666706,0.08908528571428571,0.13454349999999998,0.19619,0.13385750000000002,0.059236666666666674,0.13194,0.047893333333333336,0.20091575,0.005279999999999999
2020-01-15,0.03452,0.04291,0.2138183333333333,0.035565476190476196,0.25889999999999996,0.089663,0.0168,0.029599999999999998,0.13791199999999998,0.17563
2020-01-16,0.0004183333333333289,0.09546038095238095,0.08600666666666665,0.06089596825396826,0.13796,-0.07338499999999998,0.06919333333333334,0.010115,0.018463666666666666,0.09257000000000001
2020-01-17,0.11389,0.17721542857142858,0.10285428571428575,0.14342895726495727,0.10014500000000001,0.11426666666666667,0.08808,0.1486,0.1777044444444445,0.12244833333333334
2020-01-21,0.038040000000000004,0.08010533333333332,0.11287244444444444,0.11717999999999999,0.12024333333333333,0.18886666666666668,0.18836,0.07486,0.07141555777555778,0.15105022222222222
2020-01-22,-0.022039999999999997,0.07009310606060606,0.10997371428571427,0.19930555555555557,0.09057404761904761,0.1046862857142857,0.010085999999999998,0.050306666666666666,0.017946666666666684,0.17614
2020-01-23,0.10965,0.08442657142857142,0.09017333333333334,0.01531,0.05644416666666667,-0.01411142857142857,-0.059199999999999996,0.0103,0.148316,0.10610250000000002
2020-01-24,0.17530257142857142,0.12958566666666665,0.06157333333333333,0.032470000000000006,0.020309999999999995,0.029595238095238098,0.09407,0.18839999999999998,0.03489592592592593,-0.028099999999999997
2020-01-27,0.11109024242424241,0.07866423076923078,0.18136166666666664,-0.02652,0.2246453333333333,0.04934533333333334,0.089688,0.03612,0.06600430107526882,0.19892800000000005
2020-01-28,-0.03633272727272728,0.03644111111111111,0.04191166666666665,-0.03427999999999999,0.27093777777777783,0.06335666666666666,-0.0014733333333333376,0.05106000000000001,-0.17687049999999999,0.00023174603174603293
2020-01-29,0.036708000000000005,0.03861314285714286,0.09863333333333334,0.12932857142857143,0.18641166666666664,0.004039166666666666,0.16752499999999998,0.07579,-0.008395384615384615,0.015639999999999998
2020-01-30,0.25270099999999995,0.009240761904761906,0.010496666666666668,0.152345,0.141442,0.010459333333333331,0.06312428571428572,0.09878,0.11712079365079367,0.132215
2020-01-31,-0.010649999999999998,0.044192952380952374,0.10769714285714287,0.020736666666666667,0.10224272727272728,0.10813333333333333,-0.026406410256410256,0.02408,-0.032986666666666664,0.17178533333333332
2020-02-03,-0.18866727272727274,0.020195959595959594,0.07983380952380953,0.09355142857142858,0.22355799999999998,0.08330900000000001,-0.0033346666666666663,0.14476,0.17766555555555558,0.11301999999999998
2020-02-04,0.1309225,0.14832285714285712,0.05148243589743588,0.07699,0.11825192780337941,0.09446466666666664,0.14187,0.034,0.05473666666666667,0.20160999999999998
2020-02-05,0.11257899999999998,0.1401240909090909,0.1017411111111111,0.27631,0.1821795238095238,0.15771833333333335,0.054110000000000005,0.05198333333333334,0.07460800000000001,0.11915
2020-02-06,-0.006538333333333329,0.014994999999999994,0.504522857142857,-0.1472,0.16506785714285716,0.06691866666666665,0.06436,0.0,0.0818175,0.03190333333333334
2020-02-07,0.06914000000000001,0.13060333333333335,0.18725666666666668,0.2713986666666667,0.22736007692307694,-0.005146666666666667,0.05132111111111111,0.24698000000000003,0.2868725,0.15116000000000002
2020-02-10,0.03277599999999999,0.159785,0.22275299999999998,0.04199,0.27210303030303035,-0.0008999999999999986,0.007373333333333332,0.0,0.18759428571428574,0.14205833333333334
2020-02-11,0.0914,-0.006942857142857142,0.05099333333333335,0.14427666666666666,0.019909999999999997,0.08578333333333334,0.23231333333333332,0.08452666666666667,0.15818833333333332,0.114865
2020-02-12,-0.026111294117647045,0.04548616666666667,0.09527314285714286,0.26048714285714286,-0.003798333333333326,-0.007123333333333326,0.11732800000000002,0.046473333333333346,0.0363243116883117,0.17415571428571427
2020-02-13,0.15365222222222222,0.05834264705882351,0.03376749999999999,0.053773333333333326,0.1608808333333333,0.07436000000000001,0.059199999999999996,0.12695333333333333,0.010693999999999999,0.2777455555555555
2020-02-14,0.09172261904761905,-0.01398224509803923,0.0972925,0.08528,0.08153333333333332,0.0353375,0.027482857142857142,0.110812,-0.036949090909090904,0.160426
2020-02-18,0.12498000000000001,-0.05277816666666666,0.0905,0.12204,0.25894999999999996,0.19194499999999998,-0.016395,0.09492,0.019725268817204294,0.1266535
2020-02-19,0.04021809523809524,0.19439710317460318,0.14617833333333333,-0.005482857142857142,0.0901518137254902,0.0038199999999999996,0.12242444444444445,0.10593,-0.047320476190476204,0.21640944444444443
2020-02-20,0.07368166666666666,0.1574477142857143,0.19815666666666668,0.03996,0.24066722222222223,0.17815333333333333,0.014799999999999999,0.0,-0.012978253968253972,0.1043290909090909
2020-02-21,0.038785,0.06387014285714285,0.171315,0.14648388888888889,0.066954,0.06901666666666667,0.046012727272727275,0.04649366666666667,0.041481333333333335,0.10578635897435898
2020-02-24,-0.03978333333333334,0.0683877777777778,0.07205833333333332,0.2816715,0.06396500000000001,0.11362999999999998,0.08449999999999999,0.019790000000000002,-0.2589611428571429,0.156928
2020-02-25,0.028283333333333334,-0.0021578571428571445,-0.1466382142857143,-0.0015813333333333304,0.1128396638655462,0.07081833333333334,0.06621083333333333,0.048205,-0.00918530303030303,0.056410666666666665
2020-02-26,0.12050666666666668,0.16376858974358974,-0.033855,0.25816133333333335,0.19953000000000004,-0.000880000000000003,0.02866333333333333,0.027292500000000004,0.019905000000000006,0.16380333333333336
2020-02-27,0.12558666666666668,0.09767285714285714,0.2228217142857143,0.16362933333333335,0.04487715686274509,0.04466333333333335,0.04302,0.023013,0.2120025,0.06374666666666666
2020-02-28,0.13194,0.09610866666666666,0.08371033333333334,0.07106000000000001,0.03854799999999999,0.11446333333333332,0.054144285714285714,0.10351466666666667,-0.090316,0.29736583333333333
2020-03-02,-0.09630999999999999,-0.08106357142857143,0.08607138888888889,-0.03537250000000001,-0.024808000000000004,0.08251499999999998,0.07426166666666667,-0.002707777777777781,0.17178,-0.03968000000000001
2020-03-03,0.09726666666666664,0.05835970085470086,0.041444999999999996,0.12524666666666667,0.19403901785714284,-0.00572,0.031938333333333326,0.09511466666666665,0.067866,0.22934666666666664
2020-03-04,0.040232000000000004,0.18419,0.05448088888888888,-0.08367833333333333,0.37418615384615384,0.072,0.099858,0.093805,0.0025380000000000125,0.00575
2020-03-05,0.10109666666666665,0.13762444444444444,0.22001666666666667,0.10631766666666667,0.42545099999999997,0.14631361904761903,0.17617,0.27933,0.3957859523809523,0.4725693333333334
2020-03-06,0.181035,0.07891594805194806,0.06623000000000001,0.07868499999999999,0.10146128205128205,0.12312066666666668,0.04321333333333334,0.22342,0.14698033333333332,0.07459333333333333
2020-03-09,0.027944999999999998,-0.024376648351648347,-0.007359523809523807,-0.00039099999999999693,0.06611454545454545,0.04652666666666666,-0.014879999999999994,0.02023,0.04415753846153846,0.13833
2020-03-10,-0.010929999999999995,0.05611935897435898,-0.09956684210526315,0.20983133333333334,0.11973799999999998,-0.098977,0.054743333333333324,0.10695000000000002,-0.11020666666666665,-0.17196333333333333
2020-03-11,-0.044323999999999995,-0.008197010101010102,0.008469864734299514,0.11389333333333332,0.09916875,-0.08950333333333334,0.05930833333333334,0.059199999999999996,0.272895,0.22297000000000003
2020-03-12,0.022200000000000008,-0.03196085714285713,0.03261601190476191,0.18408999999999998,0.24613083333333333,0.15478476190476192,0.07129666666666667,0.30446,0.07748833333333334,0.03367333333333333
2020-03-13,-0.004152,0.04935908888888889,0.06268815789473683,0.00711619047619047,-0.14734066666666668,-0.17305,-0.052716000000000006,0.019309999999999987,-0.04570857142857144,0.001628095238095234
2020-03-16,0.07825299999999999,0.03579722222222222,0.2084266106442577,-0.1996966666666667,0.007959999999999995,0.04446,0.08424666666666666,0.11839999999999999,-0.011568928571428577,0.11733
2020-03-17,-0.012311333333333344,-0.13602125724637681,0.0006908431372549068,-0.05933083333333333,0.0042973333333333336,0.06070500000000001,-0.0032400000000000094,0.04990583333333333,-0.10528666666666667,0.19956038095238093
2020-03-18,0.05186599999999999,0.051671619047619056,0.02599600000000001,-0.11708,0.3171,0.002528888888888886,0.10550833333333334,0.07348,0.12160083333333334,0.1844866666666667
2020-03-19,-0.02648399999999999,0.03006417027417028,0.018742857142857148,0.033416666666666664,0.05681125,-0.004995238095238097,-0.023740000000000004,0.0,-0.10072952380952382,0.24911
2020-03-20,0.03651833333333333,0.0218805,-0.046461999999999996,-0.1829933333333333,0.062375,0.012286666666666664,0.11279466666666667,0.13015333333333334,-0.10737666666666665,0.14374666666666663
2020-03-23,0.013975000000000001,0.0462953961038961,-0.10680738461538461,-0.05972666666666667,0.05900333333333332,0.07986371428571429,0.06369,0.049635,0.19086000000000003,0.09575166666666665
2020-03-24,0.16331284415584416,0.05063993281228574,-0.13521555555555556,-0.021570000000000002,0.044644329004329006,0.012568333333333325,0.17433285714285712,0.04302999999999999,0.18370166666666665,-0.01468028571428572
2020-03-25,0.17514076190476188,0.19699573260073258,0.11338933333333334,0.39868000000000003,0.27379619047619047,0.2409971111111111,0.31854,0.052515,0.3506681666666666,0.15418
2020-03-26,0.17759866666666663,0.17013257142857147,0.12720666666666666,0.016905000000000003,0.18096380952380953,0.06074500000000001,0.09878,0.04616,0.02907400000000001,0.29345000000000004
2020-03-27,0.12920166666666666,0.0860754761904762,0.175266,0.21854800000000002,0.26740909090909093,0.11279142857142858,0.09659066666666666,0.3093933333333333,0.293434,0.12444999999999999
2020-03-30,0.11372933333333335,0.04583217948717948,0.28984471428571423,0.15099666666666667,0.173266,0.22001666666666667,0.12936999999999999,0.30251,0.3283,0.29596466666666665
2020-03-31,0.183099,0.06934949122807017,0.12272133333333335,-0.18326533333333334,0.14428057142857142,0.01895561904761905,0.020159000000000017,0.265285,0.07616666666666667,0.13573785714285716
2020-04-01,0.12033333333333333,-0.023837333333333342,0.006620833333333342,0.018036666666666666,0.030491904761904758,0.04034666666666666,0.224695,-0.138415,0.018877333333333322,-0.14087500000000003
2020-04-02,0.06144666666666667,0.1795776666666667,-0.05197047619047619,0.046317904761904755,0.046206666666666674,-0.024707999999999987,0.04751466666666666,-0.026806666666666656,0.11331000000000002,-0.05755833333333331
2020-04-03,-0.09556,0.043527500000000004,-0.044638179487179484,0.04325633333333333,0.11523071428571427,-0.009444666666666667,0.03793666666666666,-0.031220000000000005,0.13770500000000002,0.044950000000000004
2020-04-06,0.2131947619047619,0.011120416666666666,-0.01831238095238094,0.09006214285714285,0.14477833333333331,-0.2088713492063492,0.051539999999999996,0.08339,-0.1759466666666667,0.2184
2020-04-07,0.2485433333333334,0.19159549783549784,0.11251055555555559,0.17170227272727273,0.33347310344827585,0.104016,0.074848,0.07337333333333333,0.28716742424242425,0.35653166666666664
2020-04-08,0.08162636363636364,0.24089971717171715,0.3126607142857143,0.14498366666666668,0.04370877192982456,0.298147,0.37297,0.07574333333333334,0.11083399999999999,0.18673266666666669
2020-04-09,0.037483999999999996,-0.012108331578947373,0.301839619047619,0.09422012987012987,0.12525555555555556,0.15880619047619046,0.18038133333333334,0.44486,0.23468,0.05550000000000001
2020-04-13,-0.02296333333333333,0.16850095238095236,0.1310592380952381,0.16522466666666666,-0.0016383333333333306,0.025403452380952363,0.1181393650793651,0.24424714285714283,0.13129666666666667,0.39142
2020-04-14,0.05822999999999998,-0.013241254079254078,0.12250822710622711,0.07874942424242423,-0.004051999999999989,0.019677474747474746,0.06534738095238095,-0.04814,0.1656227450980392,-0.0022397619047619054
2020-04-15,0.20913561904761907,0.22203950000000003,-0.013287499999999999,0.10299062937062937,0.16632476190476192,0.22061038888888893,-0.008499999999999999,0.3383466666666667,0.570381619047619,0.18238399999999996
2020-04-16,0.1238033333333333,0.0908309393939394,0.09343782051282051,0.10646266025641027,-0.062183095238095246,0.00011000000000000454,-0.03911595238095239,-0.11978000000000003,0.123804,0.043357
2020-04-17,0.2287443333333333,0.11577376811594202,-0.01728035064935065,0.042723166666666666,0.29998423558897247,0.12975175757575758,0.08621,-0.02732,0.30889855555555557,0.20834000000000003
2020-04-20,0.06399933333333332,0.21409866666666666,-0.09465570370370373,0.07220504545454545,0.2963773824593129,0.034617878787878774,0.24444,0.32406666666666667,0.09648407142857143,0.30659642857142855
2020-04-21,0.070725,0.07045158730158729,-0.1435638316080055,0.18399761904761908,-0.0469971914893617,0.04901333333333334,0.21026666666666669,0.01779,0.2413279166666667,-0.026239333333333337
2020-04-22,0.08243333333333333,0.012584288288288292,-0.22577819047619047,-0.10992333333333333,-0.01792247619047619,-0.00887699999999999,-0.06233333333333334,0.030495000000000005,-0.33475,-0.07370000000000002
2020-04-23,0.12742380952380952,0.1009368496732026,-0.029025000000000006,0.07353200000000001,0.23577243589743593,0.07662666666666668,0.13911500000000002,0.16865999999999998,0.3060380952380952,0.012886764705882356
2020-04-24,0.08730722222222223,0.08177963636363636,0.18642186363636365,0.13952,0.15419,0.283292,0.14747485714285716,0.12498000000000001,0.20845380952380954,0.14091
2020-04-27,0.015129090909090911,-0.003549333333333335,0.023216071428571426,-0.027948333333333332,0.021421857142857152,0.018203529411764705,-0.05186666666666667,0.041315000000000004,0.04478129032258064,-0.0029299999999999994
2020-04-28,0.08147666666666667,0.0866328888888889,-0.01183416666666666,0.09725249999999999,-0.013337523809523794,0.11695567676767675,0.2466066666666667,0.05312333333333334,0.14598163636363637,0.21103611111111115
2020-04-29,0.13426050505050505,0.08729956643356643,0.024332777777777766,0.24410499999999996,0.15199275384615382,0.08195640350877194,0.053927666666666665,0.08616499999999999,0.07001460317460317,0.16765000000000002
2020-04-30,0.06182000000000001,0.10723711721611721,0.18179214285714285,0.11755166666666668,0.03418616091954023,0.09884649735449735,0.29078,0.06166484848484849,0.1726877142857143,0.05824
2020-05-01,0.012448750000000008,0.004515166666666665,0.04404221356421356,0.07254076190476191,0.15098261538461538,-0.04491717948717948,0.08805500000000002,0.015673333333333338,0.07765200000000001,0.08940000000000001
2020-05-04,-0.06592966666666666,0.18047183333333333,-0.12447247619047616,-0.06349833333333332,0.04070619463753724,-0.07810254761904761,0.103285,0.019535,-0.15798900000000002,0.1153775
2020-05-05,0.07728711111111111,0.15703503296703297,-0.006829685314685319,0.127824,0.051395128205128204,0.07113238095238095,0.029556666666666665,0.031110000000000006,0.3556464705882353,0.18414
2020-05-06,0.11926785714285715,0.14162709523809522,0.0981181313131313,0.02016333333333333,0.167238431372549,0.2982255555555555,0.15791498039215685,0.09609333333333334,0.180675,0.11517763636363636
2020-05-07,-0.08196600000000002,0.07192623529411764,0.15253228571428573,0.04762500000000001,0.16397444444444445,0.06049199999999999,-0.021528571428571435,-0.025453333333333335,0.13057133333333332,0.1579873333333333
2020-05-08,0.091938,0.09888166666666667,0.1820947619047619,-0.09306333333333336,0.08167833333333333,0.017405,0.09727200000000001,0.26164533333333334,0.24068199999999998,0.14364333333333335
2020-05-11,0.140852,0.06855406493506493,0.19152833333333336,0.05417266666666665,-0.02470847222222223,0.0052975000000000105,0.06367916666666666,0.07484666666666667,0.4422091428571429,0.0828780606060606
2020-05-12,0.12894285714285716,0.08602495833333332,-0.05607011111111111,0.161149,0.02924748792270531,0.2866916666666667,0.05690200000000001,0.008289999999999997,0.12826677777777779,0.19041166666666667
2020-05-13,0.068945,0.10019939999999998,0.15184466666666666,-0.1478297142857143,-0.04649923809523808,0.02477818181818182,0.05597266666666667,-0.29967,-0.04530033333333333,0.159517
2020-05-14,0.015159999999999996,0.06879209523809524,-0.06230467532467533,0.15864920779220779,0.11921718259518259,-0.014755555555555555,0.12836466666666665,0.21844000000000002,0.1146022222222222,0.2278
2020-05-15,0.1712533333333333,0.12931193137254904,-0.07579,0.09045,0.12298833333333334,0.04379055555555556,0.114235,0.15836666666666666,0.15429166666666666,0.172935
2020-05-18,0.09845666666666666,0.08250251851851854,0.17580166666666666,0.19764214285714285,-0.007057727272727271,-0.032894666666666676,0.1926277777777778,-0.04884999999999999,-0.012865142857142839,0.16685523809523808
2020-05-19,0.14646866666666666,0.20182033333333335,0.1431256984126984,0.07014379365079365,0.11098933333333334,0.3855335454545454,0.08103,0.4415266666666667,0.015536666666666667,0.2606533333333333
2020-05-20,0.12955733333333336,-0.07248620512820514,0.124416,0.05999728571428571,0.2208736666666667,-0.10176999999999999,0.02493666666666667,0.06254,0.06736533333333332,0.05464
2020-05-21,-0.005675333333333333,-0.02694144957983192,-0.022844285714285713,0.37486,0.01466531135531135,0.11932666666666665,0.11316,0.06369,0.2370016666666667,0.017626666666666662
2020-05-22,0.10847200000000001,0.024796969696969692,-0.04974,0.081625,0.093502,0.006016666666666667,0.15098333333333333,0.0,0.012136111111111115,0.265722
2020-05-26,-0.05059000000000001,0.003622666666666674,-0.044225333333333346,0.15937333333333337,0.127765,0.06799,0.05464,0.0469025,-0.170014,0.04166
2020-05-27,0.13780466666666666,0.20328895238095238,0.10177142857142858,0.1617402380952381,0.03672219047619048,0.3014,0.11875833333333334,0.06588666666666666,0.06429245238095238,0.19776
2020-05-28,0.15016333333333337,0.15308409090909092,-0.059336,0.27748271428571425,-0.007068444444444444,0.3551885714285714,0.0,0.0,0.15682333333333334,0.17199
2020-05-29,0.09534436363636363,0.08792483333333334,0.14303,0.013584499999999994,-0.06203166666666667,0.13117661904761907,0.127,0.16668,0.10204952380952381,0.09992000000000001
2020-06-01,0.10081,0.08072742857142859,0.13018000000000002,0.041302,0.15832388888888888,0.15063333333333334,0.003600000000000001,0.01204,0.135827,0.17097333333333334
2020-06-02,0.15972342857142857,0.08122420414673048,-0.08187257575757576,0.06342099999999999,0.12184555555555557,0.11371499999999998,0.05464,-0.04880000000000001,0.14087666666666665,0.05445333333333333
2020-06-03,0.17357666666666666,-0.11654666666666665,0.13449142857142857,0.0899891111111111,0.02117515151515152,0.36593166666666666,0.219765,0.08968000000000001,0.21934666666666666,0.131285
2020-06-04,-0.07269666666666666,0.1979542857142857,0.42173,0.21618428571428566,0.25402650793650794,0.3350371014492754,0.12638,0.0872,0.168804,0.0
2020-06-05,0.16018499999999997,0.16784999999999997,0.07703600000000001,0.17758833333333332,0.10282650793650791,0.08098619047619049,-0.0256,0.059199999999999996,0.091885,-0.036432
2020-06-08,0.08882933333333332,0.118412,0.25553666666666663,0.3730236666666667,0.096875,0.35077,0.15984500000000001,0.0,0.11492555555555554,0.044555
2020-06-09,-0.1130925,0.16258666666666666,0.12971057142857145,0.2058357142857143,0.055461315789473685,0.07758941176470587,0.08176,0.10444,0.09585333333333335,0.31623999999999997
2020-06-10,0.0,0.015231047619047621,0.4114893333333334,0.10131190476190477,0.0009408333333333297,0.099748,0.15012,0.00516,0.29664238095238094,0.12929000000000002
2020-06-11,0.009570000000000013,-0.022498963636363632,-0.15578888888888887,0.14336238095238094,0.07865777777777778,0.022053333333333335,0.0,0.004915,0.013264999999999999,0.0
2020-06-12,0.006903809523809526,0.04995316017316017,-0.09804500000000001,0.0799708888888889,0.21064000000000002,0.10845095238095237,0.14028000000000002,0.14750999999999997,0.17045166666666667,0.12728
2020-06-15,0.06633333333333333,0.07265361904761905,0.027370000000000016,0.03857000000000001,0.019198,-0.05686199999999999,0.006530000000000003,0.059199999999999996,0.08545666666666668,0.05464
2020-06-16,0.01801333333333332,0.00854649350649351,0.05769311111111112,0.072435,0.17032571428571427,0.051806571428571424,0.05464,0.04019,0.14736666666666667,0.21602000000000002
2020-06-17,0.09305,0.17451999999999995,0.054147499999999994,0.08123333333333334,0.05510666666666666,0.10653300000000002,0.0,0.10523,0.14591,0.16722
2020-06-18,0.12827833333333333,0.17689083333333336,-0.0004159999999999997,-0.025888,-0.10197,0.0,-0.12248,-0.008280000000000004,0.042510000000000006,0.0
2020-06-19,0.009248999999999999,0.06908252380952382,0.015882666666666666,-0.09982,0.25315333333333334,-0.037181,0.0,0.20776,0.16786,0.08632
2020-06-22,0.12429333333333333,0.00780155555555555,0.18958904761904763,-0.08318,0.13482333333333335,0.08808,-0.04526,0.0,-0.07224,0.12854000000000002
2020-06-23,0.14001666666666665,0.04642333333333333,0.17707333333333333,-0.05169999999999999,0.2720066666666667,0.07751333333333332,0.04193999999999999,0.0,0.11546114285714286,-0.06698333333333333
2020-06-24,0.09857833333333332,0.17650266666666664,0.14533000000000001,0.09407,0.003192500000000001,0.17159799999999997,0.04588,0.0,0.059653333333333336,0.05464
2020-06-25,0.10274121212121212,0.015461000000000008,-0.18982071428571426,0.05100200000000001,0.015766666666666665,-0.03445333333333333,0.0,-0.07224,-0.12457666666666664,-0.02054
2020-06-26,0.07029866666666666,0.08762940000000001,0.11410380952380952,-0.01028685714285715,0.0934025,-0.059824705882352947,0.08038,0.0,-0.25697,0.0
2020-06-29,0.1451,0.1670535294117647,0.04991333333333333,0.010400476190476205,-0.036850999999999995,0.01019888888888889,0.068,0.0038199999999999996,-0.021609999999999997,0.068
2020-06-30,0.020961025641025637,0.04655276923076923,0.018720000000000007,0.13596133333333332,0.167875,0.09094642857142858,0.04526,0.0,0.07673333333333333,0.0
2020-07-01,0.09233428571428572,0.057023333333333336,0.10188466666666667,0.03491928571428572,0.08195000000000001,0.033904000000000004,0.04046,0.14436,0.15967599999999998,0.034
2020-07-02,-0.02744,-0.1007424025974026,0.04746333333333334,-0.19028499999999998,0.1979388888888889,0.15603666666666666,0.04046,0.0,0.10859999999999999,0.14079999999999998
2020-07-06,-0.008895,0.161906,0.17867757575757576,0.07885,0.098195,0.022302499999999996,0.0,-0.0256,0.11805000000000002,0.32296
2020-07-07,0.04434400000000001,0.0012227619047619014,0.12836380952380952,0.037554,0.09275857142857143,0.008782727272727272,-0.045770000000000005,-0.06364,0.05821532467532468,0.1439150724637681
2020-07-08,0.08076000000000001,0.11589745454545453,-0.02773642857142857,-0.05537000000000001,0.09613333333333333,-0.027297142857142853,0.0,0.09677,0.14006000000000002,-0.07184
2020-07-09,-0.06928500000000001,0.18475666666666665,0.11717999999999999,0.20556000000000002,0.1493719047619048,0.134395,0.11438,-0.11988000000000001,0.018144,-0.05780166666666666
2020-07-10,0.084225,0.0861675,0.14581000000000002,0.1419416666666667,0.026783333333333336,0.011333333333333351,0.0,0.0,0.10877428571428571,0.10533999999999999
2020-07-13,0.0,0.007357142857142847,0.17794666666666664,0.04296,0.22027181818181818,-0.06171714285714286,0.0,0.01544,0.0,0.14728
2020-07-14,0.025039999999999996,0.1670077142857143,0.2691,0.03127666666666666,0.05238,0.13714666666666667,0.0,0.0,0.26386000000000004,0.0162
2020-07-15,0.03231714285714286,0.08158119047619047,-0.00516,0.009121722222222217,0.22699000000000003,0.09359300000000001,0.0,0.0,0.086656,0.10928
2020-07-16,0.05775333333333332,0.12762828571428572,-0.083015,0.29622365217391305,0.15994999999999998,0.16625,0.0,0.00857,0.06254,0.3174
2020-07-17,0.13065333333333334,0.1739619841269841,0.09870000000000001,-0.023705151515151523,0.19647399999999998,0.0029400000000000003,0.01032,0.0,-0.006777333333333335,0.11438
2020-07-20,-0.09978000000000001,0.09583222222222224,-0.015300000000000005,-0.03740038095238095,-0.06471333333333333,0.044985000000000004,0.0,0.0,-0.034548,0.19182
2020-07-21,0.04097,0.04818432900432901,0.08381055555555554,0.06989999999999999,0.155855,0.16575818181818183,0.0,0.0,0.10221384615384617,0.007859999999999983
2020-07-22,0.17599666666666666,0.21607577639751555,0.24793843711843713,0.13388952380952382,0.17713,0.05318285714285714,0.0,0.017616,0.19012800000000002,0.0598
2020-07-23,0.07524,0.091004,0.158025,0.03539833333333332,0.31270000000000003,-0.0023766666666666715,0.05464,0.029869999999999997,0.13414333333333334,0.0
2020-07-24,-0.11882999999999999,0.048864294871794875,0.02224,0.010518333333333334,-0.06659999999999999,0.2657075,0.0074540000000000075,0.059199999999999996,0.13727777777777778,0.06133000000000001
2020-07-27,0.0190525,-0.008540833333333333,0.17448923076923079,-0.010969999999999997,0.16401500000000002,0.18255000000000002,0.08379,0.0,0.1172504761904762,0.15887999999999997
2020-07-28,0.07184,0.09007888888888889,0.030928,0.13596166666666668,-0.0036657142857142847,0.12667333333333336,0.019756000000000003,0.1045,0.13139666666666666,-0.010634999999999995
2020-07-29,0.06905000000000001,0.09230752380952381,0.08092,0.04396,0.0381,0.10083836842105262,0.11329499999999999,0.0,0.05361214285714285,0.04404
2020-07-30,0.019635000000000003,0.042264722222222224,0.24017,0.06744380952380953,0.138288,0.051385256410256416,0.03818,0.10452999999999998,0.18626552371541502,0.10754
2020-07-31,0.06398833333333334,0.10741133333333334,0.058042666666666666,0.164128,-0.0113525,0.0753268376068376,0.0039000000000000033,-0.09534000000000001,0.03265888888888889,0.052669999999999995
2020-08-03,0.12289000000000001,0.029280285714285714,-0.01115980952380952,-0.04995,0.044094871794871794,-0.010027999999999999,0.05464,0.11717999999999999,0.10533999999999999,0.06955
2020-08-04,0.24238400000000002,0.05033760784313725,0.10191750000000002,0.05421,0.05058619047619047,-0.11562018181818183,0.2535,-0.01032,0.09563533333333334,0.13778666666666667
2020-08-05,0.08877538461538462,0.20537616161616162,-0.005684999999999998,0.028711666666666656,0.0013533333333333342,0.04309999999999999,0.11839999999999999,-0.05994000000000001,0.08401836363636364,0.23578000000000002
2020-08-06,0.13505,0.020249411764705887,0.094115,0.07938300000000001,-0.013979999999999992,0.12022249999999998,-0.01027,0.029599999999999998,0.06801928571428571,-0.02054
2020-08-07,0.13417809523809524,0.060406,0.07737333333333332,0.002500000000000005,0.18206499999999998,0.18304,0.20776,0.0,0.022594999999999997,0.02717
2020-08-10,0.030405128205128206,0.11740533333333332,0.029141333333333335,0.034015000000000004,0.2503357142857143,-4.333333333333966e-05,0.0,0.27158,0.12738,0.0
2020-08-11,0.23690333333333333,0.09989385281385281,0.19686977777777784,0.26968333333333333,0.10184333333333333,0.09539,0.09034666666666667,0.0,0.09708,0.019376666666666674
2020-08-12,0.08351666666666667,0.053126833333333345,0.17973357142857144,0.10836000000000001,0.068,0.020532222222222223,0.0,0.08038,0.149071,0.14272
2020-08-13,0.08342999999999999,0.007589166666666663,0.16271333333333332,0.02815111111111111,0.04046,0.012625000000000003,0.0,0.0,-0.05931095238095239,0.02732
2020-08-14,0.059199999999999996,0.053421666666666645,0.05464,-0.09380333333333335,-0.13394,-0.07034,0.0,0.0,0.04298857142857143,0.0
2020-08-17,-0.06364,0.0468275,0.177065,0.08016666666666666,0.0,0.008364999999999989,0.0,0.07636,0.22335666666666665,0.25476
2020-08-18,0.12658666666666668,0.18120333333333336,-0.061919999999999996,0.06109333333333335,0.28032999999999997,0.09219999999999999,0.18649999999999997,0.12738,-0.0008940000000000053,0.18951
2020-08-19,0.12132666666666667,0.08419410714285716,0.01127333333333333,0.06856166666666667,-0.0898,0.15602,0.059199999999999996,0.11188000000000001,0.03285666666666668,0.09152
2020-08-20,0.0,0.15142939393939392,0.053013333333333336,0.055782,0.08945166666666667,0.12709600000000001,0.0,0.0,0.03752333333333333,0.0
2020-08-21,0.00512,0.072577,0.047895999999999994,0.1723692857142857,0.044259999999999994,0.11929999999999999,0.0,0.0,-0.06343111111111112,0.18508
2020-08-24,0.03560666666666666,0.23626966666666668,0.045533333333333335,0.15967333333333336,0.07681,-0.03522,-0.0256,0.03374666666666666,0.05089866666666667,0.13113999999999998
2020-08-25,-0.013860000000000003,0.07899285714285714,0.07997555555555556,0.36158666666666667,0.18137,0.256665,0.04046,-0.02054,0.010851666666666666,-0.018010000000000016
2020-08-26,0.016666666666666666,0.11229666666666667,0.004673333333333334,0.14367999999999997,0.11228777777777779,0.1547,-0.03558,0.05,0.041188999999999996,0.07224
2020-08-27,0.098772,0.06596190476190476,0.11475142857142857,0.08895,0.117564,-0.105765,0.059199999999999996,0.09176,0.09202666666666669,0.21067799999999998
2020-08-28,0.04046,-0.02580105263157894,0.02362514285714285,-0.03879999999999999,0.11295866666666665,0.07160333333333332,0.0,0.19455,0.07884166666666667,0.0
2020-08-31,0.04531166666666666,0.019691794871794878,0.002345,-0.110625,-0.014042666666666667,0.03558,-0.015086666666666668,0.0,0.19813333333333333,0.0
2020-09-01,0.10032666666666665,0.03242941176470589,-0.007902857142857139,0.08676999999999999,0.1798311111111111,0.319384,0.0,0.24176000000000003,0.09978190476190477,0.03904333333333333
2020-09-02,0.08423,0.08452476190476191,0.036559999999999995,0.13754666666666665,0.0690752380952381,0.04726,0.0,0.024890000000000002,0.015585000000000002,0.0
2020-09-03,0.1505933333333333,0.2,-0.03684,0.07525466666666666,-0.160415,0.14087333333333335,0.0,0.0,0.11515238095238094,0.35608
2020-09-04,0.05884857142857143,0.17257285714285714,0.10507599999999999,0.13491666666666666,0.02544,0.08002333333333334,0.02294,0.0,0.070045,0.09827
2020-09-08,0.10863666666666667,0.052898,0.027115,-0.06926,0.002841428571428578,0.0,0.029599999999999998,0.09341333333333332,0.22383000000000003,0.04046
2020-09-09,0.069788,0.10680690909090909,-0.1019097142857143,0.09639499999999998,0.047805,-0.039342,0.05,0.027950000000000003,0.122785,-0.16006857142857142
2020-09-10,0.11918,0.10890545454545456,0.04588,-0.11298,0.133745,0.11225333333333332,0.0,-0.12498000000000001,0.077465,0.1486
2020-09-11,0.012970000000000004,0.1711475,0.05464,-0.0031266666666666665,0.12738,0.010679999999999999,0.06582,0.0,0.09523333333333334,0.0
2020-09-14,-0.00442,0.10309166666666666,0.0708,-0.05994000000000001,-0.05620666666666667,0.022432,-0.059199999999999996,0.0,0.08456666666666665,0.0
2020-09-15,0.02327166666666667,0.06580914285714286,-0.026293571428571427,-0.02236999999999999,0.12028834782608695,0.03974,0.021075,0.06369,0.061204999999999996,0.045895
2020-09-16,0.028493333333333332,0.1365338095238095,-0.10440666666666668,0.12745,0.16348666666666667,0.12875333333333333,0.0,0.03292666666666667,-0.10886266666666664,0.014403333333333332
2020-09-17,0.04827000000000001,0.08876166666666667,0.07360166666666666,-0.019539999999999995,0.0,0.23273212121212122,0.0,0.0,0.24323999999999998,0.047685
2020-09-18,0.15084666666666668,0.2207163333333333,0.09484333333333334,0.07329,0.081785,0.15977113636363635,0.097435,-0.12248,0.09316952380952381,0.0
2020-09-21,0.027525,0.0021362987012987,0.049510000000000005,0.08238000000000001,-0.03865399999999999,0.20768666666666666,0.0,0.08808,0.0,0.0
2020-09-22,0.0784775,0.08879786666666667,-0.04809333333333334,-0.041182,-0.23964600000000003,0.018131333333333333,0.13141,0.0,0.06363333333333333,0.11148
2020-09-23,0.18247,0.18445739316239315,0.25954,0.13717000000000001,0.40259,0.13790333333333332,0.0,0.0,0.06541333333333334,0.08808
2020-09-24,0.07487,0.09492866666666668,0.057615000000000006,0.134876,0.06859333333333331,0.16385999999999998,0.0,0.0,-0.02054,0.0
2020-09-25,0.076438,0.06529190476190476,0.15663666666666667,0.14262249999999999,-0.10301,0.04422333333333332,0.12738,0.0,0.123915,0.0
2020-09-28,-0.058289999999999995,0.022583333333333327,0.03294999999999999,0.08038,0.10967333333333333,0.1589011111111111,0.0,0.0,-0.030586666666666668,0.0
2020-09-29,0.1542255,0.06900727272727274,0.09916,0.22749333333333333,0.020468666666666673,0.10279039215686277,-0.01996,0.04046,0.19356833333333331,0.065564
2020-09-30,0.011859999999999999,0.21098349206349204,0.25221,-0.05424,0.21182000000000004,0.11299999999999999,0.0,0.0,0.14643,0.05464
2020-10-01,0.17758,0.22516666666666668,0.008376666666666668,-0.004069428571428562,0.147745,0.20257966666666669,0.0,0.07636,0.08016000000000001,0.213744
2020-10-02,-0.009583333333333333,0.057404,0.06487111111111112,0.17794800000000002,0.10295166666666669,0.29468875,0.0,0.0,0.0,0.17616
2020-10-05,-0.12972,0.06484190476190475,0.2222254761904762,0.1350022222222222,-0.08116,0.02313,0.0,0.0,0.06639466666666667,0.30636
2020-10-06,0.07788750000000001,0.12436752380952383,0.12921316666666666,0.18571866666666664,0.08913222222222224,0.12008495238095236,0.05786,0.11438,0.10325200000000001,0.24665499999999999
2020-10-07,0.07554999999999999,0.17313444444444442,-0.009150000000000002,0.20621666666666666,0.07409333333333333,-0.006219999999999998,0.0,0.08808,-0.041666666666666664,0.20806
2020-10-08,0.15276,0.058458857142857146,0.023144000000000005,0.09624400000000001,0.1665247619047619,0.016075555555555548,0.0,0.0,0.26555999999999996,0.1366
2020-10-09,-0.086114,0.10740821428571427,0.15261619047619046,0.13609041666666666,0.014838333333333337,0.10056000000000001,0.0,0.0,0.06996190476190475,0.0
2020-10-12,0.11657785714285715,0.04635571428571428,0.0,0.26195,-0.093736,0.147898,0.0,0.0,0.15352133333333334,0.08092
2020-10-13,-0.01873212121212121,0.2718842564102564,0.1787275,0.16469345543345543,0.0482925,0.1533261904761905,0.04046,0.0,0.14646333333333333,0.19068000000000002
2020-10-14,-0.06806142857142858,-0.08431622807017544,-0.09545999999999999,0.06127583333333333,-0.05197999999999999,0.186382,0.0,0.0,-0.030493333333333327,-0.008999999999999998
2020-10-15,0.22808199999999998,0.1269125,0.02732,0.1328304347826087,0.11088400000000001,0.14747,0.11717999999999999,0.052669999999999995,0.0043,0.16392
2020-10-16,0.14469333333333334,0.0400570909090909,0.26669,0.16293033333333334,0.18227333333333334,0.14697333333333334,0.11988000000000001,0.0,0.14579666666666666,0.11438
2020-10-19,0.01017499999999999,0.23147333333333336,-0.019178749999999987,0.56552,0.002544615384615384,0.10715025641025641,0.11124,0.0,0.07855333333333334,0.0
2020-10-20,0.2748366666666667,0.24128,0.023918969696969702,0.17970666666666668,0.17096166666666665,0.214345,0.24242,0.0,0.020802499999999998,0.07921
2020-10-21,0.0,0.183925,0.11259333333333332,0.13975166666666666,0.22174999999999997,0.062329999999999997,0.0,0.14538,0.020385000000000004,0.0
2020-10-22,0.022346666666666664,0.18136980952380952,-0.030614999999999983,0.006058000000000003,0.16009600000000002,0.10532,0.068,0.029599999999999998,0.14243,0.059770000000000004
2020-10-23,0.018023333333333332,0.016974727272727273,0.12003833333333333,0.10409333333333334,-0.022653999999999997,-0.04199142857142856,0.058653333333333335,-0.11988000000000001,0.1099575,0.10132
2020-10-26,0.138175,0.285165,0.15537499999999999,0.18292000000000003,0.030576000000000002,0.32852,0.0,0.0,0.05714181818181818,0.08166999999999999
2020-10-27,0.09944857142857141,0.05901955555555556,0.06980433333333333,0.0040360000000000005,0.016857777777777777,0.22682555555555556,0.0,0.15997999999999998,0.029769999999999998,0.025755
2020-10-28,0.0,0.065585,-0.0005066666666666663,0.04614,0.06143714285714286,-0.02129025641025641,0.0,0.0,0.14720908571428573,0.03558
2020-10-29,0.075494,0.070246,0.058988571428571425,0.03187761904761905,-0.008314666666666665,0.1352571363636364,0.0,0.09152,0.06721142857142856,0.0
2020-10-30,0.17301000000000002,0.03665533333333333,-0.1950985714285714,0.10489000000000001,0.20504466666666668,-0.06347699999999999,0.04040200000000001,0.0,0.12096,0.04298
2020-11-02,0.14788,0.17318155555555556,0.025266499999999997,0.08553200000000001,0.036375454545454544,0.05957685714285714,0.0,0.0,0.05574,0.08196
2020-11-03,0.06413833333333332,0.09203722222222224,-0.08184083333333333,0.09402999999999999,0.06512555555555556,0.12131750000000001,0.1041,0.0,0.031911499999999995,-0.014290000000000002
2020-11-04,-0.06955933333333333,0.14961866666666662,0.129825,0.0670097619047619,0.10387733333333334,0.16295866666666664,0.09152,0.0,0.07976000000000001,0.05719
2020-11-05,0.06766599999999999,0.02544114285714285,0.092334,0.1607625,0.18835777777777776,0.18168666666666666,0.0,0.0,0.08558666666666666,0.009925
2020-11-06,-0.031197000000000003,0.15840928571428572,0.04858666666666666,0.12442,0.047150000000000004,0.09215666666666666,0.0,0.02679333333333333,0.09168000000000001,0.26086
2020-11-09,0.09671144607843138,0.05510857142857143,0.026895000000000002,0.1398,0.0,-0.009405714285714285,0.07832,0.09966,0.12655,0.14980000000000002
2020-11-10,0.2057085714285714,0.035877142857142864,0.16904728205128206,0.04666642857142857,0.20935333333333334,0.2142726666666667,0.0,0.14476,-0.015753333333333334,0.060571428571428575
2020-11-11,0.026924999999999998,0.0978048888888889,0.02643100000000002,0.1362,0.212596,0.11978233333333332,-0.068,0.0,-0.022237333333333335,0.05464
2020-11-12,-0.101235,0.08898266666666667,0.17864,0.1478335238095238,0.0,0.039290000000000005,0.049333333333333326,0.06124,0.12945619047619047,0.05913999999999999
2020-11-13,0.07258,0.08422580086580087,0.3424666666666667,0.1692842564102564,-0.01531,0.03413333333333333,0.04404,0.0,0.18486666666666668,0.18991000000000002
2020-11-16,0.086965,0.12708049689440995,0.11189333333333333,0.11451333333333333,0.17160000000000003,0.09176,0.14838,0.10533999999999999,-0.006774666666666662,0.0
2020-11-17,0.125346,0.18227977777777776,0.2094725,0.12498400000000001,0.029619000000000006,0.1116542857142857,0.14817,0.0,0.28620666666666666,-0.07041
2020-11-18,0.115872,0.2666457894736842,0.0,-0.0314,0.025965000000000005,0.11739000000000002,0.08808,0.0,0.19711666666666666,0.0
2020-11-19,0.008979999999999998,0.08077666666666668,0.05945333333333334,0.11738833333333332,0.15037333333333333,-0.02584111111111111,0.0,0.08808,0.200415,0.12498000000000001
2020-11-20,0.07045857142857143,-0.03740416666666666,0.08038,0.19852933333333334,0.05620333333333334,0.019245714285714283,0.08252000000000001,0.0,-0.021269999999999994,-0.03182
2020-11-23,-0.036219999999999995,0.09044369047619047,0.0,0.10204666666666666,0.0351975,0.059929333333333334,0.0,0.0,0.13829333333333332,0.02121333333333333
2020-11-24,0.03452666666666667,0.17166674725274728,-0.02423785714285715,0.028933999999999998,0.1924425238095238,0.12892571428571428,0.04046,0.0,0.07102,0.12288666666666667
2020-11-25,0.09909333333333334,0.032135,-0.14315,0.135245,0.047670000000000004,0.04514119047619049,0.08808,0.06427000000000001,0.0,0.04046
2020-11-27,0.042552,0.15788666666666665,0.12261249999999999,0.0005153333333333343,0.04019,0.22318666666666664,0.10717333333333331,0.0,0.07454666666666668,0.15148
2020-11-30,0.17606,0.11064999999999998,0.0597425,0.20613333333333334,-0.03129333333333334,0.10518571428571429,0.0,0.00506,0.16755,0.10533999999999999
2020-12-01,0.06034666666666667,0.11200000000000002,0.21517904761904766,0.022825,0.16828333333333334,0.09554457142857144,0.04046,0.15484,0.03130166666666666,0.10889
2020-12-02,0.08808,0.14459,0.10927,0.31537,0.04019,0.034210000000000004,0.12248,0.068,0.026776666666666664,0.05464
2020-12-03,-0.09878,0.015388222222222225,0.14893133333333333,0.11765,0.207675,-0.001566666666666669,0.09152,0.03818,0.160195,0.22591
2020-12-04,0.027834285714285718,0.09779,0.012890000000000007,0.09838,0.12248999999999999,0.11542369747899159,0.0,0.20356000000000002,0.04324333333333334,0.0
2020-12-07,0.10051000000000002,0.07866666666666666,0.0039141269841269765,-0.02116,0.06748833333333334,0.08516,0.0,0.0,0.15045,0.09046000000000001
2020-12-08,0.039542222222222215,0.09896714285714286,0.08032488888888888,0.04854066666666666,-0.06024,0.06739666666666667,0.0,0.09534000000000001,0.07000777777777778,0.05464
2020-12-09,0.061161818181818185,0.06071333333333334,0.055135,0.047122,0.10975333333333333,-0.0016377777777777768,-0.008533333333333334,0.0,0.10758999999999999,0.20324
2020-12-10,0.209395,-0.0014001212121212108,0.039928000000000005,0.08054333333333333,-0.04939,-0.04326555555555555,0.05037333333333334,0.00258,0.21740733333333334,0.22949999999999998
2020-12-11,0.15233750000000001,0.21859968253968254,0.277084,0.140775,0.06313500000000001,0.00019066666666667578,0.059199999999999996,0.0,0.23603833333333335,0.05004666666666666
2020-12-14,0.04853142857142857,0.14347326315789474,-0.233304,0.09013500000000002,0.30145299999999997,-0.07586066666666667,0.0,0.0,0.045279,0.028099999999999997
2020-12-15,0.04826749999999999,0.04732166666666667,0.07815000000000001,0.12006666666666668,0.14211500000000002,0.09333297619047619,0.0,0.015271999999999999,0.07591600000000001,0.07998999999999999
2020-12-16,0.09427571428571431,0.18401190476190474,0.20113333333333333,0.211165,0.22720666666666664,0.19887,0.0,0.08424000000000001,0.064346,0.0
2020-12-17,0.0,0.27887399999999996,0.008926666666666671,0.30798666666666663,0.11327499999999999,0.12286,0.0,0.15158,0.04046,0.0
2020-12-18,0.017132500000000002,0.17274,0.11717999999999999,0.26285933333333333,0.05570533333333333,0.1413625,0.08808,0.0,0.2327142857142857,0.12379
2020-12-21,0.006408,0.2572413333333333,0.036699999999999997,0.0,0.17505,0.026724499999999995,0.09069999999999999,0.03637,0.19258000000000003,0.05464
2020-12-22,0.062107333333333334,0.12752141125541128,0.13405733333333333,-0.029942657894736845,0.27162,0.22704149999999998,0.15333000000000002,0.02732,0.06248114285714286,0.16894
2020-12-23,-0.004289999999999997,0.08608799999999997,-0.018831999999999995,0.14948,0.040535999999999996,0.11319333333333334,0.0,0.0,0.16148,0.029599999999999998
2020-12-24,0.027115,0.13125683333333335,0.09534000000000001,0.16838,0.05341222222222223,0.2863866666666667,0.0,0.0,0.12294000000000001,0.05464
2020-12-28,0.016390000000000002,0.19487114285714288,0.045566666666666665,0.19669999999999999,0.21546000000000004,0.12240999999999999,0.0,0.08808,0.10528333333333333,0.0
2020-12-29,0.18002249999999997,0.24526172727272724,0.04997999999999999,0.10080111111111112,0.14919,0.19594857142857144,0.0,-0.02054,0.14590916666666667,0.2718900000000001
2020-12-30,0.1016,0.16010577777777776,0.05727,-0.33083999999999997,0.013486666666666666,0.199215,0.09534000000000001,0.0,-0.039791999999999994,0.0
2020-12-31,0.06124,0.35562000000000005,0.025820000000000003,0.03512,0.12083999999999999,0.07231399999999999,0.06364,0.0,0.169955,0.0
2021-01-04,0.060379047619047624,0.3254826666666667,0.04671333333333334,0.30639066666666664,0.13089666666666666,0.10445866666666666,0.08038,0.04074,0.12261,0.08808
2021-01-05,0.01793333333333333,0.10702622222222222,0.06635833333333332,0.19774166666666665,0.14343,0.03845277777777778,0.04404,0.0,0.13137,0.039224999999999996
2021-01-06,0.06041166666666666,0.09015666666666668,0.12317666666666667,0.14169,0.18424999999999997,0.07222,0.12264,0.0,0.05659499999999999,0.12738
2021-01-07,0.11120171428571428,0.06937,-0.019253333333333334,0.17318916666666667,0.04191,0.17658133333333334,0.0843,0.029599999999999998,0.09353066666666666,0.0
2021-01-08,0.16188000000000002,0.107911,0.05487333333333333,0.03955714285714286,-0.047700000000000006,-0.07347333333333332,-0.06824,0.0,0.018994,0.05464
2021-01-11,0.0,0.208589,0.0934207142857143,0.08542000000000001,0.0,0.0015688888888888864,0.010928,0.05464,0.034393333333333345,0.10117000000000001
2021-01-12,0.21936999999999998,0.14755666666666664,0.12099,0.006915507246376816,-0.10957285714285714,0.1561525,0.13232,0.17246,0.05332138888888889,0.13816
2021-01-13,-0.033755,0.14030083333333332,-0.012151333333333325,0.038448833333333335,0.159785,0.07617333333333334,0.0,0.015253333333333332,0.02641,0.24381
2021-01-14,-0.04492999999999999,0.12171999999999998,0.027894999999999996,0.08364833333333334,0.15412,0.23322363636363636,0.0,0.12507333333333331,0.0712023602484472,0.12496666666666667
2021-01-15,0.045871999999999996,0.06798000000000001,0.038355,-0.01383142857142856,0.120255,0.16112666666666667,0.0,0.0,0.12327999999999999,-0.07636
2021-01-19,0.04418333333333333,0.1527966666666667,0.16174307692307693,0.23589064935064935,0.1204,0.08051,0.0,0.18456999999999998,0.072098,0.08808
2021-01-20,0.042885999999999994,0.0835878787878788,0.15702666666666668,0.12009755555555557,0.10955,0.029585882352941174,-0.17012,0.0,0.06089938461538461,0.02732
2021-01-21,-0.2,-0.054398000000000016,-0.01909,0.06819890756302523,0.34577,0.029599999999999998,0.0,0.0025499999999999967,0.10948666666666666,0.02023
2021-01-22,-0.04365466666666667,-0.050777,-0.23058499999999998,0.08945499999999999,0.02023,0.008169999999999993,0.050780000000000006,0.0,0.16850333333333334,0.0
2021-01-25,0.078155,0.0271175,0.0399575,0.045916,0.0,0.06634999999999999,0.07224,0.0,0.13180333333333333,0.09966
2021-01-26,0.0754752380952381,0.05452,0.11744000000000002,0.18912833333333331,0.1696185,0.23630000000000004,-0.0448,0.08300666666666667,0.11713538461538461,0.11416999999999997
2021-01-27,-0.018938571428571426,0.11258138888888891,0.37006,0.15664944444444445,-0.003666666666666668,0.09428766917293233,-0.008533333333333334,0.019733333333333332,0.07855300000000001,0.0395875
2021-01-28,0.0013280000000000004,0.024555357142857143,0.12439333333333333,0.0007266666666666643,0.08873714285714285,0.06298579710144928,0.0,0.11398000000000001,0.21062833333333333,0.29754
2021-01-29,0.16285833333333333,0.1124907619047619,0.07949833333333334,0.04222722222222223,0.18121199999999998,0.11718349999999997,0.10082499999999998,0.0,-0.0830511111111111,0.18616
2021-02-01,0.05877666666666668,0.12376833333333337,-0.19830166666666665,0.098247,-0.06377999999999999,0.10917833333333334,0.04046,-0.028210000000000002,0.105405,0.11356
2021-02-02,0.41345333333333334,0.07755583333333335,0.09943151515151516,0.072459,0.23296999999999998,-0.04230342857142856,0.016076,0.12498000000000001,0.2274197142857143,0.10162
2021-02-03,0.12638333333333332,0.19279333333333332,-0.0019438596491228033,0.24018333333333333,0.043325,0.02530115384615385,0.0,0.04046,0.32508,0.05464
2021-02-04,0.009293333333333334,-0.01653111111111111,0.012773000000000001,0.20355600000000001,0.06564166666666668,0.03704999999999999,0.02064,0.11442000000000001,0.13579249999999998,0.06614333333333333
2021-02-05,-0.023813333333333343,0.21328933333333336,0.12944,-0.020971999999999998,0.10124318181818182,0.09231,0.0,0.0,0.07438164502164504,0.056179999999999994
2021-02-08,0.068705,-0.14214833333333338,0.036961333333333325,0.08035666666666666,0.26497466666666664,-0.015460000000000002,0.0,0.05719,0.17195333333333332,0.06764
2021-02-09,-0.00798833333333333,0.09790980952380954,0.11955750000000002,-0.007614095238095234,-0.03992,0.17795904761904763,0.08928,0.15821999999999997,0.07726999999999999,0.08726
2021-02-10,0.017104285714285718,0.05041428571428571,0.01591,0.010079999999999995,0.18605,0.05908666666666666,0.09921333333333333,0.0,0.034,0.05464
2021-02-11,-0.023785333333333346,0.09682190476190476,-0.11750000000000001,0.009806666666666667,0.19983599999999999,0.09015142857142858,0.04588,0.0,-0.011450000000000002,0.08463000000000001
2021-02-12,0.120215,0.09395555555555557,0.043355000000000005,0.16626500000000002,0.03291,-0.052669999999999995,0.0,0.08808,0.011865999999999998,-0.009659999999999998
2021-02-16,0.153,0.043276999999999996,0.019594666666666673,0.0,0.07707,0.19964666666666667,0.0,0.42962,0.09473333333333334,0.11191999999999999
2021-02-17,0.10841757575757574,0.06202557142857144,0.0994925,0.10036850000000001,-0.03931,-0.18483285714285713,0.08116000000000001,0.05719,0.03869,0.33836999999999995
2021-02-18,-0.007726666666666665,0.10958166666666666,-0.02203018181818182,0.17546599999999998,0.11289333333333333,0.02665714285714286,0.11369,0.0,0.1284013333333333,0.2889
2021-02-19,0.11839999999999999,0.1916569523809524,0.11680666666666666,0.061040000000000004,0.11442000000000001,0.08548428571428571,0.06925999999999999,0.0,0.07062,0.19068000000000002
2021-02-22,0.1272,0.09890333333333334,0.26348,0.12478,0.10251333333333335,0.21553133333333335,0.061309999999999996,0.034,0.15548,0.2403
2021-02-23,0.147552,0.059426,0.12051388888888889,-0.02732,0.191966,0.10063333333333332,0.010286666666666666,0.0,0.18842,0.16392
2021-02-24,0.14768666666666666,0.09059285714285714,0.2378033333333333,-0.052832222222222225,0.05736,0.05137333333333334,0.009569999999999995,0.04046,0.21879833333333334,0.07258
2021-02-25,-0.019178571428571423,0.037637500000000004,-0.025846333333333332,0.038974999999999996,0.11243,-0.08522166666666668,0.0,0.02266666666666667,0.06790666666666667,-0.03188
2021-02-26,0.0044977777777777785,0.12287166666666664,0.10586999999999999,0.14685133333333333,0.17182250000000002,0.11347888888888888,0.0,0.031408000000000005,-0.006279999999999999,0.0
2021-03-01,0.05897,0.1821105,0.01366,0.056620000000000004,-0.11126,0.011261666666666675,0.029599999999999998,0.07034,0.09306166666666668,-0.059199999999999996
2021-03-02,0.016930000000000004,0.18115833333333337,0.2517376666666667,0.001716000000000001,0.12715,-0.04041875,0.0026699999999999944,0.29812000000000005,0.10367,0.037380000000000004
2021-03-03,0.16122,0.03705,-0.053190666666666664,0.23106,0.06078,0.014700000000000001,0.0,0.0,-0.04197333333333332,-0.05671999999999998
2021-03-04,0.056625999999999996,0.029797619047619052,0.004489090909090904,0.011080476190476191,0.19836,0.03332714285714286,0.0,0.00172,0.13616,0.04046
2021-03-05,0.154,-0.08179681818181818,0.10244499999999998,0.13841199999999998,-0.019427499999999997,0.06155000000000001,0.059199999999999996,0.11148,0.05234,0.11126
2021-03-08,0.10985733333333332,0.1252625,0.1125333333333333,0.128544,-0.01999,0.03994285714285715,0.068,0.0,0.05286,0.038939999999999995
2021-03-09,-0.068966,0.10533833333333334,0.10406866666666667,0.133695,0.039439999999999996,0.12299833333333332,0.059693333333333334,0.22386,0.21138199999999996,-0.04019
2021-03-10,0.15458,0.09810533333333334,-0.10365238095238097,-0.016952000000000002,0.0,0.08130333333333332,0.0,0.0,-0.010104999999999998,-0.03412
2021-03-11,0.10993750000000002,0.15128748051948054,0.11134999999999999,0.23056333333333337,0.08512,0.06894615384615385,0.04278,0.03558,0.12498000000000001,0.15676
2021-03-12,0.131566,0.08439571428571428,0.17562333333333333,0.04652666666666667,0.028588000000000002,0.24921733333333332,0.12827,0.0,0.07936857142857143,0.0
2021-03-15,0.15660857142857143,0.14918285714285714,0.09534000000000001,0.07102333333333333,-0.02408,0.13777,0.059199999999999996,0.08768000000000001,0.14107,0.1127
2021-03-16,0.08673833333333333,0.2340242857142857,0.08874333333333333,0.208765,0.20649314285714288,0.21511333333333335,0.0,0.28554666666666667,0.025908000000000007,0.14944
2021-03-17,0.038728,0.19372450000000002,-0.05992333333333333,0.07153499999999999,0.11543999999999999,-0.007659999999999995,0.0,-0.011293333333333332,-0.03512,0.03833333333333333
2021-03-18,0.1295,0.09070249999999999,0.006846666666666666,0.15256999999999998,0.07621,-0.012004999999999988,0.02732,-0.01027,0.1967,0.0
2021-03-19,-0.007813333333333334,0.12857933333333332,-0.03853333333333335,0.026525,0.11881333333333333,-0.09712999999999998,0.0,0.19480000000000003,0.11353333333333333,0.068
2021-03-22,0.11760666666666666,0.05442238095238096,0.16752000000000003,-0.015564000000000005,0.17922000000000002,-0.060149999999999995,0.068,0.0,0.059199999999999996,0.0
2021-03-23,-0.002485,0.087212,0.006773333333333337,0.26280499999999996,0.004674000000000006,0.05023999999999999,0.04046,0.0,0.079411,0.0
2021-03-24,0.022164,0.163071,-0.12369277777777779,0.22003500000000004,0.07651,0.11825000000000001,-0.05,0.0,0.20391666666666666,0.02732
2021-03-25,0.18495,0.17302515151515152,-0.013957333333333332,0.08981333333333333,0.17994000000000002,0.0949933333333333,0.05464,0.0,-0.025705000000000006,0.0
2021-03-26,-0.002475999999999998,0.08411571428571427,0.14115333333333333,0.015587999999999996,0.14908000000000002,-0.068,0.10568999999999999,0.11968000000000001,-0.005879999999999996,0.17795999999999998
2021-03-29,0.034595,-0.025307380952380953,0.19800233333333334,0.21032399999999996,0.012458333333333332,0.07932142857142857,-0.11839999999999999,0.0,-0.008109999999999996,0.059199999999999996
2021-03-30,0.11353444444444442,0.2614518831168831,0.13676,0.01807244444444444,0.28385666666666665,0.22221033333333332,0.0,0.06455,0.15543999999999997,0.18943500000000002
2021-03-31,0.12869,0.105048,0.2677733333333333,0.022658076923076927,-0.04795,0.16586666666666666,0.0,0.07636,0.21305333333333332,0.0
2021-04-01,0.0,0.125685,0.16796333333333333,0.06342499999999998,0.050409999999999996,0.06729833333333334,0.059199999999999996,0.0,0.05668666666666666,0.05464
2021-04-05,0.06819,0.023636666666666667,-0.2929,0.15350199999999997,0.02037000000000001,0.08703333333333332,0.0,-0.05884,0.002878000000000014,0.042293333333333336
2021-04-06,0.344484,0.14930333333333334,0.06448400000000001,0.1638126406926407,0.10567533333333334,0.169832,0.12109,-0.04327333333333334,0.13720307692307693,0.053239999999999996
2021-04-07,0.0939742857142857,0.11216599999999999,0.026503999999999993,-0.02278800000000001,0.07364,-0.007865,0.03558,0.09534000000000001,-0.04551066666666667,0.0
2021-04-08,0.01686,-0.07609066666666668,-0.041080000000000005,0.118085,0.19962,0.06357333333333334,-0.06364,0.08038,0.07943,0.05464
2021-04-09,0.2307666666666667,0.29276928571428573,0.07392,0.013633333333333334,0.185678,0.06529333333333333,0.13013999999999998,0.0,0.0522,0.23976000000000003
2021-04-12,0.041713999999999994,0.14809714285714287,-0.15111,0.02396190476190476,0.13896999999999998,0.18125761904761906,0.0,0.0,0.12588166666666667,0.05464
2021-04-13,-0.11116,0.17996428571428572,0.14817,0.199456126984127,0.0803683333333333,0.13004,0.04046,0.19771999999999998,0.07679499999999999,0.20356000000000002
2021-04-14,0.196944,0.14032833333333333,0.14788666666666667,0.2411633333333333,-0.002796666666666681,0.265575,0.0,0.0,0.08186333333333334,0.045533333333333335
2021-04-15,0.16172,-0.008063333333333329,0.06063333333333334,0.11978232844574781,-0.01144666666666666,0.08647166666666666,0.11750000000000001,0.0,0.07398666666666667,0.34237
2021-04-16,0.01089,-0.013320571428571432,0.0017399999999999972,0.08326666666666667,0.10661000000000001,0.15460000000000002,0.0,0.09176,0.16139,0.07200999999999999
2021-04-19,0.09808,0.1554375,0.08471333333333333,0.20146285714285717,-0.05,0.00632666666666667,0.0,0.0,0.012846000000000002,0.0
2021-04-20,-0.026015,0.06033042483660132,0.04048500000000001,0.16203535714285713,0.044012857142857145,0.15152700000000002,0.20092,0.01591,0.04011695238095238,0.04523
2021-04-21,0.01864285714285714,0.021135952380952387,0.15418,0.26226000000000005,0.08759333333333333,-0.021778181818181818,-0.00516,0.0,0.04956750000000001,0.19656
2021-04-22,0.0497688888888889,0.08473666666666667,0.028654999999999996,0.09947333333333333,0.24697,0.03623666666666666,0.19538000000000003,0.0,0.027979999999999998,0.07261428571428571
2021-04-23,0.01721878787878787,0.19145833333333334,0.02112,0.08228333333333333,0.048555,0.09017,0.041075714285714285,0.08038,0.134533,0.111285
2021-04-26,0.136241,0.11434333333333332,-0.047299999999999995,0.18975333333333336,0.11148,0.061919999999999996,0.04404,0.15566,0.0606751282051282,0.05464
2021-04-27,-0.03693666666666666,0.1408921568627451,-0.015539999999999993,0.22928833333333332,0.24135500000000004,0.06953333333333332,0.0,0.0636,0.14296222222222224,0.0655
2021-04-28,0.031104444444444445,0.025711999999999995,0.039466666666666664,0.17128085714285715,0.22128166666666668,0.1168425992063492,0.0684,0.0,0.147788,0.04525
2021-04-29,0.21570666666666666,0.15206150000000002,0.188026,0.004456666666666662,0.1388272380952381,-0.01524336842105263,0.11148,0.11208666666666667,0.05417688311688314,0.10695999999999999
2021-04-30,0.12418100000000001,0.08236466666666667,0.12039333333333331,0.0896,0.12076885714285715,0.005193461538461541,0.019733333333333332,0.09926600000000001,0.10840000000000001,0.0
2021-05-03,0.10788666666666666,0.08240666666666666,0.20397500000000002,0.052839000000000004,0.15298984615384617,0.04303600000000001,-0.04526,0.1698,-0.004823333333333335,0.197405
2021-05-04,0.15644666666666668,0.07941866666666667,0.09553500000000001,0.22597499999999995,0.2069343333333334,0.029850476190476195,0.02732,0.18342,0.02965416666666667,0.1341
2021-05-05,0.263486,0.12166183333333333,0.04163471428571429,0.14647642857142856,0.10430999999999999,0.100888,-0.012937500000000001,0.0,-0.008704999999999996,0.21564
2021-05-06,0.062287999999999996,0.015803333333333332,0.06742999999999999,0.05547799999999999,0.22193000000000002,0.19239699999999998,0.17182,0.0,0.14187666666666668,0.04424
2021-05-07,-0.006366666666666665,0.13727833333333334,0.20033000000000004,0.083508,0.0,0.19809000000000002,0.04404,-0.0121,0.11095,0.0
2021-05-10,0.08235333333333333,-0.06119,-0.037505,0.03286333333333333,0.068,0.019579999999999997,0.0,0.0,0.15118666666666666,0.11383999999999998
2021-05-11,-0.11144033333333334,0.0988,0.11302133333333333,0.043842000000000006,0.08046266666666667,0.19173,0.15298,0.0,0.07957333333333334,0.3546714285714286
2021-05-12,0.20482,0.03266299999999999,-0.042772,0.0022799999999999986,0.08038,0.04725750000000001,0.06808,0.059199999999999996,0.0018399999999999992,0.0
2021-05-13,0.08715,0.009050000000000002,0.08828666666666667,0.03330333333333334,0.4131600000000001,0.08220857142857144,0.09878,0.13957999999999998,0.13212000000000002,0.13502
2021-05-14,0.0,0.22788399999999998,0.0,0.10682,-0.017186666666666663,0.07377,0.0,0.0,-0.02023,0.07636
2021-05-17,0.0,-0.02547938405797101,-0.017033333333333334,0.06492833333333334,0.13678,0.030299999999999994,0.059199999999999996,0.0,0.08215999999999998,0.10212000000000002
2021-05-18,0.00817589743589744,0.025900619195046444,0.18345533333333333,0.29199571428571425,0.12319399999999998,0.15174142857142858,0.11369599999999999,0.0,0.030506666666666665,0.05464
2021-05-19,0.001377666666666668,0.11644750000000001,-0.011774999999999997,0.15250666666666665,0.06571999999999999,0.007116,0.05904,0.0,0.14354,0.07224
2021-05-20,0.032966,0.07002933333333335,-0.047685,0.17470333333333335,-0.068,0.029969999999999997,-0.08038,0.0,-0.11640857142857144,0.13816
2021-05-21,0.109577,0.2060375,0.04046,0.06271666666666667,0.07164666666666666,0.13894,0.0,0.0,0.13196466666666667,0.19335
2021-05-24,0.21222285714285719,0.09479619047619046,0.029889999999999993,-0.0015766666666666694,0.24295999999999998,0.16063,0.03182,0.0,0.22671999999999998,0.12738
2021-05-25,-0.015649999999999987,0.1670268888888889,0.11589333333333332,0.031190000000000002,0.25008866666666674,0.145455,0.08449999999999999,0.04632,0.20259,0.16821999999999998
2021-05-26,0.16215,0.1364838888888889,0.13534277777777776,0.12618666666666667,0.17548,0.0,0.08038,0.23349000000000003,-0.028803999999999996,0.05464
2021-05-27,0.04462857142857143,0.07906878787878788,0.309022,0.07502499999999998,0.0,0.03629666666666666,0.0,0.0,0.26042,0.0743
2021-05-28,0.118326,0.22668249999999998,0.06648133333333332,0.009452499999999997,0.15024333333333334,0.07439777777777777,0.14282,-0.01027,0.18085199999999996,0.14538
2021-06-01,0.4019236666666666,0.34120666666666666,-0.025832000000000004,0.20167666666666667,0.06472666666666667,0.07224,0.08954,0.20112000000000002,0.11633,0.05464
2021-06-02,0.154908,0.26591628205128204,0.08505438095238096,0.07843955555555554,0.16207066666666667,0.14226,0.07872,0.0797,0.056664000000000006,0.12061
2021-06-03,0.12601,0.15471809523809527,0.13728400000000002,0.165604,0.15079000000000004,0.04078,0.0,0.11438,0.10558666666666668,0.26078
2021-06-04,0.0027133333333333306,0.20841000000000004,0.22660999999999998,-0.005325000000000002,0.17524,0.17161333333333334,0.16076,0.10102,0.04951,0.0
2021-06-07,0.295435,0.11211533333333334,0.0,0.27615,-0.01202,0.13876,0.0,0.059199999999999996,0.090086,0.12493000000000001
2021-06-08,0.1335111111111111,0.08687416666666667,-0.22979999999999995,0.21601809523809523,0.0886,0.23135500000000003,0.088285,0.09329000000000001,0.1879285,0.0
2021-06-09,0.2827266666666667,0.05634866666666667,0.14079999999999998,0.14422666666666667,0.09878,0.056909999999999995,0.07224,0.0,0.15052000000000001,0.12498000000000001
2021-06-10,0.0,0.07265999999999999,0.06250599999999999,0.14803700000000003,-0.016589090909090907,0.09079000000000001,0.0,0.0,0.07993000000000001,0.05464
2021-06-11,0.06415371428571429,0.0615895,0.12267000000000002,0.10994666666666668,0.12728,0.11079333333333334,0.0,0.15928,0.1197075,0.0
2021-06-14,0.11789666666666668,0.026685000000000004,0.033855,0.13820666666666664,0.02825833333333333,0.2827,0.0,0.0,-0.0059849999999999955,0.0
2021-06-15,0.10092666666666668,0.15620126984126986,0.20434799999999997,0.022173333333333333,0.14745833333333333,0.06364,0.20373999999999998,-0.01544,-0.025934000000000002,0.141205
2021-06-16,0.09738,0.19162466666666664,0.23552933333333334,0.18226,0.15709,-0.009253333333333332,0.0,-0.059199999999999996,0.0,0.12498000000000001
2021-06-17,0.22462,0.09042457142857144,0.229142,0.01782333333333333,0.0,0.190915,0.0,0.07893333333333333,0.10911333333333333,0.0
2021-06-18,0.23834999999999998,0.07094500000000001,0.03200666666666667,0.05872766666666666,0.07205333333333333,0.0,0.035412,0.09534000000000001,-0.01753755555555556,0.08038
2021-06-21,0.0,0.26881499999999997,0.09314,0.10187833333333333,0.18343000000000004,0.013140000000000002,0.08879999999999999,0.09769000000000001,0.07503800000000001,0.0
2021-06-22,0.17274,0.030614325396825393,0.10162749999999998,0.03667666666666667,0.2815226666666667,0.12130999999999999,0.026973333333333332,0.0,0.10342250000000001,0.10058166666666665
2021-06-23,-0.10769999999999999,-0.002868999999999999,0.053485000000000005,-0.103095,0.059199999999999996,-0.07773000000000001,0.04215,-0.04046,0.035640000000000005,0.0
2021-06-24,-0.0035726666666666684,0.13532316666666666,0.13546,0.15927,0.18658000000000002,0.04404,0.0,0.0,0.05453600000000001,-0.05519
2021-06-25,-0.10990666666666668,0.1748625,0.14267166666666667,0.16315452380952383,0.08786000000000001,0.013486666666666666,0.07894,-0.07636,0.21494666666666662,0.21954
2021-06-28,0.03293,0.05823883333333334,0.09781333333333334,-0.040108571428571424,0.09732600000000001,0.0167,0.030153333333333338,0.06369,0.31194,0.14192
2021-06-29,0.193076,0.08975714285714284,-0.057014999999999996,0.039690666666666666,0.13154000000000002,0.10276,0.0,0.012886666666666666,0.05321733333333334,0.20499
2021-06-30,0.08808,-0.024838571428571425,0.509124,0.09911,0.03919999999999999,0.17492000000000002,0.00516,0.0,0.266095,0.1775
2021-07-01,0.1665590909090909,-0.027970238095238083,0.08578333333333334,0.04118844444444445,0.064515,0.030506666666666665,0.0,0.0,0.062078666666666685,0.04939
2021-07-02,0.14739,0.102725,0.09316,0.11153181818181819,0.029599999999999998,0.15716999999999998,0.04046,0.29901999999999995,0.12839333333333333,0.02732
2021-07-06,0.0216,0.18076,0.286435,0.10407666666666666,0.45386999999999994,0.011380000000000001,0.059199999999999996,0.24758,-0.05025333333333333,0.05464
2021-07-07,0.0449,0.12166666666666666,-0.05439333333333335,-0.06368650000000001,0.012908000000000003,0.0013400000000000005,0.06361,0.17759999999999998,0.15541000000000002,0.08856
2021-07-08,0.031904,0.1907725,0.013188333333333333,-0.06003142857142855,0.24808,0.12584666666666666,0.0,0.17292000000000002,0.20768,0.059199999999999996
2021-07-09,0.16462,0.0016099999999999893,0.15350533333333333,0.03761111111111111,0.062165000000000005,0.08714,-0.04887999999999999,0.0,0.12301500000000001,0.12696999999999997
2021-07-12,0.18455333333333335,0.09102000000000002,0.15546,0.20595476190476192,0.0,0.04166,0.0,-0.02732,0.11637499999999998,0.02732
2021-07-13,0.09792500000000001,0.09840222222222224,0.15078833333333336,0.15077380952380953,0.07500333333333334,0.16555999999999998,0.07636,0.0,0.10748333333333333,0.03642666666666667
2021-07-14,0.11024,0.1619941666666667,-0.014179999999999998,0.1380897435897436,0.029599999999999998,-0.08556,0.0,0.0,0.09878,0.04182
2021-07-15,0.02266666666666667,0.052529000000000006,0.08196,0.13293692307692306,0.16252,0.04404,0.0,0.02023,0.013888000000000008,0.068
2021-07-16,0.05035333333333334,0.04116083333333333,0.001401333333333335,0.046793611111111105,-0.01531,0.0,0.08038,0.0,-0.004392000000000001,-0.06364
2021-07-19,0.017055999999999998,0.09246333333333334,0.09062533333333334,0.1668,0.13194,0.07506,0.068,0.0,0.0740236923076923,0.19391
2021-07-20,0.27175666666666665,0.017716363636363638,-0.13666166666666665,0.022902753246753248,-0.010580000000000003,0.058589999999999996,-0.013630000000000003,-0.11438,-0.0587554761904762,0.0341
2021-07-21,0.240516,0.114164,0.43355999999999995,0.1936893939393939,-0.01027,0.0,0.08084,0.0,0.09946999999999999,0.05464
2021-07-22,-0.022019999999999998,0.10402625000000001,0.29711333333333334,0.22480809523809522,0.0,0.059250000000000004,-0.03292666666666667,0.0,0.07971500000000001,-0.03182
2021-07-23,0.1445325,0.039744000000000015,0.09316333333333333,0.24904,-0.033357142857142856,0.05447500000000001,0.095724,0.059199999999999996,0.014929999999999999,0.041695
2021-07-26,0.05561666666666667,0.11201699999999999,0.21157466666666663,0.10754999999999999,0.0,0.07255500000000001,0.0,0.0,-0.038142333333333334,0.10084000000000001
2021-07-27,0.009571999999999999,0.06463700000000001,0.024342666666666665,0.023042857142857136,0.15766,-0.030856666666666664,0.06344000000000001,0.09670999999999999,0.10098634615384613,0.27130333333333334
2021-07-28,0.06020000000000001,0.10931666666666666,0.0,0.16570619047619048,-0.03525999999999998,0.058816507936507945,0.11778,0.0,0.015841919191919192,0.0
2021-07-29,0.05209333333333334,0.16672666666666666,0.113825,0.07306316666666667,0.12277666666666669,0.13990666666666668,0.0,0.029599999999999998,0.10124714285714287,0.0
2021-07-30,0.08975309523809524,0.19906323809523813,0.06970133333333334,0.25199,0.09557716666666667,0.11099,0.20673,-0.068,0.11806833333333333,0.09878
2021-08-02,0.02263,0.041459523809523814,0.08740159090909091,-0.023160000000000004,0.050972,0.071542,0.059199999999999996,0.0,0.14521,0.0
2021-08-03,0.03984333333333334,0.21767757575757574,0.040445666666666664,0.32739666666666667,0.17149300000000003,0.08247333333333333,0.0,0.02398,0.06435365079365081,-0.09324999999999999
2021-08-04,0.10770333333333335,0.07422571428571428,0.19889666666666667,0.047256,0.12119333333333333,0.02023,0.112625,0.058589999999999996,0.062337500000000004,0.0
2021-08-05,0.08381000000000001,0.03111,0.0,0.06202,0.14198499999999997,0.09478,0.0,0.0,-0.0302475,0.02732
2021-08-06,0.058223333333333335,0.261665,0.03897866666666667,-0.04152399999999999,0.1089,0.141575,0.0,0.0,0.0809004761904762,0.17333333333333334
2021-08-09,0.10434999999999998,0.11432000000000002,0.024866666666666683,0.0066466666666666644,0.07636,0.002930000000000002,0.0,0.08879999999999999,0.06175200000000001,0.06651
2021-08-10,0.14785666666666666,0.12404181818181818,-0.020416666666666656,0.1648241666666667,0.146725,0.16569333333333333,0.018213333333333335,-0.005135,0.043475,0.15199000000000001
2021-08-11,0.05222333333333333,0.03614,-0.05312714285714286,0.16275499999999998,0.046906666666666666,0.07267333333333334,0.01366,0.18658000000000002,0.004235999999999999,0.14616
2021-08-12,-0.03589999999999999,0.04983,0.11612666666666667,0.08308666666666667,0.12076,-0.065554,-0.08430444444444445,0.17572000000000002,0.0,0.02732
2021-08-13,0.26612666666666673,0.06666250000000001,0.022860000000000002,0.17793285714285717,0.19107000000000002,0.0,0.08038,0.059199999999999996,0.12394666666666668,0.02411
2021-08-16,0.13891,0.3079059210526316,0.014799999999999999,0.06266833333333333,0.11148,-0.029599999999999998,0.0,0.0,0.023295,0.14579999999999999
2021-08-17,0.03388928571428571,0.06066973684210526,0.05001428571428572,0.06406333333333333,0.09712799999999999,0.04722499999999998,0.04046,0.043969999999999995,0.02288,0.11480333333333334
2021-08-18,0.1275,0.03752255555555555,-0.153445,0.023705571428571427,0.25926,0.11148,0.14350000000000002,0.059199999999999996,-0.02628666666666667,0.059199999999999996
2021-08-19,-0.062116428571428586,0.06995150000000001,0.017855,0.08823499999999998,0.25174,-0.025280000000000014,0.12294000000000001,0.27971,0.30077175,0.0
2021-08-20,0.032813999999999996,0.10183666666666666,0.09139904761904762,0.15599000000000002,0.028579999999999994,0.04215,-0.01531,0.05,0.0635257142857143,0.0
2021-08-23,0.025723333333333338,0.140588,-0.18184,-0.04398,0.068,-0.15689999999999998,0.008139999999999991,0.059199999999999996,-0.058109999999999995,0.30866
2021-08-24,0.2151016666666667,0.031409285714285716,0.09965530303030304,0.17447999999999997,-0.02345,0.14681333333333332,0.08906,-0.02054,0.10318545454545455,-0.004159999999999997
2021-08-25,0.17979333333333333,0.019065714285714287,0.004946666666666666,0.10008999999999998,0.09377333333333335,0.2178,0.0,0.059199999999999996,0.00973936507936508,-0.04646666666666667
2021-08-26,0.04404,0.12409366666666669,0.02732,0.16136,0.05234,0.0363,0.0,0.12136,0.01366,0.00464
2021-08-27,0.14347,0.12436049999999998,0.055644000000000006,-0.0505,0.03450000000000002,0.0,0.059199999999999996,0.0,0.18797099999999997,0.0
2021-08-30,0.35937,0.058192727272727264,0.002534999999999998,0.07887999999999999,0.1952433333333333,0.09516166666666667,0.09878,0.02023,-0.010700000000000005,0.0
2021-08-31,0.10100200000000001,0.15870595238095236,-0.1371757142857143,0.04046,0.19630666666666668,0.03720666666666667,0.11148,-0.0070599999999999994,0.27007866666666663,0.21960000000000002
2021-09-01,0.03252666666666666,0.06124047619047619,0.08014733333333332,0.15947285714285714,-0.01909,0.12675,0.02266666666666667,0.0,-0.015545,-0.05464
2021-09-02,0.0,0.24788095238095242,-0.06276238095238093,0.081215,0.07129666666666667,0.0,0.0,0.05464,-0.02433333333333333,0.10398
2021-09-03,0.03255,-0.011259333333333338,0.2158341794871795,0.18016066666666666,0.11178666666666666,0.0046899999999999945,0.0,0.0,0.25962999999999997,0.11827999999999998
2021-09-07,0.18952666666666668,0.20468666666666663,0.10978678571428573,0.07333333333333333,0.0,0.018819999999999996,0.0,0.01032,0.17783333333333334,0.0
2021-09-08,0.14386000000000002,0.19995857142857143,0.20011433333333334,-0.06371250000000002,0.2293216666666667,0.159808,0.02679333333333333,0.12201999999999999,0.1948952380952381,0.045766666666666664
2021-09-09,0.12920166666666666,0.103635,0.09723142857142858,0.16177000000000002,-0.02143,0.15654666666666667,-0.10744000000000001,0.016720000000000002,0.08069,0.0
2021-09-10,-0.07891285714285715,0.06483666666666667,0.30797942857142857,-0.038935000000000004,0.008284523809523818,0.0,-0.030779999999999995,0.0,0.18947166666666665,0.0
2021-09-13,0.07242999999999998,0.15092200000000003,-0.030254999999999997,-0.10399666666666665,-0.02121333333333333,-0.02471,0.0,0.10618666666666668,-0.10527333333333336,0.1445
2021-09-14,0.24411571428571427,0.1336848051948052,0.06427607142857143,0.047966666666666664,0.26873111111111114,0.060873333333333335,0.07007333333333333,0.0,0.05269966666666666,0.04946
2021-09-15,0.12824333333333332,0.15592833333333334,-0.029350000000000005,0.13352499999999998,0.12614,0.019733333333333332,0.07636,0.20424000000000003,0.194275,0.0
2021-09-16,0.004713,0.02382,-0.03437066666666667,0.19832333333333335,0.13782166666666668,-0.009750000000000003,0.0,0.0,0.06642428571428571,0.43908
2021-09-17,0.005959999999999993,-0.022214,-0.021932,0.09759999999999999,0.18983999999999998,0.02679333333333333,0.059199999999999996,0.014099999999999991,0.20064333333333334,0.10212000000000002
2021-09-20,0.05224342857142857,0.20521333333333333,0.030506666666666665,0.13742666666666667,0.034284999999999996,0.0,0.12798,0.0,-0.004446666666666654,-0.06364
2021-09-21,0.3034075757575757,0.1654626153846154,0.053949000000000004,-0.0891647619047619,0.06995133333333337,-0.002529999999999993,0.12561,0.058589999999999996,0.29294333333333333,0.06789
2021-09-22,0.0617,0.11219888888888889,0.12421,-0.020776999999999997,0.09152,-0.02263,0.0,0.034,0.11117178571428572,0.08481
2021-09-23,0.15978399999999998,0.24298333333333333,0.09969333333333334,0.10247904761904762,-0.06726,0.029360000000000004,0.03682,0.06069,0.08091866666666667,0.11834
2021-09-24,0.04259,0.2217338095238095,0.17425166666666664,0.006608000000000003,0.219124,0.26409333333333335,0.0,0.0,0.04324833333333333,0.15151
2021-09-27,0.05194,0.026449249999999997,-0.04978,0.1464,-0.02948666666666667,0.0128,0.0,0.0,0.17522,0.0
2021-09-28,0.15547000000000002,0.1272409523809524,0.0036222222222222324,0.150233,0.263595,0.042776,0.04019,0.14803,0.18366033333333334,0.24369000000000002
2021-09-29,0.140023,0.10505333333333333,0.0075466666666666685,0.2564447619047619,0.18062133333333336,0.05736666666666666,0.0,0.10533999999999999,0.151244,-0.008800000000000002
2021-09-30,-0.054200000000000005,0.18826900000000002,0.017446428571428568,0.00801,0.27834166666666665,0.0843,0.0,0.0,0.1705453333333333,0.052669999999999995
2021-10-01,0.10342666666666667,0.08550666666666666,0.09925333333333333,0.07618133333333334,0.0035899999999999986,0.13932666666666665,0.12498000000000001,0.12083999999999999,0.16957166666666668,-0.07981333333333333
2021-10-04,0.16461,0.15251961904761907,0.09469000000000001,0.129622,0.05945555555555555,0.0843,0.0,0.0,-0.171766,0.0
2021-10-05,0.018139999999999996,0.18449090476190474,0.130295,0.036401,0.1329816,0.096746,0.0,0.0,0.16395857142857143,-0.05553333333333334
2021-10-06,-0.004519999999999999,-0.021574666666666666,0.21605999999999997,0.047200000000000006,0.0013139999999999985,0.019733333333333332,-0.00411999999999999,0.0,0.13896000000000003,0.01366
2021-10-07,0.021336666666666667,0.166974,0.14254,0.11777333333333333,0.04624666666666667,-0.14342100000000002,0.10254095238095237,0.14811000000000002,0.05402450000000001,0.0
2021-10-08,0.23674166666666668,0.021430000000000005,0.11381857142857141,0.062368,0.08334266666666668,0.0,0.12738,0.0,-0.010751666666666677,0.09878
2021-10-11,0.019190000000000002,0.07654999999999998,0.05378571428571429,0.14272,0.042576666666666665,0.03917,0.148,0.20373999999999998,0.05983433333333334,0.0
2021-10-12,0.18658333333333332,0.10502971861471862,0.03470666666666668,0.16343003663003663,0.03921923076923077,0.37551999999999996,0.1889,0.08038,0.055946666666666665,0.15591666666666668
2021-10-13,0.18191,0.1741295,0.07396,0.011511666666666667,0.22478571428571428,0.0,-0.08155,0.0,0.21382933333333334,0.0
2021-10-14,-0.10480666666666667,0.06412200000000001,0.17314666666666664,0.13677100000000003,-0.055432,0.0965,-0.008615000000000001,0.20754,0.11946333333333334,-0.07636
2021-10-15,-0.001044999999999996,0.20767023809523807,0.11113500000000001,0.28640611904761903,0.0,0.14743,-0.05106000000000001,0.06468333333333334,0.05355599999999999,-0.008579999999999999
2021-10-18,0.16146,0.26034666666666667,0.173063,0.2152540873015873,0.10659999999999999,0.080905,0.059199999999999996,0.09084,0.12801999999999997,0.16632
2021-10-19,0.17103,0.0550689393939394,0.09307999999999997,0.03196966666666666,0.23418085714285714,0.12445333333333333,0.12498000000000001,0.0,0.07923111904761904,0.0679
2021-10-20,0.06590666666666667,0.035437916666666666,0.23352599999999998,-0.12944,-0.029842857142857143,0.06774666666666666,0.0,0.07636,0.2747116666666667,0.03612
2021-10-21,0.04050666666666667,0.18306,0.08418166666666667,-0.030470000000000004,0.06966399999999999,0.0294,-0.01779,0.05,0.13825333333333334,0.18254800000000002
2021-10-22,-0.012993571428571427,0.003927000000000005,0.07890166666666668,0.024579285714285713,0.24110499999999999,0.05244000000000001,0.08891833333333334,0.0984,0.08766199999999999,0.0
2021-10-25,0.19567333333333334,0.08992666666666668,0.1351022857142857,-0.09915333333333334,0.035275999999999995,0.062490000000000004,0.08038,0.14368,0.15496066666666666,0.14152
2021-10-26,0.368036,0.11121433333333333,0.14537944444444445,0.008700833333333335,0.033229999999999996,0.030143333333333345,0.07487,0.02023,-0.02313166666666666,0.14616
2021-10-27,0.2707571428571428,0.023364,0.1535657142857143,0.13056333333333334,-0.044615,0.05543866666666666,-0.01531,0.07828,0.09469119047619048,0.05464
2021-10-28,0.1139,0.20314083333333333,0.021904285714285716,0.039957619047619054,0.12554142857142855,0.011033333333333329,0.10533999999999999,0.06069,0.03258852380952382,0.04404
2021-10-29,0.07441,-0.0006516666666666726,0.08302833333333333,0.098585,0.10892876923076922,0.14222581818181818,0.009626666666666669,0.10249,0.25318999999999997,-0.055499999999999994
2021-11-01,0.18426,0.05980383333333332,0.3419472222222223,0.1744873333333333,0.008900630252100843,0.01261,0.0,0.10135333333333334,0.06054799999999999,0.05464
2021-11-02,0.07648500000000001,0.10802833333333332,0.08582916666666666,0.184029,0.2846013333333334,0.042460000000000005,0.0,0.0,0.25267833333333334,0.17616
2021-11-03,0.23997000000000002,0.186964,0.0009066666666666667,0.02996214285714286,0.11025333333333334,0.02459,-0.11845363636363634,0.013486666666666666,0.15081666666666665,0.0
2021-11-04,0.12103050000000001,0.17677380952380953,0.013253333333333334,0.09964500000000001,0.07965333333333333,0.05423,0.0,0.0,0.20185399999999998,0.010870000000000008
2021-11-05,0.13950533333333331,0.10844666666666666,0.15267833333333333,0.22290000000000001,0.10434606060606062,-0.024639999999999995,0.0,0.0765,0.2003686944634313,0.053654999999999994
2021-11-08,0.16154,0.27509,0.13559833333333332,0.07658000000000001,0.2118666666666667,0.15969333333333333,0.04215,0.0,-0.02313666666666665,0.07455333333333333
2021-11-09,-0.15794666666666668,0.09303066666666666,0.14157866666666669,-0.013870000000000002,0.14769092307692305,0.009496666666666664,0.094256,0.00996,0.06309800000000002,0.05464
2021-11-10,0.10533999999999999,0.10218,0.058188,0.013873333333333331,0.0713575,0.07014625,0.059199999999999996,0.12902999999999998,0.08496666666666668,-0.0126
2021-11-11,-0.06159333333333335,0.13460717948717948,-0.041400000000000006,-0.007507,-0.06520000000000001,-0.0963516666666667,0.09029333333333334,0.0,0.09087277777777779,0.0
2021-11-12,0.10554666666666668,0.0303336,0.045579999999999996,0.036383000000000006,0.19598666666666664,0.133815,-0.02023,0.16028,0.18551939393939393,-0.00258
2021-11-15,0.032920000000000005,-0.015451428571428578,0.0,0.0,0.117395,0.27281,0.08158666666666667,0.09176,0.07454,0.0843
2021-11-16,0.129412,-0.02384780701754386,0.017591666666666665,0.21119428571428572,0.10009666666666665,0.22657500000000003,0.12738,0.07823866666666666,0.1349466666666667,0.31565
2021-11-17,0.0203,0.11341554347826086,-0.011376000000000002,0.144544,0.08849599999999999,0.070465,0.07368000000000001,0.0,0.08814893939393939,0.04526
2021-11-18,-0.0023999999999999994,0.2867257142857143,0.010785714285714286,0.005269323308270672,0.18066500000000002,0.07259333333333333,-0.02044,0.010115,0.029725098039215685,0.12738
2021-11-19,0.09114999999999998,0.1358585714285714,-0.02236666666666667,0.2992,-0.03626,0.05469999999999999,0.0,0.23809999999999998,0.04507960591133005,0.059199999999999996
2021-11-22,0.04325,0.086488,-0.039520476190476196,0.18721866666666667,0.13001000000000001,-0.08885000000000001,0.0,0.0,0.09595473684210526,0.11717999999999999
2021-11-23,0.06441833333333333,0.11859752380952379,0.0007566666666666722,0.24497999999999998,-0.09375214285714287,0.091125,0.25709499999999996,0.19996666666666668,0.18750116666666666,0.10234666666666666
2021-11-24,0.13581400000000002,0.12491166666666667,0.23304399999999997,0.027968999999999994,0.14964,0.04576,0.050780000000000006,0.0,0.33617600000000003,0.0
2021-11-26,0.129365,0.05358666666666666,0.018213333333333335,0.06996,-0.11587999999999998,0.0,0.0,0.059199999999999996,-0.02493555555555555,0.068
2021-11-29,0.08984666666666666,0.27336733333333335,-0.03554,-0.07245966666666667,-0.07059333333333334,0.016,0.0,0.06369,-0.022650000000000003,0.0
2021-11-30,-0.13546,0.04122575757575757,-0.05344,0.014704333333333338,0.10093717948717948,0.02026,0.0,0.04166,0.12805257142857143,0.04755
2021-12-01,0.060309999999999996,0.19058066666666668,-0.023745000000000027,0.14717466666666668,0.05767428571428572,0.04284666666666667,0.08065,0.0,0.02141722222222222,0.11713
2021-12-02,0.19230333333333333,-0.080848,0.21672333333333332,-0.023854999999999998,-0.08930666666666667,-0.08699,-0.03996,0.04046,-0.06669999999999998,0.02732
2021-12-03,-0.064,0.16284357142857142,0.11395873015873015,-0.008119166666666655,-0.12022666666666666,-0.0025499999999999993,-0.14220666666666668,0.189,0.1771169696969697,0.0
2021-12-06,-0.009113333333333334,0.20594514285714288,-0.003618333333333333,0.007252000000000003,0.186535,0.12738,-0.006443333333333333,-0.08423999999999998,0.14342482142857144,0.16612
2021-12-07,0.05042222222222222,0.07901809523809525,0.03752988095238095,0.030609333333333332,0.17400722222222223,0.11961733333333333,0.047670000000000004,0.02023,0.15547971212121212,0.15674
2021-12-08,0.15863333333333335,-0.027633333333333343,0.09759233333333332,0.06895055555555556,0.009253333333333334,0.13554,0.0,0.0,0.18975738687782806,0.16999
2021-12-09,0.20429000000000003,0.03738333333333334,0.13581666666666664,-0.045172000000000004,0.06422666666666668,-0.020325,0.08808,0.009199999999999996,0.04304833333333332,-0.05464
2021-12-10,0.012575,0.119395,0.004825000000000001,0.19018666666666667,0.010859999999999998,0.12252999999999999,0.19453,0.12972,0.13742472727272728,0.0
2021-12-13,0.15510666666666667,0.021149999999999995,0.15840400000000002,0.055742,0.051321666666666654,0.06704666666666667,0.068,0.14504,0.04110363636363636,0.059199999999999996
2021-12-14,0.040465,0.05103,0.05660380952380952,0.292502,0.21109166666666668,-0.021665,0.0,0.013486666666666666,0.0803159090909091,0.14065999999999998
2021-12-15,0.043993333333333336,0.10391733333333333,0.19192,0.04806666666666666,0.049760000000000006,0.13813,0.14552,0.27915,0.02925833333333333,0.1089
2021-12-16,0.073494,0.30734500000000003,0.10407999999999999,0.048496,-0.014914999999999994,0.035264444444444445,0.13557999999999998,0.10115,0.20407466666666668,0.05464
2021-12-17,0.19804,0.24237000000000003,0.09286999999999998,-0.05700300000000001,0.011853999999999998,-0.02725500000000001,0.02145333333333333,0.06124,0.08213541666666666,0.0
2021-12-20,-0.07021999999999999,0.10430390476190476,0.090232,0.11059133333333333,0.20345399999999997,0.03994628571428572,0.0,0.04403999999999999,-0.12269000000000001,0.0
2021-12-21,0.19402,0.1249131221719457,0.000553333333333339,-0.045152727272727275,0.11151933333333333,0.019167499999999983,0.03256,0.05799,0.022605000000000004,0.17284000000000002
2021-12-22,0.059199999999999996,0.09009894736842106,0.0,0.14662,0.16676285714285716,0.11805533333333333,0.0,0.27568000000000004,0.1621288888888889,0.23176000000000002
2021-12-23,0.14596,0.016043333333333347,0.04019,0.1324,0.0706525,0.26861999999999997,0.0,0.0,0.5457966666666667,0.0
2021-12-27,0.07453333333333333,0.07442249999999999,-0.015326666666666669,0.09492999999999999,0.21105372549019608,0.019932,0.16787,0.0,0.12270833333333334,0.09152
2021-12-28,0.05935250000000001,0.060158333333333314,0.18410833333333335,0.19610999999999998,0.18295433333333333,0.214532,-0.02054,-0.0251,0.1307965,-0.02023
2021-12-29,0.029099999999999997,0.086561,-0.03384666666666667,0.07224,0.07422,-0.036004999999999995,0.10881,0.0843,0.18943031818181819,-0.00633999999999999
2021-12-30,0.013486666666666666,0.06378916666666667,0.18331999999999998,-0.05865666666666667,0.07364,0.07848999999999999,0.12738,0.09319999999999999,0.07580366666666666,0.13183000000000003
2021-12-31,0.12137066666666665,0.07742833333333332,0.025784999999999995,0.2779,0.1374338095238095,0.0843,0.04019,0.14189,0.15874000000000002,0.17163
2022-01-03,0.013193333333333331,0.05556333333333333,0.20697000000000002,0.080673,0.12043999999999999,0.0,0.0,0.018739999999999996,0.2338704285714286,0.05464
2022-01-04,0.08151538461538461,0.0528665,0.07005714285714286,0.06696171428571428,0.17695504761904762,0.24409,0.04046,0.06369,0.2687995238095238,0.04527
2022-01-05,0.10756000000000002,0.0,0.036173333333333335,0.08620244444444444,0.033301333333333336,0.13146,0.0,0.12288999999999999,0.061587843137254905,0.20779999999999998
2022-01-06,0.17665333333333333,0.053690555555555575,0.09487333333333334,0.12962600000000002,-0.020349999999999993,0.06679333333333334,0.018213333333333335,0.08808,0.13513872727272727,0.08158000000000001
2022-01-07,0.259594,0.15405466666666667,-0.03813999999999999,0.07243,0.31234,0.02023,0.14086666666666667,0.11839999999999999,0.15982,0.059199999999999996
2022-01-10,0.133331,0.007654999999999995,0.19564,0.06870333333333334,0.08882333333333334,0.063317,0.04019,0.0,-0.033966,0.08928
2022-01-11,0.11034857142857143,0.08441433333333333,0.13752733333333333,0.18653157142857144,0.22336666666666666,0.1759342857142857,0.059199999999999996,0.12738,0.0809375,0.33099
2022-01-12,0.080425,0.13477333333333336,0.09243047619047619,0.11200333333333332,0.060673333333333336,0.070588,0.0,-0.10618000000000001,0.11937288888888889,0.059199999999999996
2022-01-13,0.15800533333333333,0.11597333333333334,0.1994358333333333,0.20444772727272728,0.10244666666666666,0.2495683333333333,0.0,-0.054225,0.14554,0.0
2022-01-14,0.1368,0.255645,0.14125766666666667,0.13047952380952382,0.11591100000000001,0.012739999999999996,0.11046,0.068,0.22538711111111112,0.15829
2022-01-18,0.0408,-0.0298825,0.124254,0.09833298534798535,0.20000999999999997,0.19151555555555555,0.08186666666666667,0.0546,0.20481952380952378,0.10338
2022-01-19,-0.048118081232493004,0.032895820512820514,0.21999,0.152250417794971,0.14133233333333334,0.06635179487179486,0.011025333333333333,-0.04019,0.18140290476190474,0.38975333333333334
2022-01-20,0.06328333333333333,0.064398,0.13234666666666667,0.12486406679594916,0.049434000000000006,0.079128,0.08371333333333333,0.1776,0.13954033333333335,0.1315366666666667
2022-01-21,0.25361151515151514,0.1037374603174603,0.10958416666666668,0.13082880952380954,0.03701533333333333,0.16089933333333334,0.0354,0.27708000000000005,0.22160061904761905,0.30875
2022-01-24,0.19382000000000002,0.17677039215686274,0.077581,0.2109495238095238,-0.07991866666666667,0.017616,0.018213333333333335,0.22897000000000003,0.08734939393939394,0.20318
2022-01-25,0.13162333333333331,0.08680333333333333,0.04217333333333334,0.18590333333333334,0.006001944444444447,0.149028,0.13702,0.16029,0.15312506604506604,0.036655
2022-01-26,-0.002763333333333333,0.07974366666666667,0.143018,0.16253628571428572,-0.057996666666666676,0.10481539969834089,0.04019,0.21207000000000004,0.030626333333333332,0.2609933333333333
2022-01-27,0.28685617647058825,0.11051176470588235,0.16246611111111112,0.08993333333333334,0.06533857142857143,0.0781668115942029,0.02023,0.029360000000000004,0.06644259968102074,0.18020999999999998
2022-01-28,0.09587511904761906,0.019297380952380948,0.08199115384615385,0.17798950000000002,0.18564833333333336,0.17101899999999998,0.11991749999999998,0.30445,0.10302531818181819,0.22464666666666666
2022-01-31,-0.14285200000000003,0.0004079999999999995,0.14986347222222224,0.10907421245421245,0.10758000000000001,0.1273485,0.0,0.01079,0.1749627619047619,0.22712666666666664
2022-02-01,0.09369799999999999,0.13369066666666668,0.145155,0.05790333333333333,0.13813385714285714,0.16099541666666667,-0.033859999999999994,0.42042999999999997,0.09670966666666667,0.1405
2022-02-02,0.03691142857142857,-0.077415,0.07488556521739131,0.07575704761904763,0.08748273504273503,-0.0070921052631579,0.060833333333333336,0.05719,0.12699370370370372,0.30168
2022-02-03,0.13944238095238096,-0.04913452380952379,0.133138,0.25254600000000005,0.036543047619047614,0.08657833333333334,0.06841,0.11927000000000001,0.18780171179883948,0.15904000000000001
2022-02-04,0.20904238095238098,0.2271516666666667,0.075375,0.1748533333333333,0.10934499999999998,0.119354,-0.08808,0.059199999999999996,0.14016726984126984,0.32608000000000004
2022-02-07,0.037856,0.08700666666666666,0.10103499999999999,0.07817714285714286,-0.15523333333333333,0.23710000000000003,0.034,0.0,0.037741111111111114,0.21017999999999998
2022-02-08,0.18579466666666664,0.07478772727272727,0.1113692857142857,-0.00022866666666666592,0.24759238095238095,0.21522000000000002,0.06364,0.062490000000000004,0.08864738095238096,0.14033333333333334
2022-02-09,0.084515,0.15476884848484848,0.193198,0.15966466666666665,0.13141285714285714,0.013299999999999996,0.012630000000000002,0.08823,0.23324392857142856,0.15626
2022-02-10,0.256076,0.07301061904761905,0.18821000000000002,0.1608166666666667,0.2337933333333333,0.04046,0.08038,0.06493,0.14765569230769232,0.20698
2022-02-11,0.3528133333333333,0.14308610559006213,0.040017142857142855,0.012031666666666668,0.006826666666666664,0.022134,-0.03612,0.14778,0.07350999999999999,0.22026399999999996
2022-02-14,0.014603333333333334,-0.003964999999999996,0.11452199999999998,0.05312133333333333,0.24928333333333336,0.08159666666666668,0.15433999999999998,0.02023,0.04092277777777778,0.147532
2022-02-15,0.18856933333333334,0.10104091269841271,0.10457031746031745,-0.03953460317460317,-0.011488095238095235,-0.07985833333333334,0.068,0.37519,0.053582275641025634,0.24826
2022-02-16,0.18204000000000004,0.1757313888888889,0.09732199999999999,0.10678266666666666,0.023863333333333337,0.10735666666666668,0.0,0.13278,0.1272938823529412,0.2973
2022-02-17,0.06069,0.16758466666666663,0.15267,0.026989999999999997,0.134112,0.04894285714285714,-0.003920000000000002,0.18930000000000002,0.14363227450980393,0.12082666666666667
2022-02-18,0.17063285714285711,0.049109275362318836,0.04352399999999999,-0.04827509090909089,0.07400571428571427,0.058735,0.0,0.04166,0.1114956,0.17450333333333337
2022-02-22,0.0,0.02026083333333334,0.10198333333333334,0.05961333333333334,0.16795666666666667,0.030375000000000003,-0.15641600000000003,-0.01779,0.14117266666666667,0.006004999999999999
2022-02-23,-0.06219857142857142,0.10521680952380952,0.020900000000000012,0.06306714285714286,0.12414047619047619,0.045742500000000005,0.2171966666666667,0.106737,0.14458807142857144,0.034141333333333336
2022-02-24,-0.13194,-0.010833333333333316,0.12198883333333335,-0.04813833333333333,0.05464,-0.06950999999999999,0.13616,0.05957000000000001,0.21207666666666664,0.045533333333333335
2022-02-25,0.024010000000000007,0.013923333333333338,-0.03851633333333333,0.025797142857142852,0.153125,0.04623666666666666,-0.014799999999999999,0.208928,0.06595333333333335,0.03681333333333332
2022-02-28,0.08038,0.09116333333333333,0.08576076923076924,0.009335999999999994,-0.03182,0.038463333333333335,0.0,0.07417666666666667,-0.042288571428571425,0.06364
2022-03-01,0.1937188888888889,0.18484591208791207,0.070235,-0.03913910714285714,0.10059833333333335,0.145776,0.0,0.01513,0.14586272727272726,0.16144333333333333
2022-03-02,0.043699999999999996,0.01129928571428571,0.055955870927318296,-0.0969582380952381,0.10758666666666668,0.11884733333333335,0.10212000000000002,0.04046,0.1823533333333333,0.08951333333333333
2022-03-03,0.087284,0.1420520634920635,0.16560178571428572,0.08833047619047618,0.06908,0.10385533333333333,0.07998999999999999,0.06597,0.14562400000000003,0.0
2022-03-04,-0.03931799999999999,0.07471171428571428,0.0655637362637363,0.21699000000000002,0.004979999999999996,0.13957666666666665,0.0,0.174575,0.06495651515151515,-0.06364
2022-03-07,0.02787,0.07359085714285715,0.07573966666666668,0.09630666666666667,0.12006999999999998,0.13381666666666664,-0.0041799999999999945,0.16965333333333335,0.05196861904761905,0.15630666666666665
2022-03-08,0.055763333333333345,0.1106945238095238,0.053553879120879125,-0.005925230769230771,0.20492166666666672,0.14560333333333336,0.04526,0.05440666666666667,0.018420619047619047,0.131465
2022-03-09,0.046473333333333325,0.17687952380952382,0.12523977777777778,0.06810000000000001,-0.085295,-0.0048099999999999974,0.078325,0.068,0.12529333333333334,0.023079999999999996
2022-03-10,0.10212999999999998,0.04164821428571429,0.10806633333333333,0.11169633333333333,0.05889,0.1468838095238095,0.055900000000000005,-0.033859999999999994,0.07840942857142857,0.007089999999999999
2022-03-11,0.07840666666666667,0.07316199999999999,0.11546928571428572,-0.019381428571428567,0.03315,-0.03280285714285714,0.09483,0.034,0.27783369230769234,0.062360000000000006
2022-03-14,0.038795,0.07675266666666666,0.13963555555555557,0.08497428571428571,0.1535975,0.11408,0.10415333333333335,0.11364,0.079414,0.11148
2022-03-15,0.10785928571428571,0.060792857142857135,0.19085683333333334,0.17312000000000002,0.1770766666666667,0.27364,0.05,0.12754000000000001,0.26458244444444445,0.061453333333333325
2022-03-16,0.151826,0.14180444444444446,0.18263992857142858,0.004542666666666672,-0.07027000000000001,0.14221333333333336,0.11204,0.26957333333333333,0.09321386868686868,0.0951
2022-03-17,0.02732,0.08664166666666666,0.18090438311688312,0.11810228571428572,0.09095785714285716,0.008906190476190476,0.14148999999999998,0.03814666666666667,0.13736824675324674,0.12000000000000002
2022-03-18,-0.09547333333333333,0.01987111111111112,0.10943818181818181,0.15306642857142858,0.025551333333333336,0.16920363636363636,0.017,0.0,0.07387716666666666,0.03066
2022-03-21,0.28582,0.11450876190476192,0.07074333333333334,0.13341333333333333,0.11555333333333336,-0.016052820512820504,0.010940000000000016,0.07003000000000001,0.1473853333333333,0.08038
2022-03-22,0.09507800000000002,0.30715233333333336,0.09989019480519482,0.059014666666666674,0.18445333333333336,0.030477999999999995,0.12897333333333333,0.09498666666666666,0.10049066666666664,-0.00516
2022-03-23,-0.11776,0.12419666666666669,0.13208666666666669,0.05983999999999999,-0.060538333333333305,-0.12652666666666668,0.0843,0.030840000000000006,0.12455219047619046,0.18883999999999998
2022-03-24,0.090015,0.10520749999999998,0.04383416666666667,0.29982333333333333,0.027420000000000007,0.0054066666666666655,0.0,0.08808,0.06218736363636364,0.05464
2022-03-25,0.10521499999999999,-0.042955238095238095,0.10499238461538463,0.0036537142857142888,0.161075,-0.035565714285714284,0.06637000000000001,0.03716,0.11436908158508156,0.10928
2022-03-28,-0.0843,0.11713083333333332,0.3035553333333333,0.20247199999999999,0.05841,0.19724,0.12554666666666667,0.09628,0.13006791666666667,0.013179999999999997
2022-03-29,0.10390133333333332,0.1520642261904762,0.2789433333333333,0.021341428571428574,-0.06269499999999999,0.17419333333333334,0.03615333333333333,0.055400000000000005,0.26842,0.22599200000000003
2022-03-30,0.05295333333333333,0.10560083333333334,0.11205909090909091,-0.049535,0.040900000000000006,0.12603266666666668,-0.03716,0.17370666666666665,0.06540295238095237,0.040876
2022-03-31,0.06124,0.11848380952380952,0.29473333333333335,0.07946666666666667,0.040953333333333335,0.30258222222222225,0.068,0.23599,0.14768283333333335,0.3404
2022-04-01,0.14542,0.051818333333333334,0.015156666666666683,0.011833333333333328,0.11594000000000002,0.20839333333333335,0.23979,0.020330000000000004,0.1397956349206349,0.23757
2022-04-04,0.030560000000000004,0.018912761904761904,0.17353800000000003,0.11787044444444446,0.25156999999999996,-0.043424,0.19083999999999998,0.14761,0.09031396736596738,0.07793333333333333
2022-04-05,0.147815,0.08438292016806723,0.046625666666666676,-0.005731384615384613,0.07585700000000002,0.150995,-0.02515,0.10538499999999999,0.11491586466165413,0.11148
2022-04-06,-0.069578,0.08657761904761904,0.086984,0.189116,0.161048,0.025967619047619052,0.12086999999999999,0.123888,0.029282346153846155,0.10846
2022-04-07,0.008533333333333334,0.07396133333333332,0.143655,0.085905,0.030345,0.10770199999999999,0.16645333333333334,0.07712,0.1552212857142857,0.23135
2022-04-08,0.002338333333333331,0.014387444444444447,0.139066,0.06855766666666667,0.07783,0.05160285714285714,0.059199999999999996,0.08236,0.23489771428571427,0.10499333333333331
2022-04-11,0.03356,0.14961166666666664,0.1975842857142857,0.03279450980392156,0.358438,0.074775,0.01779,0.059199999999999996,0.38193333333333335,0.0
2022-04-12,0.04866176470588236,0.1837059285714286,0.27352583333333336,0.004413142857142843,0.09281966666666666,0.022772222222222225,0.17826,-0.0013766666666666706,0.234682331002331,0.15318
2022-04-13,0.20886,0.054097142857142864,0.18135844444444443,0.05892481818181818,0.09319999999999999,0.06599066666666667,0.15298099999999998,0.28442,0.12285428571428572,0.2279
2022-04-14,0.18822166666666668,0.012541999999999998,0.18383994444444443,0.13192422222222222,0.08409666666666667,0.01094,0.2803916666666667,0.015250000000000003,0.12568166666666664,0.0
2022-04-18,-0.058744,0.10697214285714285,0.22596000000000002,0.16878082857142856,0.06769342857142857,0.06582,0.071135,0.18849,0.006591666666666667,0.09022
2022-04-19,0.035902857142857146,0.180084,0.20733444444444443,0.24753025974025972,0.033716666666666666,0.032100000000000004,0.12001500000000001,0.050885,0.09197,0.09562
2022-04-20,-0.03867466666666666,0.10732969047619045,0.21925600000000003,0.19647561904761904,-0.007743523809523811,0.05134799999999999,0.05144,-0.093864,0.17060755555555557,0.15676
2022-04-21,0.07302833333333333,-0.014678333333333324,0.19884,0.04578,0.23918750000000003,0.10845400000000001,0.06941133333333334,-0.06099,0.140301,0.00516
2022-04-22,0.15636494736842108,0.14994066666666667,0.13927266666666668,-0.08960666666666668,0.12141666666666669,0.2278,0.06708044444444444,0.027644999999999996,0.04024880952380951,0.094915
2022-04-25,0.04176857142857143,0.15205190476190478,0.07542666666666668,0.138025,0.08412,-0.08736000000000001,0.006568888888888891,0.04046,0.027360000000000002,0.1382453333333333
2022-04-26,0.06806599999999999,0.07431406666666666,0.11920595093795094,0.14123233333333332,0.23023733333333332,0.16140285714285713,0.19062083333333332,0.13704666666666668,0.15357402380952379,0.160215
2022-04-27,0.2819006666666667,0.07064,0.1057852380952381,0.15742644444444445,-0.04502071428571428,-0.023898813852813845,0.11145000000000001,0.0,0.135942,0.28776
2022-04-28,0.07301071428571429,0.05156588888888889,0.2651357777777778,0.011045777777777788,0.08906333333333334,0.05259499999999999,0.0,0.046045,0.12966955555555554,0.06838333333333332
2022-04-29,0.02522,0.17100166666666666,0.2515092857142857,-0.014190952380952365,0.10540552380952381,0.043520714285714274,-0.018213333333333335,0.12934,0.020659431818181823,0.11132666666666666
2022-05-02,0.074061,0.08041375324675325,-0.08109881481481482,0.15678,0.09682833333333334,0.2221973333333333,0.0,0.14292,0.0014425108225108174,0.18022666666666667
2022-05-03,0.121806,0.11714738095238095,0.146958,0.13496999999999998,0.226363,0.06344066666666666,0.0,0.10212000000000002,0.045770865800865805,0.11643466666666666
2022-05-04,-0.015349999999999997,0.11965,0.19153033333333336,0.21465666666666663,-0.01531,0.23399999999999999,-0.014173333333333333,0.03404,-0.014621587301587302,0.24271000000000004
2022-05-05,-0.01088,0.07714231884057972,0.04779911111111111,0.0,0.04046,0.11836666666666666,0.08664000000000001,0.055353333333333345,-0.022746858974358974,-0.013235238095238095
2022-05-06,-0.027333333333333328,-0.09383695238095235,0.29554490476190476,0.12716199999999997,0.05953333333333334,0.0011606666666666653,0.12494000000000001,0.024773333333333335,0.27581316666666666,0.037353333333333336
2022-05-09,0.21114066666666664,0.03527057142857142,0.16832407142857142,-0.13598333333333334,0.014599999999999998,0.09739999999999999,0.0012199999999999989,0.022399999999999996,0.07282428571428572,0.086524
2022-05-10,-0.024980000000000002,0.12882402597402595,0.09269655411255413,0.025053333333333334,0.03511333333333333,0.1487765,0.0,0.13553,0.0890825641025641,0.049454999999999985
2022-05-11,0.04537285714285714,0.09924055555555558,0.13113142857142854,0.14088,0.14197200000000001,0.042471666666666665,0.2419,0.04052000000000001,0.19980564102564102,0.0
2022-05-12,0.043106000000000005,-0.023896,0.23219722222222222,0.08363833333333333,0.021426666666666688,0.0881952380952381,0.0,0.017810000000000003,0.10732678571428571,0.10533999999999999
2022-05-13,0.012635999999999998,0.05801480392156864,0.10331690476190476,0.09586833333333333,-0.005173333333333319,0.11331333333333334,0.26960666666666666,0.19050666666666669,0.03639452380952382,0.004685000000000003
2022-05-16,0.07741,0.06429476190476191,0.09861777777777778,0.11499200000000001,-0.01507,0.04651266666666667,0.06369,0.14160999999999999,0.09926212121212123,0.13271
2022-05-17,0.04784000000000001,0.019957333333333334,0.08721899145299145,0.03664714285714286,0.048321666666666666,0.137495,0.01806,0.10123666666666668,0.017866,0.10928
2022-05-18,0.009181333333333333,0.07727725490196077,0.08738175757575757,0.050210333333333336,-0.017347500000000002,0.11529199999999999,0.07167166666666666,0.27235,0.16402091575091576,0.31206
2022-05-19,-0.021075,0.01716661290322581,0.09223620512820514,0.10264333333333335,0.17671,0.0002933333333333371,0.059199999999999996,-0.03686,0.269345,0.0
2022-05-20,0.04399000000000001,0.15134,0.11894180952380953,0.14355400000000001,0.094805,0.19797666666666666,0.13044666666666666,0.029205,0.14425613636363638,0.11063
2022-05-23,0.16309,0.13630524844720499,0.21657,0.22629666666666667,-0.03602333333333334,0.0852261111111111,0.11655,0.07935999999999999,0.27979583333333335,0.039828333333333334
2022-05-24,-0.006215999999999999,0.06651283540372671,0.10954800000000002,-0.022407666666666666,0.18671,0.12813166666666667,0.169035,0.09847400000000002,0.16039965914786966,0.15509
2022-05-25,0.09552799999999999,0.19893866666666668,0.17849844444444446,0.32992,0.013724000000000004,0.255668,-0.0568,0.19203,0.24001999999999998,0.084095
2022-05-26,0.20104285714285713,0.023675047619047616,0.15403333333333333,0.016666666666666666,-0.10386500000000001,0.20750533333333335,0.09712666666666667,0.20534,0.0241180808080808,0.10928
2022-05-27,0.21776,0.09165325000000002,0.16509849999999998,0.17710499999999998,0.20277809523809526,0.05842333333333334,0.035645,0.08823,0.24216842105263153,0.06777999999999999
2022-05-31,0.07342333333333333,0.11223100000000001,0.25107380952380953,0.11309,-0.02572499999999999,0.12723666666666666,-0.07432,0.10679000000000001,-0.004007777777777782,0.07636
2022-06-01,0.11564933333333331,0.13059444444444446,0.22741289377289378,0.06108333333333334,0.32664666666666664,0.298388,0.07277,0.095115,0.2941422222222222,0.21101166666666668
2022-06-02,0.08048,-0.05751166666666665,0.2107964285714286,0.10417999999999998,0.05744166666666667,0.23869800000000002,0.0791,0.09534000000000001,0.15144611111111111,0.34697
2022-06-03,-0.07633000000000001,0.17414066666666667,0.32685400000000003,0.06272,-0.07786000000000001,0.038462666666666666,0.00516,0.11127000000000001,0.10932380952380952,0.2118
2022-06-06,0.04448866666666666,0.02904166666666667,0.1983666666666667,-0.03326,0.052653333333333344,0.08422666666666666,0.04046,0.18932999999999997,0.11425733333333332,0.10887
2022-06-07,-0.012226666666666669,0.08790466666666667,0.14872483516483517,0.23270833333333335,0.09547209523809526,0.016852000000000006,0.05872999999999999,0.045592,0.06840833333333333,0.08502666666666667
2022-06-08,0.032595,0.17995916666666667,0.095547,0.13640666666666665,0.13734333333333332,0.32036000000000003,0.031019999999999992,0.04432666666666667,0.06256533333333332,0.16316
2022-06-09,0.191892,0.14056,0.18043984126984128,0.033697142857142856,0.2734,0.003510000000000002,0.04939,0.081804,0.07279275,0.19480000000000003
2022-06-10,0.08032133333333333,0.004124714285714292,0.13054000000000002,-0.00770666666666667,0.013486666666666666,0.21109383333333334,0.023219999999999998,0.13612666666666667,0.065266,0.10734666666666666
2022-06-13,-0.031369999999999995,0.07040472727272727,0.09383333333333334,0.07261866666666666,-0.009484666666666672,0.037685,-0.09534000000000001,0.13562,0.04853750000000002,0.18683
2022-06-14,0.09076999999999999,0.11722030303030304,0.1252779292929293,0.12708233333333332,0.21730357142857143,-0.012410000000000004,0.03481,0.09178800000000001,0.12153770634920635,0.10225
2022-06-15,0.21526750000000003,0.07506357142857142,0.1712075,-0.09208476190476192,-0.030830000000000003,0.18406466666666665,0.12944,0.08678999999999999,0.1344104761904762,0.09342999999999999
2022-06-16,0.04044000000000001,-0.09682500000000001,0.2154575,0.058606666666666675,0.085899,0.17115181818181818,0.17692000000000002,-0.022409999999999996,0.234733,0.0
2022-06-17,0.022036666666666666,0.08174111111111113,0.06751,-0.008701666666666672,0.24372000000000002,0.074234,0.086484,0.08519,0.08834822510822511,0.03946000000000001
2022-06-21,0.13694599999999998,0.14481,0.19483333333333333,0.08931000000000003,0.20803333333333335,0.14329,-0.010889999999999997,0.230894,0.09359166666666667,0.1525
2022-06-22,0.09559428571428571,0.03636007575757575,0.05272926470588235,-0.02925466666666667,0.2519159523809524,0.18726833333333331,0.08520000000000001,0.22520333333333334,0.11818778205128204,0.10598
2022-06-23,0.08254500000000001,0.15841818181818185,0.042227777777777774,0.10756000000000002,0.018083333333333333,-0.030042777777777797,0.058973333333333336,0.15359333333333333,0.1888419047619047,0.3825033333333333
2022-06-24,0.008013333333333332,0.1562095,0.08919472222222222,0.049767166666666675,-0.09467933333333334,0.130004,0.11695666666666667,0.20191999999999996,0.1661,0.153
2022-06-27,-0.014863999999999999,0.022115000000000003,-0.08981416666666667,0.3014328333333333,0.28993714285714284,0.0032333333333333324,0.059199999999999996,-0.11148,-0.009807999999999994,0.06364
2022-06-28,0.09763000000000001,0.11678599999999999,0.10657933333333333,0.030147333333333342,0.19292942857142859,0.12119071428571429,0.2181466666666667,0.08831,0.2142255238095238,0.057300000000000004
2022-06-29,0.11567000000000001,0.13665487719298247,0.269013081232493,0.11619583333333332,-0.029466666666666662,0.04658857142857144,0.24530000000000002,0.0913,0.07973964285714286,0.15372333333333335
2022-06-30,0.005244999999999999,0.02108605194805194,0.18623314285714287,0.05522833333333334,0.26369714285714285,0.17250666666666667,0.034,0.14172999999999997,0.16612555555555558,0.15226
2022-07-01,0.1959216666666667,0.11716798534798537,-0.04983449999999999,0.1354057142857143,0.04474,0.2588933333333333,0.04427,0.034,0.12980755555555554,0.14246
2022-07-05,0.31268,0.06212892857142858,0.22599,0.06918333333333333,0.041837,0.05158,0.08038,0.09706,0.17648452380952379,-0.03318
2022-07-06,0.11972333333333333,0.11166799145299144,0.07907858682983682,0.09732780952380952,0.13635250000000002,0.16748500000000002,0.15793,0.17089333333333334,0.12629277777777775,0.16784
2022-07-07,-0.10833833333333334,0.11930133333333334,0.32752042857142855,0.03442199999999999,0.0004700000000000037,0.153915,0.18658000000000002,-0.09081999999999998,0.131968,0.24192
2022-07-08,0.0,0.01006333333333335,0.2622766666666667,0.18813266666666667,-0.012712857142857137,0.0772725,-0.040319999999999995,0.08804666666666668,0.06432939682539683,0.26877
2022-07-11,0.029563333333333337,-0.057898000000000005,0.12221,0.02326333333333333,0.30364,0.08492000000000001,0.06597,0.16555999999999998,0.09711866666666667,0.13102666666666668
2022-07-12,0.1824093333333333,0.074488,0.044755333333333334,0.1806987728937729,0.038387142857142856,0.12595666666666666,-0.018499999999999996,0.29322,0.2371707142857143,0.12399333333333333
2022-07-13,0.16039333333333333,0.1937422077922078,0.23591047619047617,0.015414095238095227,0.013692619047619047,0.064636,0.0,-0.00516,0.1152452380952381,0.0
2022-07-14,-0.05716000000000001,0.16275714285714288,0.16536833333333334,-0.020761923076923077,0.19980714285714288,0.18887666666666666,0.03658,0.14231,0.019836031746031747,0.08038000000000001
2022-07-15,0.04177000000000001,0.176815,0.18075333333333335,-0.05477192857142856,-0.08169799999999999,0.14362333333333333,0.08671666666666666,0.06642,0.15716000000000002,0.06539000000000002
2022-07-18,-0.07432,0.05306621212121213,0.27465833333333334,0.03811099999999999,0.025687500000000002,-0.01765333333333333,-0.0843,-0.196442,0.15673071428571428,0.176472
2022-07-19,0.038951071428571425,0.14950528571428573,0.2695073809523809,0.12111054621848741,0.10054400000000001,0.09538400000000001,0.0765,0.09613000000000001,0.23793557142857144,0.21922533333333333
2022-07-20,0.20059,0.10810542857142857,0.32101999999999997,0.08478533333333332,0.02985928571428571,0.12207999999999997,0.07421999999999998,-0.06294999999999999,0.040013999999999994,0.19366333333333335
2022-07-21,-0.018233333333333334,0.013165000000000001,0.17309214285714286,0.12118999999999999,0.25867927272727276,0.06999428571428572,0.03966,0.17764000000000002,0.1332546428571429,0.03818
2022-07-22,0.09383133333333334,0.04345619047619048,0.112725,0.164165,-0.04538249999999999,-0.00765666666666667,0.04207333333333334,0.17795999999999998,0.15202666666666667,0.0866
2022-07-25,0.08428266666666667,0.16752261904761906,0.18882181818181817,-0.009238333333333333,0.278042,0.03432,-0.010069999999999999,0.26661999999999997,0.20978000000000002,0.03426
2022-07-26,-0.022425,0.09171264102564103,0.33997331601731606,0.128082,0.060343999999999995,0.024085714285714287,0.16135803921568628,0.21288000000000004,0.07361013636363636,0.11213
2022-07-27,0.0,0.00638167536231884,0.071235,-0.046189999999999995,0.15696333333333334,0.12473948412698413,-0.03182,0.13984000000000002,0.013856666666666665,0.19828800000000002
2022-07-28,0.06653666666666666,0.05354960784313726,0.11778666666666666,0.21092500000000003,0.04655,0.0,0.08985714285714284,0.24497866666666662,0.13333233766233765,0.16386
2022-07-29,0.03170333333333333,0.009316888888888894,0.13992918181818184,-0.0035026666666666665,0.15138800000000002,0.0477647619047619,0.09617,0.047175,0.03477427272727272,0.17211714285714286
2022-08-01,0.04576,0.13318714285714287,0.28627487179487177,0.05444,-0.013652666666666669,0.08038,0.0,0.26866,0.22549713450292397,0.27461
2022-08-02,0.044908333333333335,0.12408014285714289,0.057070222222222224,0.18658000000000002,0.10002133333333334,0.174929,0.0,0.21189,0.20560694444444444,0.09072
2022-08-03,0.0475925,0.0666237777777778,0.10514642857142857,0.09679600000000002,0.1607875,-0.0007046153846153813,0.06611399999999999,0.066905,-0.04006928571428573,0.08966500000000001
2022-08-04,0.015399999999999997,0.0779876406926407,0.25675920855614975,0.084515,0.2749183333333334,0.07549333333333333,0.10557999999999998,-0.0017100000000000004,0.10856114285714284,0.134932
2022-08-05,0.05115333333333333,0.06134833333333334,0.13704785714285714,0.025888999999999995,-0.026314222222222218,0.0,0.04609,0.10949333333333336,0.050596666666666665,0.2568114285714286
2022-08-08,0.16040333333333331,0.0006400000000000184,0.198822,0.13387666666666664,0.17775833333333332,0.035645,0.09534000000000001,0.17848000000000003,0.10629333333333335,0.05757000000000001
2022-08-09,-0.1625,0.0893464761904762,0.09355876190476192,0.12589142857142857,-0.055024,0.15710000000000002,0.16576,0.10256000000000001,0.07008829629629629,0.06387400000000001
2022-08-10,0.02015000000000001,0.08117031746031744,0.03250393650793651,0.12018000000000002,0.054146666666666655,-0.019219999999999998,0.0,0.23228,0.0713476923076923,0.108384
2022-08-11,0.170978,0.08854678787878788,0.16080609523809525,0.2238425,0.09192000000000002,0.06518166666666667,0.08038,0.07224,0.08451339682539682,0.2230233333333333
2022-08-12,0.03246166666666667,0.06565648148148148,0.163892,-0.04968499999999998,0.027904,0.04873,0.0,0.25048000000000004,0.09493837662337663,-0.008853333333333338
2022-08-15,0.0695,0.22668885714285714,0.156642,0.198578,-0.021943999999999998,0.16574666666666665,0.0,0.01806,0.27806766666666666,0.08272
2022-08-16,0.08424833333333334,0.057081848484848485,0.14137850505050506,0.09562333333333332,0.008049999999999998,0.26516,0.03615333333333333,-0.03005000000000002,0.17435819047619044,0.18165
2022-08-17,0.07264833333333334,0.11442392857142858,0.16016666666666668,0.02023,0.06571666666666667,-0.12503999999999998,0.03612,0.14214000000000002,0.19299066666666664,0.104555
2022-08-18,-0.04899333333333333,0.0408883574879227,0.2747316666666667,0.06278000000000002,0.01909,0.017570000000000002,0.04404,0.175945,0.07983555555555556,0.23064
2022-08-19,0.004529999999999999,0.03643533333333334,-0.03893566666666665,0.20482266666666665,0.05664400000000001,0.013026666666666676,0.02263,0.02054,0.10242,0.19779
2022-08-22,-0.18883500000000003,0.038930666666666655,0.10785266666666664,0.03278666666666667,-0.028240000000000008,0.03818,0.0,0.29232,0.16227,0.056679999999999994
2022-08-23,0.21372,0.13030733333333333,0.2210671111111111,0.044505,0.21191333333333331,0.15896095238095237,0.05423,0.24802200000000002,0.25741533333333333,0.2433533333333333
2022-08-24,0.12571333333333334,0.07946685714285714,0.1240711111111111,0.21303200000000003,0.15182666666666667,0.10846,0.00664,0.04019,0.041184,0.0407
2022-08-25,0.13018666666666664,-0.04626866666666666,0.012638,0.054753333333333334,0.104735,0.1059,0.0,0.16047000000000003,0.14824991596638654,0.15559
2022-08-26,0.02849833333333333,0.150502,0.1050217857142857,0.017446,0.10454666666666668,0.11928000000000001,0.00258,0.17573,0.13230333333333333,0.09844800000000001
2022-08-29,-0.10375083333333335,0.0048238095238095245,0.09218333333333334,0.10244666666666666,0.15202666666666667,-0.023903333333333325,0.057730000000000004,0.1406,0.19178323809523812,0.08196
2022-08-30,0.15789499999999998,0.09779961904761905,0.18382174603174603,0.082995,0.26405333333333336,0.034608,0.001809999999999995,0.06865833333333334,0.07502333333333333,0.2883
2022-08-31,-0.10533999999999999,0.14592999999999998,0.09114714285714286,-0.016370000000000003,0.03273,0.142605,0.02278,0.10846,0.11686649999999998,0.03539999999999999
2022-09-01,0.15776333333333334,0.0524675,0.19469054545454548,0.061616666666666674,-0.20458500000000002,0.11480666666666665,0.00516,0.22335,0.07308666666666666,0.13264
2022-09-02,0.03812666666666666,0.168611,0.164953,0.277945,0.11460166666666664,0.181505,0.08595,0.068,0.007841267507002809,0.11444000000000001
2022-09-06,0.06369,0.039372000000000004,0.1971154761904762,0.11016466666666666,0.07638666666666667,0.09512666666666666,0.09152,0.03404,0.22613571428571425,0.07584666666666666
2022-09-07,0.13329,0.18459799999999998,0.11953100000000001,0.06870833333333334,0.205586,0.18913933333333335,0.0,0.29121,0.10662194444444444,0.21678999999999998
2022-09-08,0.07006952380952383,0.13488232142857143,0.17912999999999998,0.00998,0.052178666666666665,0.0864,0.026530000000000005,0.05066666666666667,0.11469166666666666,0.19389
2022-09-09,0.22610076190476192,0.07027000000000001,0.27589,0.154652,0.17820533333333335,0.005136666666666678,0.18839,0.23678,0.02906000000000001,0.15284333333333336
2022-09-12,-0.028329999999999987,0.23171916666666664,0.048162666666666666,0.153283,-0.00827333333333333,0.012310000000000005,0.10533999999999999,0.43032000000000004,0.1466486666666667,0.24855
2022-09-13,0.04718190476190476,0.1574761666666667,0.15128750000000002,0.014844000000000001,0.27932633333333334,0.051891,-0.05408999999999999,0.17584833333333333,0.03785035714285714,0.19197333333333333
2022-09-14,-0.002590666666666666,0.18866866666666665,0.26301147619047616,0.11116999999999999,0.05998666666666667,0.25011500000000003,0.0256,0.09451000000000001,0.025618333333333326,0.00516
2022-09-15,0.07474,0.19535309523809524,0.09391750000000001,-0.008446666666666658,-0.02307,0.085735,0.10938666666666667,0.12735000000000002,0.09731583333333334,0.19888
2022-09-16,0.12732166666666667,0.05041142857142857,0.2232044444444444,0.22598142857142856,-0.008235000000000003,-0.01531,0.026026666666666663,0.25329999999999997,-0.007140478260869565,0.29800166666666666
2022-09-19,0.10519166666666666,0.13598533333333335,0.495585,0.100016,0.09601933333333332,0.08033176470588234,0.0,0.22346600000000003,0.053075714285714296,0.3941733333333333
2022-09-20,0.036989636363636356,0.31008199999999997,0.09387814285714287,0.06296333333333333,0.015823809523809525,0.17700119047619048,-0.08276,0.15440800000000002,0.09093066666666665,0.136476
2022-09-21,0.07379500000000001,0.027582857142857138,0.22261999999999998,0.008696333333333328,0.025174285714285722,0.10869333333333334,0.0,0.09198833333333334,0.07047895238095239,0.06808
2022-09-22,0.14043199999999997,0.11222222222222222,0.24372500000000002,0.028435,-0.08621999999999999,0.047420000000000004,0.034,0.05266,0.03157551282051283,0.15608
2022-09-23,0.05356000000000001,0.17846171428571428,0.11057333333333333,-0.043146666666666667,0.16976666666666665,-0.014527333333333326,0.17044666666666666,-0.05183,0.1434662857142857,0.11435166666666667
2022-09-26,0.13395200000000002,-0.04957666666666667,-0.05615450000000001,0.09322666666666665,0.08872,0.054900000000000004,0.14150666666666667,0.04526666666666667,0.027832285714285716,0.11891
2022-09-27,0.10272333333333335,0.19545261904761904,0.07940833333333334,0.18393866666666664,0.015480000000000013,-0.00046499999999999737,0.09908000000000002,0.07312142857142859,0.08646011904761904,0.5775600000000001
2022-09-28,0.165855,0.018224999999999998,-0.03177428571428571,0.03595411111111112,0.16542166666666666,0.032805,0.0,0.18853,0.18781806349206348,0.07487
2022-09-29,0.100956,0.060516190476190466,0.18127833333333337,0.14922222222222223,0.147205,0.010746666666666673,-0.013426666666666661,-0.07070333333333333,-0.012209844155844156,-0.04951666666666665
2022-09-30,0.053163333333333326,0.12367428571428571,0.14494200000000002,0.10194055555555555,0.16065999999999997,0.04576,0.0,0.0,0.09047150000000001,0.07636
2022-10-03,0.015295,0.18351712121212121,0.17142523809523807,0.23364666666666664,0.0,0.08808,0.0,0.16138000000000002,-0.1387766666666667,0.011859999999999999
2022-10-04,0.24489099999999997,0.11644590476190478,0.09041141025641025,0.225378,0.04760000000000001,0.13913999999999999,0.07085,0.15457,0.24741190476190472,0.06577999999999999
2022-10-05,0.11383999999999998,-0.011166666666666658,0.090835,0.24038547619047623,-0.08459,0.03653,0.153,0.33353,0.1498364935064935,0.09498499999999999
2022-10-06,0.18780000000000002,0.05573066666666667,0.2191266666666667,0.12466333333333332,0.05945333333333334,0.18565333333333334,0.055900000000000005,0.21648000000000006,0.11293427777777776,0.22012
2022-10-07,0.079815,0.17427222222222222,0.13749499999999998,0.10615523809523808,-0.15184000000000003,0.09483,-0.11454,0.0,-0.07437,0.09963
2022-10-10,0.09542666666666667,0.01323333333333333,0.26992971428571433,0.11608500000000002,0.07916,0.016614999999999998,-0.04526,0.045924999999999994,0.0563086842105263,0.2694833333333333
2022-10-11,0.0,0.1313292857142857,0.13325833333333334,0.10799600000000001,0.32633599999999996,0.11046,0.09469000000000001,0.10796999999999998,0.07669666666666666,0.18292000000000003
2022-10-12,0.04307066666666667,0.15716000000000002,0.09896300000000001,-0.283775,0.22581185714285718,0.17506,0.0,-0.007940000000000003,-0.01788666666666667,0.16333999999999999
2022-10-13,0.13851,0.1837997619047619,0.16264646153846155,-0.01968266666666667,0.08204916666666666,0.26004,0.068,0.062490000000000004,-0.029268888888888872,0.01366
2022-10-14,-0.11572500000000001,0.022599999999999988,0.10111555555555556,0.048717333333333335,-0.18963999999999998,0.07923,0.04019,0.0,0.0021550000000000015,0.05464
2022-10-17,0.0,-0.031166666666666676,0.11390866666666669,0.13777425787106448,0.17491333333333334,0.0991,0.0,-0.008359999999999989,0.07374,0.17208
2022-10-18,0.201096,0.09302980952380954,0.07120083333333334,0.12281533333333335,0.12034500000000001,-0.07432,-0.05229999999999999,0.053908,0.061792,-0.09354
2022-10-19,0.1565,0.06945333333333334,-0.013294999999999998,0.10424,0.01213000000000002,0.08990499999999998,0.06652,0.010115,0.13744,0.25529999999999997
2022-10-20,-0.057853333333333326,0.169599,0.15616066666666667,0.07913333333333333,0.05185714285714286,0.011886666666666667,0.0,0.08276000000000001,-0.09869666666666668,-0.004033333333333333
2022-10-21,-0.0026533333333333352,0.19209266666666666,0.130947,0.03804333333333333,0.05519533333333333,0.13463333333333333,0.022308333333333336,0.16076,0.20392000000000002,0.12504666666666667
2022-10-24,0.11342444444444447,0.030379999999999997,0.09009577777777777,-0.03816666666666667,0.11581599999999996,0.10062,0.08782,0.300555,0.026856,0.11818499999999998
2022-10-25,0.13608499999999998,0.12003399999999997,0.08828255555555556,-0.07891111111111111,0.05149,0.09972222222222221,0.11548666666666667,0.25793,-0.0023473809523809506,0.22194000000000003
2022-10-26,0.07677111111111111,0.05301,0.097096,0.15346983333333336,0.04988333333333332,0.033657289377289366,0.11560666666666668,0.09152,-0.02080199999999999,0.08165333333333333
2022-10-27,0.01018,0.06580916666666667,0.016632,0.08054545454545455,0.049051666666666674,0.030434666666666665,0.0,0.06871000000000001,0.27627999999999997,0.12864666666666666
2022-10-28,0.21100933333333333,0.06421416666666666,0.1154789090909091,0.19666066666666665,0.15613623376623376,0.21664222222222224,0.08038,-0.005024000000000001,0.014155111111111113,0.07677333333333333
2022-10-31,0.10163714285714287,0.044164,0.12420655555555556,0.029960000000000004,0.00938888888888888,0.15372999999999998,0.0,0.0,0.07004151515151516,0.14582666666666666
2022-11-01,0.21728399999999998,0.06973016666666666,0.11650491666666667,0.21303999999999998,0.0,0.11263000000000001,0.0,0.19326714285714286,0.1395535,0.3995866666666667
2022-11-02,0.11287749999999999,0.05618500000000002,0.08490558441558442,0.03802333333333333,0.13551666666666667,0.068,-0.015815000000000003,0.033716666666666666,0.10052133333333332,0.16612
2022-11-03,0.021709999999999997,0.27115433333333333,0.246649619047619,0.13516666666666668,-0.098025,0.07636,-0.03494666666666667,0.04720333333333333,0.13055866666666666,0.1662
2022-11-04,0.07632,-0.0028116666666666568,0.30889,-0.007953333333333333,-0.126033,0.023738666666666665,0.03182,-0.005303333333333335,0.025066190476190475,0.12707833333333335
2022-11-07,0.014044999999999997,-0.010599999999999997,0.057296666666666676,0.10698666666666665,0.0768116666666667,0.158,0.0,-0.05464,0.055600000000000004,0.11523999999999998
2022-11-08,-0.11038666666666666,0.08283149999999999,0.07273981818181818,-0.02329333333333334,0.022809999999999997,0.0,0.0,0.096945,0.15052076190476188,-0.012233333333333336
2022-11-09,0.06702000000000001,0.03053,0.12921916666666666,0.037186666666666666,-0.052500000000000005,0.052469999999999996,0.027465714285714295,0.12476000000000001,0.09983095238095238,0.11383999999999998
2022-11-10,0.012439999999999998,0.045723333333333324,-0.03979666666666667,0.09736,0.060685333333333334,0.0843,0.0,0.04046,0.04582000000000001,0.07676
2022-11-11,0.04046,-0.023969523809523805,0.09074266666666667,0.0256,0.12435,0.073,0.0,0.08234999999999999,0.07427292307692308,0.15811
2022-11-14,0.0,0.1656473333333333,0.06073057142857143,0.10765333333333334,0.22604666666666665,0.12947333333333333,0.0765,0.31967999999999996,0.1276092857142857,0.11735999999999999
2022-11-15,0.352572619047619,0.16784295900178253,0.12069488344988344,0.20764666666666667,0.15980500000000003,-0.03398,0.06600000000000002,0.09183333333333335,0.07508962148962149,0.048155
2022-11-16,-0.06178,0.06878066666666667,0.3191528571428571,0.04057,0.20067000000000004,0.07943,0.23030999999999996,0.09878,0.10924200000000002,0.0551
2022-11-17,0.14805333333333334,0.07187133333333333,0.20551,-0.0038600000000000023,0.1297066666666667,0.08882,0.0,0.1627733333333333,-0.01643138888888889,0.17726999999999998
2022-11-18,-0.010206666666666668,0.3145645,0.04165033333333333,0.213385,0.013486666666666666,0.09228499999999999,0.14192,0.0,0.08650733333333334,0.0
2022-11-21,0.0,-0.05742000000000001,0.051636,0.083095,0.08378333333333335,-0.008533333333333334,0.13480666666666669,-0.08092,0.22518000000000002,0.063
2022-11-22,0.20773000000000003,0.2542560740740741,0.1497365,0.06929685714285713,0.1700377777777778,0.06364666666666667,0.07450000000000001,0.12522,0.176582,0.06885
2022-11-23,0.07719333333333335,0.013168666666666657,-0.07602533333333332,0.146996,0.12752090476190475,0.14694733333333332,0.0,-0.16468,0.004435,0.0
2022-11-25,0.00258,0.26413507936507935,0.24129490476190477,0.0398,0.09760071428571429,0.0,0.029599999999999998,0.13212000000000002,0.174815,0.19207999999999997
2022-11-28,0.269245,0.18268244047619048,0.21078200000000002,0.14007733333333333,0.11225742857142858,0.0,0.0,0.22468,-0.0030399999999999915,0.17414
2022-11-29,0.14483333333333331,0.04753448351648351,0.007767249999999998,0.06188666666666666,0.20168119047619046,0.005905999999999997,0.04046,0.19124999999999998,0.11016784615384619,0.10212000000000002
2022-11-30,0.1632333333333333,0.11526,0.04276863636363637,0.2698966666666667,0.19279,0.11987999999999999,0.0,0.0,-0.08916533333333335,0.10366
2022-12-01,0.04576,0.10158400000000001,0.16537638095238097,-0.021520000000000004,0.194033,0.10267333333333335,0.22732000000000002,0.08930999999999997,0.09827666666666665,0.10178000000000001
2022-12-02,0.10304666666666666,0.16009666666666664,0.20941666666666667,-0.07454566666666666,0.13513666666666665,0.23421333333333333,0.07364666666666667,0.20901999999999998,0.19348100000000001,0.19726000000000002
2022-12-05,0.25708000000000003,0.1251509090909091,0.33565,0.1409753333333333,-0.09792999999999999,-0.037032,-0.068,0.09966,0.06956190476190476,0.17018
2022-12-06,0.07413828571428571,0.05085187301587302,0.1421411904761905,0.16302,0.08660399999999999,0.05641666666666667,0.0,0.12738,0.06731428571428572,0.166295
2022-12-07,0.119556,0.11515,0.2555476666666667,-0.05625345454545454,0.019797000000000002,-0.15014666666666668,0.07366666666666667,0.10178000000000001,0.006490666666666672,-0.01531
2022-12-08,0.03554,0.17124833333333334,0.08345619047619049,-0.0020000000000000044,-0.07867476190476189,0.04588,0.0,0.27003999999999995,0.21540485714285715,0.21692
2022-12-09,0.062380000000000005,0.10427266666666668,0.22983543589743588,0.11402799999999999,0.035644999999999996,0.12439,0.068,0.0,0.058491,-0.04526
2022-12-12,-0.15739999999999998,0.2669816666666667,0.08636095238095239,0.0,0.10398666666666667,0.14728,0.06369,0.23876999999999998,0.10536500000000001,0.07700666666666667
2022-12-13,0.03915999999999999,0.1372908333333333,0.2683230952380953,0.07471611111111112,0.00862671679197995,-0.029133333333333334,-0.07432,0.04046,0.10959714285714287,0.24037999999999998
2022-12-14,-0.126008,0.0914170238095238,0.149775,0.13046666666666668,0.11637752380952379,0.20892,0.09251000000000001,-0.06364,0.12970023809523812,0.143075
2022-12-15,0.032503333333333335,0.09585083333333333,-0.048950666666666656,-0.055270666666666676,0.15973333333333334,0.24986000000000003,0.03818,0.034,0.004423333333333332,0.0
2022-12-16,0.063461,0.11147500000000002,0.03632,0.24985333333333334,0.16280466666666665,0.099384,0.0,0.034526666666666664,-0.06620595238095237,0.32604
2022-12-19,-0.13694499999999998,0.14439666666666667,0.11407199999999999,-0.12965,0.16921666666666668,0.024336000000000003,-0.12498000000000001,0.20776,0.10740883333333333,0.12691000000000002
2022-12-20,0.146765,0.14827978021978022,0.07206955555555555,0.03446495238095238,0.05440266666666667,0.15825,0.03292666666666667,0.16439499999999999,0.01209533333333333,0.16789
2022-12-21,0.17811000000000002,0.06934597402597403,0.26068749999999996,0.25217757575757577,0.18531388888888892,0.11798499999999998,0.15791333333333332,0.022615000000000003,0.16055499999999998,0.34900666666666663
2022-12-22,-0.04151,-0.06510560606060607,0.04105666666666667,0.012219285714285717,0.16837833333333335,0.3542409523809524,0.10184,-0.026066666666666665,0.18500171428571427,0.18202000000000002
2022-12-23,0.01531999999999999,0.04227333333333333,0.378585,0.293308,0.03240833333333333,0.12306666666666666,0.0,0.0,-0.11699016666666669,0.0
2022-12-27,0.1233,0.09803000000000002,0.020424000000000005,0.180484,-0.08187499999999999,0.05006999999999999,0.0,0.0,0.05826049999999999,0.18372000000000002
2022-12-28,0.16654,0.22051240981240983,0.19149595604395606,0.14616,0.10937800000000002,0.11210500000000001,0.17012,0.276205,-0.02400274458874459,0.07845866666666668
2022-12-29,0.077467,0.0663,0.06325333333333334,0.05403,0.17608799999999997,0.048516666666666666,0.02732,0.16818666666666665,0.08660999999999999,0.08196
2022-12-30,-0.004530000000000001,0.15836888888888886,0.032537857142857146,0.05306999999999999,0.11639600000000001,0.05450166666666667,0.02326,0.08092,0.17852666666666667,0.0060599999999999985
2023-01-03,0.0024319999999999954,0.11475514285714283,0.16362000000000002,0.05106000000000001,0.03362,0.09321,-0.03182,0.03182,0.044517714285714285,0.07731999999999999
2023-01-04,0.003713714285714284,0.09826857142857143,0.2827102222222223,0.10186999999999999,0.17174166666666668,0.06232533333333333,0.10212000000000002,0.17453000000000002,0.09884962292609352,0.10846
2023-01-05,0.028546666666666675,0.07606457142857144,0.24394233333333332,0.1653693333333333,0.10751500000000003,0.05780833333333334,0.04404,0.07224,0.0344045,0.15975
2023-01-06,0.083588,0.23768650793650795,0.24221202380952384,0.05521666666666666,0.157785,0.13137,0.12264,0.07661333333333334,0.22351533333333334,0.14878666666666668
2023-01-09,0.24178666666666665,0.13477,0.15449438095238097,0.07393333333333335,0.06390333333333334,0.010115,0.0,0.012665000000000001,0.2309652380952381,0.009000000000000003
2023-01-10,0.26423,0.13457952380952382,0.2865790476190476,0.06769607142857142,0.14227833333333334,0.171765,0.08038,-0.017959999999999993,0.12115619047619046,0.07377666666666667
2023-01-11,0.20980333333333334,0.10989238095238094,0.04492685714285714,0.09431809523809524,0.031046428571428576,0.15719714285714287,0.08038,0.068,0.23811809523809524,-0.025
2023-01-12,0.13039666666666666,0.037726333333333334,0.13579000000000002,0.06307873015873017,0.031676666666666665,0.003300000000000003,0.15686166666666665,0.03818,0.06118666666666667,0.05216000000000002
2023-01-13,0.10675266666666668,0.0628356923076923,0.014919642857142859,0.10104057142857144,0.07419,0.11552166666666666,0.12682,0.03626,0.056658333333333345,0.13546666666666668
2023-01-17,0.08791,0.19112266666666666,0.13789428571428572,0.06712692640692641,0.18765333333333334,0.037660000000000006,0.28611,0.02023,0.10006499999999999,0.17687
2023-01-18,0.20365666666666668,0.23867834285714284,0.06981882352941177,0.15807083006984537,0.2621094444444445,0.215895,0.10938,0.10565,0.12548147619047617,0.17053
2023-01-19,0.0,0.17681855555555556,0.24106333333333335,0.1870106349206349,0.05686,-0.095755,0.10169500000000001,0.0012866666666666673,0.18735714285714286,0.16392
2023-01-20,0.041280000000000004,-0.0029958571428571417,0.09292,0.04732349999999999,-0.04486333333333333,0.05073,0.10330666666666669,0.08113999999999999,0.03716,0.16392
2023-01-23,-0.04814666666666666,0.013133333333333339,0.15052342307692307,0.051685333333333326,0.06612533333333334,-0.003159999999999996,0.10002666666666667,0.04528666666666666,0.06466866666666667,0.09038333333333333
2023-01-24,0.060814999999999994,0.21038928571428567,0.03881306818181818,-0.054972,0.253675,0.18346085714285715,0.054958333333333345,0.07724666666666666,0.041960401002506274,0.2015966666666667
2023-01-25,0.038075000000000005,0.15604383333333333,0.22335976190476195,0.10409500000000001,0.08237,0.06550242424242424,0.056065,0.26383,0.0888425,0.19303
2023-01-26,0.0014257142857142912,0.122619,0.19050666666666666,0.04082533333333334,-0.027309019607843148,0.059199999999999996,-0.09030399999999998,0.15649333333333332,0.061449166666666666,0.157144
2023-01-27,0.2287356060606061,0.11155333333333335,0.12985134615384614,0.17639711111111112,0.17704999999999999,0.025138571428571427,0.075,0.03195333333333333,0.09490663492063492,0.14764
2023-01-30,0.09685466666666664,0.04188190476190475,0.11059071428571429,0.157042,0.11102666666666668,0.11258666666666665,0.059199999999999996,0.12264,-0.0016738518518518513,0.14378666666666667
2023-01-31,0.06238999999999999,0.01352,0.13952787878787878,0.15553333333333336,0.14562716666666667,-0.005256000000000001,0.09517499999999998,0.18621499999999996,0.08135,0.07520000000000002
2023-02-01,-0.01744888888888889,0.061749476190476195,0.12339420512820513,0.08080333333333334,0.04195083333333333,0.11743788235294117,0.04391,0.09761999999999998,-0.004828303030303028,0.18501666666666666
2023-02-02,0.021679999999999994,0.1017551515151515,-0.1267617777777778,0.0,0.1283915873015873,0.07608,0.0,0.21884,-0.06427003813882533,-0.02065
2023-02-03,0.12570933333333334,0.13993,0.18011523809523808,0.13968644444444445,0.16936333333333337,0.17712,0.014215000000000002,0.11345000000000001,0.21009666666666665,0.23553333333333332
2023-02-06,0.18137,0.1610517142857143,-0.004061666666666658,0.03333499999999999,-0.0404755,0.22832499999999997,-0.013783999999999996,0.06307666666666667,-0.045935833333333335,0.2677366666666667
2023-02-07,-0.020167499999999988,0.083021,0.03663444444444445,0.019373333333333336,0.042994000000000004,0.07114333333333334,0.06872999999999999,0.17055904761904764,0.20531083333333333,0.15076666666666666
2023-02-08,0.027477,0.12152166666666667,0.0007771428571428541,0.24303333333333335,0.12206666666666668,-0.027279999999999992,-0.06531833333333334,0.03625333333333333,0.19244266666666662,0.20113666666666666
2023-02-09,0.05899,0.10050971428571431,0.08533444444444446,0.031099999999999996,0.050586,0.12643333333333334,0.08038,0.0,0.0804572857142857,0.14325318181818184
2023-02-10,0.01806,0.0712151724137931,0.11847390476190478,-0.03315,0.008086142857142865,0.08086,-0.04826999999999999,0.13115000000000002,0.21136499999999997,0.21885999999999997
2023-02-13,0.08830999999999999,0.11233599999999999,0.1045256666666667,0.05586,0.11148,0.0,0.04404,0.25075000000000003,0.021155555555555556,0.05464
2023-02-14,0.031952,0.13103913636363637,0.2797594444444444,0.11746666666666665,0.10701000000000001,0.11876,-0.00258,0.3554,0.20688285714285715,0.1827966666666667
2023-02-15,0.0,0.2634433939393939,-0.06863,-0.02954066666666667,0.212427,0.06490933333333335,0.04526,0.15886,0.21975484848484847,0.12392999999999998
2023-02-16,0.18669666666666665,0.006004666666666658,0.03642666666666666,-0.0621475,0.03648333333333333,0.01483,0.033557142857142855,0.005146666666666667,-0.009739999999999993,0.17741999999999997
2023-02-17,0.02366,0.006370666666666663,0.13395955555555555,0.04416,0.12758466666666665,0.137915,0.07597999999999999,0.013583333333333336,0.17857883116883116,0.15446916666666669
2023-02-21,0.26779,0.09430857142857144,0.10681928571428571,0.22298999999999997,0.14122666666666667,0.02943333333333333,-0.014540000000000003,0.0,0.09892727272727272,0.03269333333333333
2023-02-22,0.1004447619047619,0.11767893650793651,0.1161750505050505,0.0012510000000000021,0.023423,0.195737,-0.026625,0.04631777777777778,0.11084727272727272,0.0489611111111111
2023-02-23,0.11090333333333333,0.08917590476190476,0.11466400000000002,0.058219,0.09284200000000002,0.0,0.06795999999999999,0.07354166666666667,0.112917,0.10825
2023-02-24,0.12297,0.10625,0.13751142857142856,0.13172166666666668,0.023399999999999997,0.04900333333333333,-0.0027966666666666713,0.050415,0.014443166666666674,0.056576
2023-02-27,0.023400000000000004,0.011130000000000003,0.056115000000000005,0.10556066666666666,0.08566,0.02704666666666667,0.08332333333333333,0.0,0.000439833333333331,0.066932
2023-02-28,0.08055333333333334,0.07535344444444445,-0.019697714285714284,-0.011213928571428573,0.08093285714285714,0.070885,0.2454,0.09504,0.10289992063492064,0.17353199999999996
2023-03-01,0.09842999999999999,0.09247866666666668,0.12354777777777778,0.12748212121212119,0.026128000000000002,0.13311666666666666,0.10212000000000002,0.06582,0.24963571428571427,0.18202000000000002
2023-03-02,-0.033397500000000004,0.09564033333333333,0.06314166666666665,0.09284666666666666,0.028242,0.04426,0.095332,0.02278,0.183314126984127,0.2122
2023-03-03,0.23134666666666664,0.2024008658008658,0.27628833333333336,0.13739400000000002,0.039298333333333345,0.20013,-0.03498,0.1403666666666667,0.08108595238095238,0.05464
2023-03-06,-0.07432,-0.014769999999999995,0.12561833333333333,0.00871666666666666,0.15926,0.11615666666666666,0.00024799999999999936,-0.00258,0.2062848888888889,0.02078000000000001
2023-03-07,0.02023,-0.040311,0.05377766666666667,0.06087392857142857,0.06327033333333335,0.16074000000000002,0.034,0.04136000000000001,0.079112,0.035210000000000005
2023-03-08,0.15453999999999998,0.16452333333333335,0.12144666666666666,0.24231166666666665,0.14615,0.11762333333333333,0.047670000000000004,0.04404,0.11298444444444444,0.08139666666666667
2023-03-09,-0.031630000000000005,0.25326166666666666,0.14941619047619045,0.06828730158730159,0.056163,0.14807333333333333,0.0991,0.1901,0.08803611111111112,-0.007350000000000007
2023-03-10,-0.02417333333333333,0.10084,0.2568286666666667,0.047027,0.12732333333333334,0.08122,-0.01531,0.050170000000000006,0.1660287878787879,0.03182
2023-03-13,0.025708,0.12061199999999998,0.11544933333333336,0.007582333333333332,0.17232333333333333,0.1028442857142857,0.084,0.26161999999999996,0.053125,0.22115666666666667
2023-03-14,0.06463933333333334,0.053982190476190496,0.15785444444444446,-0.07964403030303031,0.1411257142857143,0.13247599999999998,0.13992,0.021646666666666665,0.058681000000000004,0.130795
2023-03-15,0.0,-0.046496666666666665,0.21197166666666667,0.1714838095238095,-0.015801333333333327,0.10456666666666667,0.06376000000000001,0.20270000000000002,0.15275083333333334,-0.002426666666666666
2023-03-16,0.13586,0.06556166666666666,0.1294664285714286,0.011017111111111116,0.08162666666666668,0.046380000000000005,0.08374181818181818,0.12635400000000002,-0.012914761904761906,0.23237500000000005
2023-03-17,0.08991828571428573,0.029326666666666668,-0.04001199999999999,-0.1286202777777778,0.04588,0.22271999999999997,0.07726666666666668,0.18654,0.11155481818181819,0.14590000000000003
2023-03-20,0.04046,-0.02581300000000001,0.05039333333333333,-0.04826114285714286,0.06898,0.04146,0.01797714285714286,0.15955,0.054474749999999995,0.18417666666666666
2023-03-21,0.18363400000000002,0.042434285714285716,0.26259466666666664,0.13583814285714285,0.08144933333333333,0.07919666666666667,0.14259666666666668,0.040580000000000005,0.14129133333333335,0.10989333333333336
2023-03-22,0.084422,0.14174222222222221,-0.03183533333333334,0.12551285714285715,0.157915,0.19473000000000001,0.021875,0.35960666666666663,0.076383,0.19539
2023-03-23,0.14209666666666668,-0.0445123076923077,0.13186916666666665,0.057744285714285706,0.011967999999999998,0.12519,0.07820666666666667,0.13924,0.06710150375939848,0.03642666666666667
2023-03-24,0.18723,0.05046666666666668,0.16982166666666668,-0.025778333333333337,0.13782,0.07804,0.046794999999999996,0.1092,0.14067571428571427,0.085
2023-03-27,0.12738,0.157884,0.194102,-0.10548969696969697,0.031921333333333336,0.07258666666666667,0.0,0.068,0.04642119047619048,0.14006000000000002
2023-03-28,0.1007742857142857,0.11142416666666666,0.06127250000000001,0.0994851587301587,0.13018666666666667,0.15123999999999999,0.01146666666666667,0.040598,0.14500497435897436,0.075955
2023-03-29,0.1739433333333333,0.15801928571428572,0.08887333333333333,0.22000999999999998,0.19232833333333335,0.04354499999999999,0.14841,0.059199999999999996,0.12816,0.318075
2023-03-30,0.08532666666666668,0.12297333333333334,0.04028988888888889,0.028922833333333335,0.055336666666666666,0.049815000000000005,0.08631333333333334,0.12131333333333334,0.10061,0.05637000000000002
2023-03-31,0.16473333333333334,0.11552115384615383,0.07989666666666666,0.1968504761904762,0.0013649999999999995,0.19546666666666665,0.09992999999999999,0.07077666666666667,0.16753085714285715,0.17189000000000002
2023-04-03,0.19658533333333333,0.06339314285714286,0.140608,0.14908133333333332,0.10677,-0.029546666666666666,0.023930000000000007,0.1467,0.1730856666666667,0.08556666666666667
2023-04-04,0.13331285714285715,0.11564195488721804,-0.04670276315789473,0.1105602380952381,-0.04046466666666667,0.09313500000000001,-0.052669999999999995,0.068248,0.15019211060204166,0.24288499999999996
2023-04-05,0.059763,0.12417666666666669,0.2448036507936508,-0.06442300000000001,0.16759666666666667,0.07369357142857143,0.06972666666666667,0.131125,0.13741923376623377,0.14489666666666667
2023-04-06,0.03529,0.09757428571428571,0.04464896103896104,-0.006242857142857142,0.052146666666666674,0.026093333333333336,0.17040000000000002,0.021182857142857146,0.08087736842105264,0.05423
2023-04-10,0.08838,0.10606711111111111,0.12416584615384615,0.18461666666666665,0.05140199999999999,0.044604,0.14561,0.09469000000000001,0.3205784615384616,0.27978
2023-04-11,0.03769666666666667,0.14880703296703296,0.10547577357425184,0.057781727272727276,0.1212428787878788,0.1294325,0.12084285714285714,0.07998166666666667,0.1816367177559283,0.186084
2023-04-12,0.04052,0.047954000000000004,0.10223555555555555,0.024665824175824174,-0.0077800000000000005,-0.016513333333333335,0.05121428571428571,0.35245000000000004,0.062146,0.08196
2023-04-13,0.14808,0.0575652380952381,0.04597833333333333,0.11431438095238096,0.054188333333333324,0.06293266666666666,0.0,0.08944,0.12446133333333335,0.18570666666666663
2023-04-14,0.0014371428571428578,-0.014880000000000008,0.079566,0.0564707067669173,-0.10012571428571429,0.17934,-0.008149999999999996,-0.01027,0.047861551587301585,0.144018
2023-04-17,0.011933333333333334,0.124798,0.17745000000000002,0.057005090909090915,0.008998999999999997,0.12549166666666667,0.01591,0.07364,0.1956424761904762,0.14492333333333335
2023-04-18,0.014846666666666666,0.04868159663865547,0.12480233333333332,0.11059273918128656,0.1287092857142857,0.093882,0.10533999999999999,0.010589999999999999,0.13280434523809523,0.070255
2023-04-19,0.028428095238095245,-0.03344785714285714,0.011318838383838386,0.10402990476190477,0.10433666666666667,0.05858,0.14026,0.08707083333333335,0.23545190476190472,0.08896066666666666
2023-04-20,0.08130066666666666,0.10089833333333334,0.18730750000000002,0.11925920728291317,0.10868396078431371,0.10007000000000002,0.015786666666666668,0.06221,0.14301999999999998,0.27201333333333333
2023-04-21,0.007522820512820512,0.14552822222222223,0.10873916666666665,0.037137857142857146,0.127602,0.067604,0.10787242857142858,0.093145,0.05578266666666666,0.11793066666666667
2023-04-24,0.21154227272727275,0.1501761904761905,0.16272232967032968,0.06375,0.054498000000000005,0.09870799999999999,0.02732,0.052074999999999996,0.11072671428571428,0.0
2023-04-25,-0.021888874458874465,0.1776605,0.10986303030303031,0.0831264805194805,0.13476666666666667,0.059229166666666666,0.06069,0.17015333333333332,0.2665737777777778,0.059515384615384616
2023-04-26,-0.015953333333333326,0.05359533333333333,0.07043142857142856,-0.007580757575757565,0.21307571428571426,0.04958391941391942,0.022217142857142862,0.07972666666666667,0.2505552380952381,0.14902
2023-04-27,0.04264444444444444,0.1187457792207792,0.12212200000000002,0.1661632222222222,0.025,0.12072875000000001,-0.004533999999999999,-0.057365,0.1525095,0.18226666666666663
2023-04-28,0.06157809523809523,0.012288333333333335,0.09951216666666667,0.200426,0.09690815476190476,0.039220000000000005,0.06399333333333332,0.0125,0.08589166666666667,0.15072666666666668
2023-05-01,-0.01347111111111111,0.22744999999999999,0.2076488660801564,0.003703809523809498,-0.034622857142857136,0.04052666666666666,0.07991999999999999,0.12728,0.07181678571428571,0.08052333333333332
2023-05-02,-0.0007225000000000009,0.07340109523809524,0.05163315789473684,-0.10192933333333334,0.07224395238095238,0.10630499999999998,0.07615000000000001,0.07571333333333333,0.11088849206349208,0.037410000000000006
2023-05-03,0.05378166666666667,0.056548,0.01764304761904762,0.06805161904761906,-0.041869333333333335,0.08362,0.0,0.04447333333333333,0.054336249999999996,0.1708933333333333
2023-05-04,0.05895666666666668,0.0970625,0.046326285714285716,0.07866285714285715,-0.008525,0.10181666666666667,-0.1301,0.0029466666666666643,0.13492896280190397,0.14476
2023-05-05,-0.014489999999999998,0.002100952380952384,0.0993230476190476,0.057943333333333326,0.07443999999999999,0.3012183333333333,-0.02263,0.06655733333333333,0.05870332539682539,0.031803333333333336
2023-05-08,0.24741999999999997,0.07084933333333335,0.056336,0.3020533333333334,0.13888,-0.17014,0.0,0.22796000000000002,0.01978190476190476,0.08973333333333333
2023-05-09,0.06748666666666665,0.01719523809523809,0.13892006162464984,0.04836666666666666,0.09667266666666667,0.08206666666666668,0.120255,0.11322666666666667,0.13794771428571428,0.20393333333333336
2023-05-10,-0.004120000000000001,0.14326366666666665,0.33692476190476184,-0.14740777777777775,0.12511333333333333,0.12435,0.0,0.04046,0.001535128205128211,0.12463142857142857
2023-05-11,0.10685333333333333,-0.004055282051282048,0.04911866666666667,0.025476190476190475,0.061268333333333334,0.053610000000000005,0.04046,-0.010206666666666668,0.086532,0.19761333333333334
2023-05-12,0.28631428571428574,0.12945399999999999,0.2907571428571429,-0.04686666666666666,0.2313766666666667,0.0,0.19445666666666667,0.04404,0.016731590909090908,0.23868666666666666
2023-05-15,0.142905,0.08773413636363638,0.037818666666666674,-0.01715,0.05106000000000001,0.05544,0.08879999999999999,0.06369,0.0763,0.103315
2023-05-16,0.02125566666666667,0.0807376923076923,0.09718464646464646,-0.08124590476190477,0.11460095238095236,0.12547999999999998,0.0838957142857143,0.1353166666666667,0.17601240259740258,0.21345333333333336
2023-05-17,0.06216666666666666,0.07171818181818182,0.05464,0.03108590476190476,0.008872500000000005,0.03178,0.09106666666666667,0.02263,0.09343666666666668,0.1902
2023-05-18,0.006846666666666666,0.03192551515151515,-0.03623933333333333,0.077335,-0.13154833333333332,0.06658,0.029599999999999998,0.068,0.14877263636363636,0.049895
2023-05-19,0.029830000000000002,0.2522140972222222,0.02684166666666667,0.077354,0.04120000000000001,0.014799999999999999,0.03275,0.07373833333333332,0.09109666666666667,0.10533999999999999
2023-05-22,0.2513866666666667,0.0792261337355455,0.05865833333333335,0.04697371794871795,0.028155000000000006,0.07576000000000001,0.0,0.0,0.23859750000000002,0.07308
2023-05-23,-0.021947999999999995,0.044529469696969706,0.14290833333333336,0.05849142857142857,0.0658892857142857,0.16115261904761904,0.09043399999999999,0.1272,0.02401346886446886,0.10899999999999999
2023-05-24,0.032455,-0.020525238095238093,0.032651,0.15393666666666667,0.13796333333333335,0.0843,0.087584,0.06436,0.23763,-0.07224
2023-05-25,0.06454666666666667,0.017273333333333328,-0.023201428571428574,0.05431066666666666,-0.03794666666666667,0.033717619047619045,-0.059199999999999996,0.11588000000000001,0.035610555555555555,0.13824
2023-05-26,0.05187200000000001,0.061340000000000006,0.021213222222222224,0.07018500000000001,0.110065,0.11104,0.05147466666666667,0.0476,0.20089055256799943,0.029599999999999998
2023-05-30,0.2987266666666667,0.06419766666666667,0.20208666666666666,0.06063500000000001,0.121165,0.062490000000000004,0.03947333333333334,0.0,0.1315217886178862,0.13502
2023-05-31,0.00357666666666667,0.10615259740259739,0.13275587301587302,0.008882666666666667,0.29069500000000004,0.06942333333333334,0.13396266666666667,0.15797,0.11756933572567785,0.09073333333333332
2023-06-01,0.09653999999999999,0.09165928571428572,0.17170400000000002,0.09111780952380952,0.14073333333333332,0.06966333333333333,0.09281999999999999,0.18464,0.10126848049052398,0.07782
2023-06-02,0.10456666666666667,0.1343916666666667,0.20107333333333335,0.04512363636363638,-0.06024047619047619,0.10675066666666666,-0.026754999999999994,0.12090666666666668,0.16287252252252252,0.20077333333333333
2023-06-05,-0.012118846153846152,-0.02971399999999999,0.004056363636363638,-0.004618214285714288,0.09574857142857143,0.11709785714285714,0.10218714285714285,0.0344,0.08822628571428573,0.14616
2023-06-06,0.08271066666666667,0.009052641025641024,0.082553,0.06754666666666667,0.0538,0.07811428571428572,0.10788,0.06603333333333333,0.07863474025974027,0.08196
2023-06-07,0.053329,0.1613516666666667,0.011694222222222217,0.15901933333333335,0.22018095238095242,0.21066000000000001,0.08532000000000002,0.0784,0.020368761904761903,0.0
2023-06-08,0.20610266666666668,0.12403166666666668,0.08770333333333333,0.176465,0.2577716666666666,0.10680666666666667,0.06437999999999999,0.0843,0.16101533333333334,0.24211
2023-06-09,-0.046338333333333336,0.10710144444444444,0.0346895238095238,0.08072166666666666,0.277517,0.09481333333333333,0.017,0.054165,0.1144214025974026,0.12276799999999999
2023-06-12,0.19675666666666664,0.07775714285714286,0.07795085714285714,-0.0066772727272727235,0.035365,0.026658333333333332,0.068,0.10924,0.060315175438596505,0.07666166666666667
2023-06-13,0.013486666666666666,0.09070455555555555,0.055564999999999996,0.05951555555555556,0.19989666666666667,0.121445,0.006680000000000003,0.17919999999999997,0.11750600000000003,0.13471333333333332
2023-06-14,0.09894833333333333,0.08649333333333334,0.11525333333333335,0.19952090909090908,0.03497333333333334,0.0765,0.22902,0.0,0.1291906218487395,0.062261333333333335
2023-06-15,0.15863,0.04352277777777778,0.03523666666666667,0.08405666666666667,0.18026,0.119637,0.22366000000000003,0.040834999999999996,0.22483330384785494,0.16358333333333333
2023-06-16,0.054407000000000004,0.07783428571428572,0.07012933333333334,0.23430333333333336,-0.040966666666666665,0.07839833333333332,0.09620999999999999,0.11988000000000001,0.13358736908253038,-0.025
2023-06-20,0.13058666666666668,-0.009490000000000004,0.09272,0.12568380952380953,0.032821,0.12010000000000001,0.14135999999999999,-0.09845333333333332,0.13242455434782607,0.20981999999999998
2023-06-21,0.10486200000000001,0.02933919047619047,0.08553199999999998,0.10127937878787878,0.09210357142857144,0.09831324675324675,0.042600000000000006,0.0,0.08854297872340426,-0.052559999999999996
2023-06-22,0.11794,0.127686,0.03935999999999999,0.089782,0.16984933333333335,-0.08289495238095237,0.13445000000000001,0.0,0.0010769,0.13095333333333334
2023-06-23,0.32592000000000004,0.043131428571428564,0.030544595959595966,0.16204190476190475,0.07414000000000001,0.029850000000000005,0.045349999999999994,0.046345000000000004,0.09655476190476191,0.2319
2023-06-26,0.031689999999999996,0.04139742857142857,0.08087,-0.014856666666666666,0.17212333333333332,0.0646,0.014799999999999999,0.11247666666666667,0.144575873015873,0.07865666666666667
2023-06-27,0.12835722222222223,0.15391238095238097,0.05300933333333333,0.11246169696969696,0.11287116666666666,0.12771714285714286,0.03612,0.15677,0.16265189898989899,0.18896800000000002
2023-06-28,0.176568,0.11427333333333331,0.10251777777777778,0.18528399999999998,0.12867333333333336,0.02311666666666667,0.12264,0.26411999999999997,0.1872056666666667,0.23006500000000002
2023-06-29,0.026950000000000012,0.10723866666666668,0.11212,-0.10867057575757574,0.12248,0.05663,0.20529000000000003,0.08679999999999999,0.06356904034272756,0.018213333333333335
2023-06-30,0.040413333333333336,0.0024686666666666724,0.06587136363636363,0.06394684537684539,0.194866,0.047670000000000004,0.03507333333333334,0.18552000000000002,0.08187301785714286,0.16724
2023-07-03,-0.033986666666666665,0.0990849175824176,0.017703000000000014,-0.004591666666666672,0.009564166666666669,0.12334999999999999,-0.07432,0.007430000000000001,0.051834301075268804,0.16812999999999997
2023-07-05,0.087752,0.07753571428571429,0.10649000000000002,0.06760329581529581,0.16950533333333334,0.09332433333333333,0.02266666666666667,0.198415,0.30290447619047617,0.11047666666666667
2023-07-06,0.21941833333333335,0.093782,0.045479120879120885,0.14094055555555557,0.24311333333333335,0.20254138461538465,0.09392,0.17011333333333334,0.14558209523809523,0.13054000000000002
2023-07-07,0.12168000000000001,0.05473309523809524,0.16027809523809525,0.11442809523809525,0.20319250000000003,0.050552,0.059199999999999996,0.09404666666666665,0.02953605838605839,0.17359733333333333
2023-07-10,0.11603266666666667,0.09128266666666666,-0.005559047619047611,0.04714533333333334,0.10098,-0.038615,0.042336,0.02023,0.0105125,0.14570666666666668
2023-07-11,0.03793,0.03842547619047619,0.077948,0.010548666666666668,0.0940857142857143,0.05198476190476191,0.19685999999999998,0.15241000000000002,0.12032349282296653,0.11566800000000002
2023-07-12,0.115675,0.1483045,-0.04340309523809523,0.10374166666666666,-0.019300000000000005,0.11171,0.057440000000000005,0.03818,0.1353016446886447,0.17621733333333334
2023-07-13,0.10722533333333333,0.1423369090909091,0.06690533333333334,0.05455066666666666,0.29226833333333335,0.013353333333333332,0.10863,0.1404,0.12270209523809525,0.05464
2023-07-14,0.065615,0.1847499010989011,0.15996761904761908,-0.00836305555555556,0.10664166666666666,0.08498333333333334,0.0,0.12031666666666667,0.17219555555555555,0.04496
2023-07-17,0.07744901960784314,0.16024290909090907,0.10779676923076922,0.023351888888888887,0.09642000000000002,0.05428999999999999,0.0,0.033350000000000005,0.13538973076923078,0.11593
2023-07-18,-0.0886042735042735,0.045599272727272724,0.17288583333333332,0.04880962656641604,0.08543200000000001,0.010730000000000003,0.029759999999999998,0.20958133333333334,0.12574874725274726,0.037495
2023-07-19,0.0687321212121212,0.049770952380952395,-0.02450933333333333,0.15342591991341992,0.12676,0.22206333333333333,0.025460000000000003,0.059554666666666665,0.27812781159420286,0.15967199999999998
2023-07-20,0.14235529411764708,0.168018,0.0264,0.1226672103174603,-0.011843333333333322,0.15713785714285716,0.0,0.15344000000000002,0.20008000000000004,-0.00572
2023-07-21,-0.002319999999999997,0.08856657142857141,0.10256666666666667,0.1134425,0.005415000000000014,-0.018899999999999993,0.10703499999999999,-0.01686095238095238,0.0767508986013986,0.2292066666666667
2023-07-24,0.07885066666666665,0.024183333333333334,0.04346671014492754,0.10890333333333332,-0.043438787878787875,0.07760500000000001,-0.04404,0.10830999999999999,0.05638270707070707,0.07752
2023-07-25,0.049916666666666665,0.09733621428571429,0.17202599999999998,0.09809236363636364,0.08833566666666667,0.179275,0.11122785714285714,0.25472333333333336,0.17272381818181817,0.050826666666666666
2023-07-26,-0.06716766666666668,0.06537314285714285,0.05407333333333335,0.11351977777777778,0.041480333333333334,0.022146134301270427,0.0782151515151515,0.08721999999999999,0.01938280952380952,0.173956
2023-07-27,0.20282700000000004,0.1706915087719298,0.07971600000000001,0.08693066666666667,-0.052292000000000005,-0.06385616666666666,0.0011080000000000007,0.026234666666666667,0.07270494755244757,0.26063000000000003
2023-07-28,0.032108333333333336,0.12708777777777777,-0.024406222222222225,0.1327895238095238,0.17456317857142858,0.16081399999999996,0.020095,0.15286,0.07864740919867237,0.03963714285714286
2023-07-31,0.14626666666666666,0.07555714285714285,0.23302400000000004,0.05968880952380952,-0.02959666666666666,-0.005885000000000001,0.05464,0.2247866666666667,0.2580620996860283,0.026973333333333332
2023-08-01,0.11713895454545453,0.11187411111111109,0.29540176190476186,0.04361562770562771,0.15817777777777778,0.07198139130434782,0.0,0.10159500000000002,0.19268152777777778,0.27928000000000003
2023-08-02,0.30484485714285714,0.118555,0.18639599999999998,0.04913833333333334,0.26335305555555555,0.07085307692307692,0.16848,0.08504,0.20948194117647057,0.038504
2023-08-03,0.10379333333333333,0.0003186904761904738,0.06764,0.08076857142857144,0.13617071428571428,0.044630176470588236,0.04351466666666667,0.10765066666666664,0.04898979823813584,0.012009999999999998
2023-08-04,0.05863476190476191,0.01407633333333333,0.05658571428571428,0.10448333333333333,0.09409427777777779,0.07163,0.03558,0.037216666666666655,0.05921790043290043,0.07632333333333333
2023-08-07,0.016595,0.07977000000000001,-0.050316666666666655,0.05584666666666667,-0.03766533333333334,0.11509666666666667,0.0,-0.08166000000000001,0.06560716666666669,0.100984
2023-08-08,0.08163000000000001,0.07555899999999999,0.10547083333333332,-0.03905933333333332,0.11333333333333333,0.05873000000000002,0.0,0.011466666666666667,0.044321666666666676,0.091735
2023-08-09,0.11751166666666668,0.11314619047619046,0.21968833333333332,-0.06663933333333334,0.158976,0.030817499999999998,0.01032,0.0,0.12280142857142858,0.020679999999999997
2023-08-10,-0.029359333333333338,0.04983663157894737,-0.019293333333333336,0.08428552380952381,0.2426286666666667,0.09170733333333334,0.12886,-0.03062,0.1329045,0.09281999999999999
2023-08-11,-0.018349999999999998,0.06713083333333333,0.20419,0.130885,0.18324266666666666,-0.02408,0.04404,0.32686500000000007,0.05378964705882353,0.09966
2023-08-14,0.13322666666666666,0.07658003418803419,0.14817305494505492,0.15545333333333333,0.068855,0.059333000000000004,0.05994666666666667,0.062490000000000004,0.1464437037037037,0.12215000000000001
2023-08-15,0.07223166666666667,0.05843190476190476,0.1786311111111111,0.08976938461538461,0.150716,0.04755,0.12829333333333331,0.025063333333333333,0.13544012987012988,0.1668133333333333
2023-08-16,0.045816666666666665,0.06022467171717172,0.026050714285714288,-0.0680275641025641,0.033176666666666674,0.12577,0.034815,0.07116,0.14408557142857142,0.018213333333333335
2023-08-17,0.14273,0.11619657142857143,0.054703333333333326,-0.020946666666666672,-0.024089999999999993,0.17989499999999997,0.0,0.15981,0.13682292929292927,0.07636
2023-08-18,0.06904,0.031220909090909087,0.05376665934065934,0.0812525,0.08139,0.014408571428571432,0.133335,0.07299833333333332,0.06090689458689458,0.2660133333333333
2023-08-21,0.13355,-0.0013881666666666695,0.17154114285714286,0.08638466666666667,0.072175,-0.04342,0.026140000000000004,0.09691000000000001,0.17036100000000004,0.11366000000000001
2023-08-22,0.028348571428571428,0.07990866666666667,0.1313845,0.14010809523809523,0.06427185714285713,0.06525600000000001,0.020211428571428578,0.1357,0.03889527851458886,-0.08815999999999999
2023-08-23,-0.005667999999999995,0.04668309523809525,0.007368285714285721,0.0003300000000000025,-0.020183333333333338,0.16688,0.015086666666666668,0.06908,0.09600395238095237,0.0
2023-08-24,0.07746944444444445,0.15126488095238097,0.1958479365079365,0.1773108333333333,0.131292380952381,0.07245399999999999,0.0,0.0,0.17819881818181815,0.08165499999999999
2023-08-25,0.08096133333333333,0.06919654545454546,0.07053066666666666,-0.014456666666666663,0.16987333333333332,0.12956,0.07636,0.06904,0.13618988014722797,0.08522833333333332
2023-08-28,-0.026886666666666663,0.11228216666666668,0.06441999999999999,0.023236,0.073462,0.027447,0.18505333333333335,0.041106666666666666,0.03943191489361701,0.10336000000000001
2023-08-29,0.07271400000000001,0.08646838095238094,0.2174136363636364,0.1284199696969697,0.046844743589743595,-0.001851578947368418,0.16874,0.19812000000000002,0.19286734641245282,0.03467666666666667
2023-08-30,0.11246249999999999,0.14495030303030304,-0.03839954545454545,-0.059906666666666664,0.11434833333333332,-0.01652476190476191,0.0,0.09852,0.1584355714285714,0.24779999999999996
2023-08-31,0.06314733333333333,0.10278400000000001,0.10436126984126984,0.07611700000000002,0.06111500000000001,0.058374999999999996,0.20428666666666667,0.14272,0.13504923436041083,0.11819500000000001
2023-09-01,0.11901666666666669,0.2287150476190476,0.07045,0.09642952380952381,0.12603833333333334,0.061980666666666684,0.17987999999999998,0.23675800000000002,0.06660115873015873,0.154555
2023-09-05,0.01918,0.18400166666666667,0.16293333333333335,0.013506666666666663,0.10361400000000001,0.13108666666666666,0.20751,0.29386,0.19308714285714287,0.23818999999999999
2023-09-06,0.40598999999999996,0.09994464646464647,-0.01847529761904763,0.10005848717948718,-0.03821192857142858,0.12818066666666666,0.06364,0.09603466666666667,0.2168468238095238,0.09990000000000002
2023-09-07,0.14157333333333333,0.04381499999999999,0.2502890476190476,0.2942828571428572,0.1929733333333333,0.08367333333333334,0.12696000000000002,0.19218000000000002,0.111524,0.08006727272727272
2023-09-08,0.07390133333333333,0.07096777777777777,0.1781435,0.2701097777777778,-0.18949333333333335,0.18894,0.04648000000000001,0.02266666666666667,0.14306831944444445,0.27001
2023-09-11,0.14083466666666666,0.17325027777777782,0.1417114285714286,0.09885690476190474,0.261324,0.05507666666666666,0.02453333333333333,0.20400000000000001,0.08128822066822067,0.14417666666666668
2023-09-12,0.006898333333333328,0.08220611111111112,0.10889055555555556,0.11406051282051281,0.125103,0.08976900000000002,0.16076,0.24696599999999996,0.21560957298136646,-0.12352666666666665
2023-09-13,0.03754666666666666,0.06304035714285713,0.10197066666666668,0.19236961904761904,-0.027570000000000004,0.11913566666666668,0.04019,-0.11438,0.05696589999999999,-0.02216
2023-09-14,0.020765,0.10820777777777776,0.09829861111111111,0.08673433333333333,0.08420000000000001,0.06337085714285715,0.018690000000000002,0.05325333333333333,0.35112238095238096,0.13178
2023-09-15,0.10732,0.031052380952380953,0.12299133333333334,0.165864,0.08180833333333333,0.09645999999999999,0.054779999999999995,0.04019,0.1817830462962963,0.21654
2023-09-18,-0.01023833333333333,0.2730741666666667,-0.014567999999999992,0.027317619047619052,-0.00017933333333333413,0.07818666666666667,-0.043005,0.2822766666666666,-0.009784778225806447,0.16271
2023-09-19,0.09223333333333335,0.08809961038961038,0.05833422222222223,0.2803737777777778,0.08060133333333334,0.0929961111111111,0.075596,0.10936000000000001,0.1602160895656068,0.06950666666666667
2023-09-20,0.04388,0.11061783333333335,0.04518965384615385,0.06496142857142857,0.04774,0.12225190476190476,0.0,0.22264,0.10251416666666666,0.22810000000000002
2023-09-21,0.11850999999999998,-0.082029,9.350649350649276e-05,0.06515333333333334,-0.13954499999999997,0.06204888888888889,0.02023,0.34655,0.05181746031746032,0.06931666666666667
2023-09-22,0.03967666666666667,0.03788380952380952,0.14600333333333332,0.07937,0.1323266666666667,0.12824204761904762,0.10848,0.17091666666666666,0.19356929166666664,0.01845333333333332
2023-09-25,0.017471999999999998,0.14943766666666666,0.21482349999999997,-0.002622000000000002,-0.0707025,0.2089666666666667,0.05106000000000001,0.036140000000000005,0.09927849206349207,-0.01027
2023-09-26,-0.023808000000000017,0.07754801190476192,0.15620107142857145,0.09793866666666669,0.07247333333333338,0.14990333333333333,-0.0846,0.08711666666666666,0.07650407203907203,0.14783333333333332
2023-09-27,0.15773333333333334,0.131094,0.1580538095238095,0.13594161904761906,0.14376666666666665,0.12809833333333334,0.02732,0.11614,0.07229428571428573,0.22532000000000002
2023-09-28,0.06364,-0.012613333333333334,0.12195466666666668,0.09228857142857141,0.14411666666666667,0.18887533333333334,0.11567333333333334,0.14150000000000001,0.13169413333333335,-0.007531333333333334
2023-09-29,0.08551914285714286,0.08948840293040294,0.14097999999999997,0.1556071428571429,0.1254,0.05045142857142857,0.15347,0.27696,0.014730666666666678,0.09138444444444445
2023-10-02,0.32593000000000005,0.16852887719298243,0.21495066666666665,0.20885166666666666,0.12640500000000002,0.13183166666666668,0.0,0.12738,0.08306324675324675,0.4903720000000001
2023-10-03,0.264206,0.1416308831168831,0.21752761904761905,0.17364866666666667,0.05876333333333335,0.13857195238095238,0.18959,0.30891,0.2007124855144855,0.21872904761904763
2023-10-04,0.022510000000000006,0.36854200000000004,0.235757,0.15118005555555555,0.19297,0.10146866666666668,0.15769142857142857,0.16413,0.2419584188034188,0.18224500000000002
2023-10-05,0.09195285714285714,0.11470916666666667,0.19136745454545454,0.08303666666666668,0.12247999999999999,0.052368333333333336,-0.0065400000000000015,0.06791,0.08288796923076923,0.10316666666666667
2023-10-06,0.018113333333333335,0.16242583333333335,0.20503251282051282,0.08971971428571428,-0.02732,0.099449,0.09684666666666666,0.16680999999999999,0.19214897435897432,0.17467166666666667
2023-10-09,0.078045,0.06947696969696968,0.06940646153846154,0.13679833333333333,0.11433466666666665,0.005796666666666672,0.09156,0.14984000000000003,0.055070769230769236,0.136568
2023-10-10,0.16567333333333337,0.05832021428571429,-0.1429298831168831,0.14637065934065935,0.3487233333333334,-0.03181133333333334,0.010519999999999996,0.13065,0.1259139681020734,0.004685000000000002
2023-10-11,0.129766,0.1836093650793651,0.10431422222222222,-0.030226190476190472,-5.6000000000000494e-05,0.11699650793650795,0.0,0.12425000000000001,0.13123307692307692,0.16906
2023-10-12,0.046494999999999995,0.058203500000000005,0.09017753623188407,0.020823714285714286,0.03917785714285714,0.1873086666666667,0.12166666666666666,0.0,0.18174037614237612,0.043239999999999994
2023-10-13,0.08808333333333332,0.09606790476190476,0.264472,0.07636921212121212,0.06694857142857144,0.1478958333333333,0.12335,0.33874666666666664,0.09079593333333333,0.07370499999999999
2023-10-16,0.0125,0.05699309523809524,-0.011062666666666676,-0.018406725490196073,0.038930000000000006,0.031509999999999996,0.10563666666666667,0.10533999999999999,0.16645828571428573,0.4445333333333334
2023-10-17,0.016153333333333332,0.1607821111111111,0.16057222222222223,0.041931600000000006,0.03101200000000002,0.07817066666666668,0.12770499999999999,0.109209,0.14096538095238093,0.05756
2023-10-18,-0.0256,0.0683311111111111,0.08578028571428571,0.15135962962962962,0.138425,0.029589999999999998,0.07751333333333335,-0.06383000000000001,0.07524467210807767,0.16008666666666665
2023-10-19,0.04229666666666666,0.0911630303030303,-0.04752713675213676,0.023192812107247586,0.10263045454545454,0.04653035714285715,-0.09784666666666667,0.11303,0.04115320810971974,0.051954999999999994
2023-10-20,0.22495629629629627,0.04785849206349206,0.18488886363636364,0.07192066666666669,0.21859714285714288,0.08238035714285714,0.048395,0.0033491428571428505,0.11662679487179486,0.08502000000000001
2023-10-23,0.07577939393939392,0.09656666666666666,0.033544862155388475,0.09365933333333333,0.10597214285714288,-0.0023103333333333365,-0.08038,0.23720999999999998,0.12302640096618359,0.07499
2023-10-24,0.01683,0.1480585576923077,0.015654545454545456,0.030587857142857146,0.08866900000000001,0.18046871794871794,0.09567333333333335,0.12402000000000002,0.13968819444444444,-0.06622
2023-10-25,0.06614809523809524,0.07639683333333333,0.16112071428571428,0.10446,0.118175,0.21054608695652174,0.0726475,0.21791999999999997,0.1718358341658342,-0.001495000000000002
2023-10-26,0.10521004761904762,-0.018668333333333318,0.11159015151515153,0.13276666666666667,0.06387666666666666,0.07482166666666666,0.12247999999999999,0.09633,0.15566983918128657,0.08748666666666667
2023-10-27,0.14340042735042732,0.05937633333333333,0.059366886446886445,0.176184,0.18496666666666667,0.0673647619047619,0.1316025,0.0252875,0.11379068907563025,0.2806598571428572
2023-10-30,-0.08739066666666667,0.11859000000000001,0.08344206896551724,0.063675,0.12304936363636365,-0.08440133333333333,0.00772,0.074895,0.18725419017763847,0.18250095238095237
2023-10-31,0.07349333333333333,0.10734427350427352,0.0561368686868687,0.08224333333333333,0.04355733333333334,0.13820923076923078,0.16892000000000001,0.23247672727272728,0.03933752980352981,0.033755
2023-11-01,0.10324799999999998,0.13327566666666665,0.10854921428571429,0.06587833333333333,0.09255774561403508,0.09792190476190477,0.0,0.08741000000000002,0.11477004174573055,0.05272400000000001
2023-11-02,0.06275333333333334,0.15182860317460317,0.18084055555555556,0.061814999999999995,0.04090866666666667,0.12492999999999999,0.221952,0.04082666666666667,0.0954018426501035,0.035853333333333334
2023-11-03,0.04729833333333333,0.10630711111111113,0.06592258823529411,0.182036,0.0820775641025641,0.18584833333333334,0.07837,0.15841333333333335,0.18314951111111108,0.1673585396825397
2023-11-06,0.1055,0.07733019047619047,0.137735,0.20951,0.06201428571428571,-0.016406666666666663,0.10913999999999999,0.035750000000000004,0.14696466666666666,0.02337428571428571
2023-11-07,0.053104,0.05247298412698413,0.14513076190476187,0.03397111111111112,0.11913733333333332,0.13376266666666667,0.13584000000000002,0.06939000000000001,0.17298536363636363,0.167535
2023-11-08,0.14963999999999997,0.18668244444444443,0.18816583333333334,0.09520333333333333,0.08648444444444445,0.06663733333333334,0.017099999999999997,0.17112,0.3440489898989899,0.19397999999999999
2023-11-09,0.11595466666666665,0.01963564102564102,0.10392050000000001,0.016126428571428573,0.04333,0.09008666666666668,0.00516,-0.04704,0.04945816666666667,0.088444
2023-11-10,0.2809704761904762,0.133251798245614,0.08788975757575758,0.031095555555555553,0.14543830303030303,0.18129,0.00129,0.149005,0.2358506666666667,0.19117499999999998
2023-11-13,0.071004,0.1389518787878788,0.09194380952380951,0.12510833333333332,-0.011329333333333335,0.05353,-0.010600000000000009,-0.0712,0.24779168840579707,0.156945
2023-11-14,0.1282,0.1575281739130435,0.18756133333333333,-0.13721968831168835,0.12200555555555556,0.0125175,0.03222666666666667,0.127965,0.16490440211640212,0.07548666666666667
2023-11-15,0.0,0.08768266666666666,0.23780400000000004,0.09372428571428572,0.080059,0.05795300000000001,0.12562666666666666,0.09632,0.26826717554858936,0.15672000000000003
2023-11-16,0.16599999999999998,0.1546471794871795,0.08161,0.09911666666666667,0.15714,0.10552095238095238,0.2202,0.1358,0.07499481962481963,0.0
2023-11-17,0.004453333333333335,0.021418857142857135,-0.0866275,0.04119166666666666,0.02616,0.13330599999999998,0.04019,0.062484000000000005,0.11446924603174605,0.27993999999999997
2023-11-20,0.0,0.08490333333333333,0.14760190476190477,0.117218,0.06626333333333334,0.21380249999999998,0.19308,-0.0035449999999999995,0.13920559999999998,0.11306000000000001
2023-11-21,0.046685000000000004,0.042926337662337666,0.037435,0.02975,0.171025,-0.0017966666666666743,0.23261000000000004,0.07718666666666667,0.2062957092198582,0.02732
2023-11-22,0.04220999999999999,0.032302166666666667,0.1432664285714286,0.075168,0.07788600000000001,0.08501333333333334,0.0,0.10972,0.13417788011695905,0.026019999999999998
2023-11-24,-0.02448533333333332,0.011287272727272729,0.09723428571428572,-0.08744933333333334,0.12618000000000001,0.15327833333333332,0.11096666666666666,-0.01461333333333333,0.09295460784313728,0.127844
2023-11-27,0.07722666666666667,-0.06559355555555554,0.12080000000000002,0.04751427777777778,0.038858,0.15086772727272726,0.026334999999999997,0.02023,0.10754170033670032,0.14172
2023-11-28,0.00028333333333333823,0.13043235714285717,0.12140533333333334,0.0899925,0.19468666666666667,0.03903,0.019906666666666663,0.05815025641025641,0.17230810457516338,0.094855
2023-11-29,0.07564599999999999,0.0994195,-0.025393,0.08604266666666667,0.08916666666666666,0.021573749999999996,0.11948666666666666,0.08253333333333332,0.16176678571428574,0.05464
2023-11-30,0.038913333333333334,0.07983321428571429,0.05553583333333334,0.07807800000000001,0.09941833333333334,0.11957333333333335,0.07973,0.09998266666666666,0.20310357142857138,0.106975
2023-12-01,0.19063999999999998,0.024959444444444447,0.13505333333333333,0.13476333333333332,0.08356166666666667,0.08169,0.08038,0.08189,0.08213699999999999,0.20907333333333336
2023-12-04,0.064815,0.14960428571428572,0.0,-0.021476000000000002,0.0,0.0364125,0.12362999999999999,0.077232,0.07004760784313724,0.16358
2023-12-05,0.08354933333333334,0.08154409090909091,0.022403333333333334,0.07669261111111111,0.063808,0.1330738095238095,0.0,0.16784,0.17558411764705883,0.22262000000000004
2023-12-06,0.0856048717948718,0.13501333333333335,-0.0012753333333333325,0.10464583333333333,0.1391,-0.06629,0.0,0.11969,0.15453813725490195,0.12248
2023-12-07,0.051855000000000005,0.06846177777777777,0.23260824175824174,-0.015111666666666666,0.17862583333333332,0.06616533333333334,0.08038,0.11787666666666663,0.18465088888888886,0.14138666666666666
2023-12-08,0.05658166666666666,0.27937333333333336,-0.049162,0.07356666666666667,0.13630836363636364,-0.054916666666666655,0.01587499999999999,0.06600000000000002,0.10266650476190475,0.16547499999999998
2023-12-11,0.06278999999999998,-0.015177000000000001,0.11883714285714286,0.06434500000000001,0.04376733333333334,0.022073333333333334,0.17374,0.059199999999999996,0.1811331181399246,0.02732
2023-12-12,0.08932571428571427,0.1371493145743146,0.11960247631975866,0.09806392857142858,0.17471797979797982,0.08081247619047618,0.14307333333333333,0.06682333333333333,0.12338530612244898,0.10922800000000002
2023-12-13,0.13960793650793651,0.06663666666666668,0.03278153846153846,0.17618836363636364,0.062725,0.24736833333333333,-0.04887999999999999,0.08254333333333334,0.0967335,0.06729
2023-12-14,0.174338,0.06228600000000001,0.13694,0.11768944444444444,0.023511666666666674,0.14791819047619045,0.23133333333333334,0.23891,0.1724762745098039,0.08859500000000001
2023-12-15,0.19019333333333335,0.07650533333333334,0.09545666666666666,0.007178666666666668,0.09551,0.067825,0.0,0.05117199999999998,0.144896,0.14246799999999998
2023-12-18,-0.010206666666666668,0.08664666666666668,0.0034507692307692295,0.13483085714285714,0.0,0.029599999999999998,-0.05464,0.01609,0.10970402020202019,0.050506666666666665
2023-12-19,0.23851742857142857,0.06994533333333333,0.10588714285714287,0.08634,0.16035694871794873,0.23579380952380952,-0.10235000000000001,0.147175,0.11164903061224489,0.08196
2023-12-20,0.0,0.0,0.0,0.0,0.0,0.0,0.0,0.0,0.029563333333333337,0.0
2023-12-21,0.0,0.0,0.0,0.0,0.0,0.0,0.0,0.0,-0.002587999999999999,0.0
2023-12-22,0.0,0.0,0.0,0.0,0.0,0.0,0.0,0.0,0.0214675,0.0
2023-12-26,0.0,0.0,0.0,0.0,0.0,0.0,0.0,0.0,0.019068,0.0
2023-12-27,0.0,0.0,0.0,0.0,0.0,0.0,0.0,0.0,0.042546,0.0
2023-12-28,0.0,0.0,0.0,0.0,0.0,0.0,0.0,0.0,0.036335,0.0
2023-12-29,0.0,0.0,0.0,0.0,0.0,0.0,0.0,0.0,0.017030000000000003,0.0
